S0100000566F7465723242322E737265635E
S31508000000000008245D960008A18A0008A38A000853
S31508000010A58A0008A78A0008A98A00080000000027
S31508000020000000000000000000000000512D0190B3
S31508000030AB8A000800000000E12D0190452E0190D2
S31508000040AD960008AD960008AD960008AD96000876
S31508000050AD960008AD960008AD960008AD96000866
S31508000060AD960008AD960008AD960008B18A00085E
S31508000070C98A0008E18A0008F98A0008218B000865
S31508000080398B0008518B0008AD960008AD9600081C
S31508000090AD960008AD960008AD960008AD96000826
S315080000A0AD960008AD960008AD960008AD96000816
S315080000B0698B0008AD960008AD960008918B00087C
S315080000C0AD960008AD960008AD960008AD960008F6
S315080000D0A98B0008C18B0008AD960008D98B0008CB
S315080000E0AD960008AD96000800000000AD96000821
S315080000F0AD960008AD960008AD960008E98B000895
S31508000100AD960008AD960008AD960008018C00086B
S31508000110198C0008AD960008AD960008318C0008C9
S31508000120598C0008718C0008898C0008A18C00087D
S31508000130B98C0008D18C0008E98C0008AD96000837
S3150800014000000000000000000000000000000000A1
S31508000150F18C0008098D0008218D0008AD9600086D
S31508000160AD960008AD960008AD960008AD96000855
S31508000170AD960008AD960008AD960008AD96000845
S31508000180AD960008AD960008398D0008518D000817
S31508000190AD960008AD960008AD960008AD96000825
S315080001A0AD960008AD960008AD960008AD96000815
S315080001B0AD960008AD960008AD960008AD96000805
S315080001C0AD960008AD960008AD960008AD960008F5
S315080001D0AD960008AD960008AD960008AD960008E5
S315080001E0AD960008AD960008AD960008AD960008D5
S315080001F0AD960008AD960008AD960008AD960008C5
S31508000200AD960008AD960008AD960008AD960008B4
S31508000210AD960008AD960008AD960008AD960008A4
S31508000220AD960008AD960008AD96000800000000DF
S31508000230AD960008AD96000800000000AD960008CF
S31508000240AD960008AD960008AD960008AD96000874
S31508000250AD960008AD960008AD960008AD96000864
S31508000260AD960008AD960008AD960008AD96000854
S31508000270AD960008AD960008AD960008000000008F
S31508000280AD960008AD960008AD960008000000007F
S30D0800029000000000AD9600080D
S31508000298F8B500BFF8BC08BC9E467047F8B500BF5D
S30D080002A8F8BC08BC9E4670472D
S315080002B010B5054C237833B9044B13B10448AFF392
S315080002C000800123237010BDB80D00240000000033
S315080002D09802000808B5034B1BB103490348AFF35E
S315080002E0008008BD00000000BC0D0024980200082C
S315080002F010F8012B11F8013B012A28BF9A42F7D0C2
S31508000300D01A7047034613F8012B002AFBD1181A96
S3150800031001387047000000000000000000000000DF
S3150800032001F0FF01102A2BDB10F0070F08D010F898
S31508000330013B013A8B422DD010F0070F42B3F6D19C
S31508000340F0B441EA012141EA014122F007047FF0B5
S3150800035000070023F0E80256083C85EA010586EA0C
S31508000360010685FA47F5A3FA87F586FA47F6A5FA48
S3150800037087F68EB9EED1F0BC01F0FF0102F0070254
S3150800038032B110F8013B013A83EA010313B1F8D1FF
S315080003900020704701387047002D06BF35460338E0
S315080003A0073815F0010F07D1013015F4807F02BF19
S315080003B0013015F4C03F0130F0BC0138704700BF6A
S315080003C081F0004102E000BF83F0004330B54FEAF8
S315080003D041044FEA430594EA050F08BF90EA020F65
S315080003E01FBF54EA000C55EA020C7FEA645C7FEAF8
S315080003F0655C00F0E2804FEA5454D4EB5555B8BF1B
S315080004006D420CDD2C4480EA020281EA030382EA8B
S31508000410000083EA010180EA020281EA0303362D1D
S3150800042088BF30BD11F0004F4FEA01314FF4801CF0
S315080004304CEA113102D0404261EB410113F0004F02
S315080004404FEA03334CEA133302D0524263EB4303B9
S3150800045094EA050F00F0A780A4F10104D5F1200E57
S315080004600DDB02FA0EFC22FA05F2801841F10001B2
S3150800047003FA0EF2801843FA05F359410EE0A5F186
S3150800048020050EF1200E012A03FA0EFC28BF4CF0B7
S31508000490020C43FA05F3C01851EBE37101F000456D
S315080004A007D54FF0000EDCF1000C7EEB00006EEB7A
S315080004B00101B1F5801F1BD3B1F5001F0CD3490804
S315080004C05FEA30004FEA3C0C04F101044FEA44525B
S315080004D012F5800F80F09A80BCF1004F08BF5FEAE2
S315080004E0500C50F1000041EB045141EA050130BDC2
S315080004F05FEA4C0C404141EB0101013C28BFB1F5D4
S31508000500801FE9D291F0000F04BF01460020B1FA1E
S3150800051081F308BF2033A3F10B03B3F120020CDAF1
S315080005200C3208DD02F1140CC2F10C0201FA0CF0CF
S3150800053021FA02F10CE002F11402D8BFC2F1200C34
S3150800054001FA02F120FA0CFCDCBF41EA0C019040EA
S31508000550E41AA2BF01EB0451294330BD6FEA040433
S315080005601F3C1CDA0C340EDC04F11404C4F120021E
S3150800057020FA04F001FA02F340EA030021FA04F330
S3150800058045EA030130BDC4F10C04C4F1200220FA87
S3150800059002F001FA04F340EA0300294630BD21FAC5
S315080005A004F0294630BD94F0000F83F4801306BF8B
S315080005B081F480110134013D4EE77FEA645C18BF7F
S315080005C07FEA655C29D094EA050F08BF90EA020F16
S315080005D005D054EA000C04BF1946104630BD91EA0E
S315080005E0030F1EBF0021002030BD5FEA545C05D111
S315080005F04000494128BF41F0004130BD14F5800450
S315080006003CBF01F5801130BD01F0004545F0FE41C3
S3150800061041F470014FF0000030BD7FEA645C1ABFF8
S31508000620194610467FEA655C1CBF0B46024650EA2F
S31508000630013406BF52EA033591EA030F41F400215B
S3150800064030BD00BF90F0000F04BF0021704730B5E1
S315080006504FF4806404F132044FF000054FF00001B6
S3150800066050E700BF90F0000F04BF0021704730B577
S315080006704FF4806404F1320410F0004548BF40424C
S315080006804FF000013EE700BF42004FEAE2014FEAA1
S3150800069031014FEA02701FBF12F07F4393F07F4F7C
S315080006A081F06051704732F07F4208BF704793F07F
S315080006B07F4F04BF41F40021704730B54FF4607492
S315080006C001F0004521F000411CE700BF50EA010295
S315080006D008BF704730B54FF000050AE050EA01023E
S315080006E008BF704730B511F0004502D5404261EBAE
S315080006F041014FF4806404F132045FEA915C3FF4EF
S31508000700D8AE4FF003025FEADC0C18BF03325FEA8B
S31508000710DC0C18BF033202EBDC02C2F1200300FA3C
S3150800072003FC20FA02F001FA03FE40EA0E0021FA61
S3150800073002F11444BDE600BF7BB972B90029BEBFF9
S3150800074000204FF0004106E008BF00281CBF6FF0EC
S3150800075000414FF0FF3000F0F3B9ADF1080C6DE938
S3150800076004CE002909DB002B1ADB00F06DF8DDF852
S3150800077004E0DDE9022304B07047404261EB410121
S31508000780002B1BDB00F060F8DDF804E0DDE902234E
S3150800079004B0404261EB4101524263EB43037047A8
S315080007A0524263EB430300F04FF8DDF804E0DDE95D
S315080007B0022304B0404261EB41017047524263EBA9
S315080007C0430300F041F8DDF804E0DDE9022304B054
S315080007D0524263EB4303704753B94AB9002908BF2D
S315080007E000281CBF4FF0FF314FF0FF3000F0A8B9CA
S315080007F0ADF1080C6DE904CE00F026F8DDF804E04A
S31508000800DDE9022304B070479FED0B6B41EC170B33
S315080008109FED0B5B27EE066BBCEEC66BB8EE464B40
S31508000820A4EE457BFCEEC77B16EE101A17EE900A6F
S31508000830704700BFAFF30080000000000000F03DE5
S31508000840000000000000F0412DE9F047089D8E46A3
S3150800085004468846002B4AD18A42174662D9B2FA1C
S3150800086082F64EB1C6F1200301FA06F820FA03F320
S31508000870B74043EA0808B4404FEA174E1FFA87FC08
S31508000880B8FBFEF1230C0EFB118843EA084301FB73
S315080008900CF29A4209D9FB1801F1FF3080F0EA8080
S315080008A09A4240F2E78002393B449A1AA3B2B2FB55
S315080008B0FEF00EFB102243EA024300FB0CFC9C45AB
S315080008C009D9FB1800F1FF3280F0D6809C4540F22A
S315080008D0D3803B44023840EA0140A3EB0C030021D5
S315080008E01DB1F3400022C5E90032BDE8F0878B420E
S315080008F005D90DB1C5E9000100210846F5E7B3FAA7
S3150800090083F1002946D1734502D3824200F205815C
S31508000910841A6EEB030201209046002DE5D0C5E946
S315080009200048E2E7002A00F09080B2FA82F6002E2C
S3150800093040F0A4808A1A030C4FEA174E80B2BCB264
S315080009400121B2FBFEFC0EFB1C2243EA024304FB18
S315080009500CF29A4207D9FB180CF1FF3802D29A42D8
S3150800096000F2E080C4469B1AB3FBFEF20EFB12337C
S3150800097040EA034302FB04F49C4207D9FB1802F140
S31508000980FF3002D29C4200F2CA8002461B1B42EA92
S315080009900C40A5E7C1F120068B4022FA06F71F4353
S315080009A00EFA01F420FA06F32EFA06FE4FEA174964
S315080009B0234300FA01F81FFA87FCBEFBF9F01C0C6A
S315080009C009FB10EE44EA0E4400FB0CFEA64502FAAB
S315080009D001F209D93C1900F1FF3A80F09C80A6453E
S315080009E040F2998002383C44A4EB0E041FFA83FEB9
S315080009F0B4FBF9F309FB13444EEA044403FB0CFC6D
S31508000A00A44508D93C1903F1FF3E80F08280A4452D
S31508000A107FD9023B3C4443EA0040A4EB0C04A0FB0C
S31508000A2002EC64457346E14662D35FD05DB1B8EB2C
S31508000A30030264EB090404FA06F622FA01F31E43DC
S31508000A40CC40C5E9006400214FE7B1FBF2FC010C7C
S31508000A5041EA0E4180B240EA01423B4638463C46EE
S31508000A60B846BE462026B1FBF7F1A2EB080241EADA
S31508000A700C4166E7014618E710462CE7C6F1200246
S31508000A802EFA02F3B740B14020FA02F24FEA174EA7
S31508000A900A43B3FBFEF8BCB20EFB1833110C41EA4D
S31508000AA0034108FB04F9B04089454FEA104380B278
S31508000AB03ED9791808F1FF3C01D289451FD8A1EB28
S31508000AC00901B1FBFEF909FB04F80EFB191192B2F4
S31508000AD042EA0142424529D2BA1809F1FF31C4D285
S31508000AE04245C2D2A9F102013A44BEE7F0459DD279
S31508000AF0BEEB02036CEB070C0138E14696E7A7EB61
S31508000B0009094944A8F1020CB1FBFEF909FB04F8EE
S31508000B10DBE773467FE7504666E70846FDE63B4453
S31508000B20023A33E7ACF1020C3B441CE749469CE722
S31508000B30A1EB0901C446B1FBFEF909FB04F8C4E7B9
S30908000B40704700BF2D
S30708000B447047EA
S31508000B4810B50022064C4FF400631146204600F003
S31508000B580BF820460021BDE8104000F009B800BF90
S31508000B6848720024000000005FF800F047EC019086
S30D08000B785FF800F0F1EB0190B3
S31508000B8010B5074C10214FF400630022204600F0F0
S31508000B900FF820461021BDE8104000F005B800BF48
S31508000BA048720024000000005FF800F0F1EB0190A5
S30D08000BB05FF800F047EC019024
S31508000BB8054A064B518C928C196000219A60FF22CF
S31508000BC85960DA60704700BF7824002400000024C2
S31508000BD810B50021484800F0ABF80121464800F056
S31508000BE8A7F8464C0021464800F0A2F801214448D7
S31508000BF800F09EF86379012B26D00123A0682268A5
S31508000C08637102233C4923713E4BC3633E4B03641D
S31508000C183E4BC364136843F480531360136843F464
S31508000C28005342F8203B4FF4A07300F07DF80023E8
S31508000C386371002853D123681A6842F001021A60C2
S31508000C481A6842F480321A60314C4FF4A07231495E
S31508000C58314800F071F805223049204600F06CF852
S31508000C68E36C2F4A1B6893422DD0183293422AD038
S31508000C781832934227D01832934224D01832934216
S31508000C8821D0183293421ED0183293421BD01832FC
S31508000C98934218D002F55672934214D018329342EA
S31508000CA811D0183293420ED0183293420BD018320C
S31508000CB8934208D01832934205D01832934202D08C
S31508000CC81832934210D11A6822F010021A601A686C
S31508000CD822F008021A60BDE81040FFF769BF2369C9
S31508000CE843F004032361AFE71A6822F002021A6088
S31508000CF81A6822F00402EDE70CD000304872002486
S31508000D088CD2003071EC019081EC01908DEC019049
S31508000D18D47300240CD500303874002400D0003071
S31508000D2810000240000000005FF800F051F501903D
S31508000D385FF800F0D50E00005FF800F065E2019054
S31508000D480C4A014608B55088012913880344908837
S31508000D580344D0881289034413444FF00502B3FBB1
S31508000D68F2F398B205D102220349184605F0E6FAC5
S31108000D7880B208BD00D000300000002446
S31508000D88044B834205D1044B04481B68996B00F051
S31508000D9807B8704738740024086E00244CD600300B
S30D08000DA85FF800F0050A0000DF
S31508000DB0044B834205D1044B04481B68996B00F029
S31508000DC007B8704738740024086E00240CD5003024
S30D08000DD05FF800F0050A0000B7
S31508000DD8044B834205D1044B04481B68996B00F001
S31508000DE807B8704748720024086E00248CD2003071
S30D08000DF85FF800F00513000086
S31508000E00044B834205D1044B04481B68996B00F0D8
S31508000E1007B8704748720024086E00240CD00030CA
S30D08000E205FF800F0051300005D
S31508000E28F0B585B0002309220A2701AC019363604F
S31508000E38C4F80730002918BF1346B1FBF7F607FBB5
S31508000E48161531463035A554013AF3D1E11809F09B
S30B08000E583BFD05B0F0BDEC
S31508000E6030B58BB00446282200216846224D09F089
S31508000E7027FD002C3AD1214968460AF0A4FB2969C6
S31508000E806846FFF7D1FF1E49684609F021FD1D4C4B
S31508000E9069691D4803F0FCF969461C4800F040F8EA
S31508000EA02146686900F04CF8012223466846114637
S31508000EB000F03AF8204600F03FF8154B18602389F1
S31508000EC01048012B1CBF0623638100F03DF8638997
S31508000ED04BB90C4800F02CF8638923B90D4A136006
S31508000EE001220D4B1A6000200BB030BD2822214686
S31508000EF0684605F01DFACAE778240024E0A10290A6
S31508000F00EDA10290DC0D0024B3030390F2A1029038
S31508000F10D80D0024D40D0024781400240000000005
S31508000F205FF800F0596C02905FF800F03194029077
S31508000F305FF800F0159602905FF800F0C1940290F1
S31508000F405FF800F0D99302905FF800F009970290D5
S31508000F5070B5134D134E2B683268934204DA124A61
S31508000F60D05C01332B6009E0B2F5007F07DA002474
S31508000F700E4B0F481C6000F01FF8204670BD0C4C45
S31508000F80204600F021F83060204600F019F8638901
S31508000F9013B9204600F01CF8064B18790123E1E73F
S31508000FA0D40D0024D80D0024E0240024781400244D
S31508000FB0DC0D0024DC2400245FF800F0ED96029096
S31508000FC05FF800F0099702905FF800F0C19402906C
S30D08000FD05FF800F01596029087
S31508000FD81FB5D3B204460293C2F307230193C2F39B
S31508000FE807430093130E0A46044909F097FB20465F
S31508000FF804B0BDE81040FFF781B900BF06A2029009
S3150800100810B5044613460A46034909F087FB2046E5
S31108001018BDE81040FFF772B91EA2029056
S3150800102438B50C2504466A439B580A46034909F011
S3150800103477FB2046BDE83840FFF762B929A202903B
S3150800104410B5044613460A46034909F069FB2046C7
S31108001054BDE81040FFF754B929A202902D
S315080010602DE9F04F9FB018220021044601A809F087
S3150800107027FC2822002107A809F022FC3222002199
S3150800108011A809F01DFCA64BD3F80090B9F1000F82
S3150800109006D1A44800F08CF948461FB0BDE8F08F89
S315080010A0A14E002C4FD1A14907A80AF08CFA316944
S315080010B007A8FFF7B9FE9E4907A809F009FC716958
S315080010C09C4803F0E5F807A99B4800F071F901A9C7
S315080010D0706900F071F901AB0122022107A800F03E
S315080010E063F901A800F070F9BDF80C3013B10623B6
S315080010F0ADF80E30002501A800F052F9A8462F4693
S31508001100AA46A946BDF80E3013B9B8F1000F20D08B
S31508001110394601A800F05CF901A800F055F901A8C4
S3150800112000F03EF9B7F5007F09D1002101A800F0CB
S315080011304FF901A800F048F901A800F031F901A813
S3150800114000F03EF9A8E72822214607A805F0F0F89E
S31508001150B5E7122D00F2BE80DFE805F00A222A3232
S315080011603A424A545C646C767E86909AA1ABB20089
S31508001170326811A87149A846FFF72EFF01250446D3
S3150800118007EB040B381D6E4BA144BBF5007F1844D2
S3150800119080F2A480224611A95F460AF01CFAB1E73C
S315080011A0726811A867490225FFF716FF0446E7E7A4
S315080011B0B26811A864490325FFF70EFF0446DFE766
S315080011C0F26811A861490425FFF706FF0446D7E728
S315080011D0726911A85E490525FFF7FEFE0446CFE7AA
S315080011E0B26911A85B490625FFF70EFF0446C7E753
S315080011F0594B11A896F8312007255849FFF712FFD1
S315080012000446BDE7564A11A856490825FFF71AFFAE
S315080012100446B5E7544A11A854490925FFF712FFB1
S315080012200446ADE7524A11A852490A25FFF70AFFB4
S315080012300446A5E7504B11A896F82F200B254F49D1
S31508001240FFF7F0FE04469BE7F28B11A84C490C25E4
S31508001250FFF7DAFE044693E7328C11A849490D25B3
S31508001260FFF7D2FE04468BE7474B11A896F83220C3
S315080012700E254649FFF7D6FE044681E7444B11A8DA
S3150800128096F833200F254349FFF7CCFE044677E747
S31508001290012111A808F05CF91025044670E7002121
S315080012A011A808F055F9041E04BF4FF000081125CF
S315080012B066E7012111A800F09FFF122504465FE7A3
S315080012C0002111A800F098FF041E04BF4FF0000883
S315080012D0132555E700244FF0010851E7C7F50077B5
S315080012E011A90AF1010A3A46A4EB070B0AF073F9A9
S315080012F04FF4007101A800F06BF801A800F064F83B
S31508001300BDF80C3001A853451CBF0623ADF80E30B6
S3150800131000F046F811AB5A461F48D9193CE700BFFA
S315080013208014002434A2029078240024E0A10290BC
S31508001330EDA10290B303039068A2029080A20290E6
S31508001340DC2400248BA2029096A20290A1A202900D
S31508001350ADA20290B6A20290C8060024BEA20290D0
S31508001360AC240024C6A20290BC240024CFA202907A
S31508001370CC240024D7A20290A4060024DEA2029060
S31508001380E7A20290EFA202905C060024F8A202905F
S3150800139020060024FFA20290E0240024000000009A
S315080013A05FF800F0099702905FF800F03194029018
S315080013B05FF800F0596C02905FF800F0D99302903C
S315080013C05FF800F0ED9602905FF800F0C194029085
S30D080013D05FF800F0399602905F
S315080013D8084BF02283F8232000229A600649074B17
S315080013E8D9634FF0E023064959619A6107221A61C1
S315080013F8704700BF00ED00E0290600000000000065
S30908001408FFC3090007
S3150800140C10B40D4B1B24DC604C1E1C610B4C5C6130
S3150800141C9861BFF34F8F0AE0074B9B6813F0060FD2
S3150800142CFAD0054B93F8203002F8013B0139002914
S3150800143CF2D15DF8044B70470050005203250005A5
S3150800144C10B5002407E022464FF480712046FFF7BA
S3130800145CD7FF04F58074B4F5803FF4D310BDB5
S3150800146C07E0064BDB6913F0400FFAD0034B9A6280
S3150800147C01300278002AF4D1704700BF00100140F1
S3150800148C00B583B000230193030903F130028DF8EC
S3150800149C0420392A02D957338DF8043000F00F008E
S315080014AC00F130038DF80530392B02D957308DF8F9
S315080014BC050020238DF8063001A8FFF7D1FF03B0ED
S309080014CC5DF804FBBA
S315080014D010B483B00468019401FA03FC019921EA67
S315080014E00C0101919A40019B1A430192019B0360EA
S30D080014F003B05DF8044B7047D8
S315080014F808B50823012211460848FFF7E5FF084BF7
S31508001508CA225A6253225A621C23012211460548E6
S31508001518FFF7DAFFBFF34F8F08BD00BF0048025830
S30D0800152800400058E044025897
S3150800153008B51223022203211148FFF7C9FF042325
S3150800154007220F210F48FFF7C3FF03231A46072177
S315080015500D48FFF7BDFF0423012211460B48FFF78C
S31508001560B7FF0423002201210948FFF7B1FF094B01
S315080015700022DA624FF40B72DA6009221A6008BD9B
S31508001580000002582400025854440258F0440258F5
S30D080015909844025800100140BE
S3150800159808B514232A223F211848FFF795FF082380
S315080015A840F2666240F6FF711548FFF78DFF14236F
S315080015B83F2211461348FFF787FF1C230022032101
S315080015C81148FFF781FF0C23042207210F48FFF76C
S315080015D87BFF0F23012211460D48FFF775FF0D4BB8
S315080015E80D4A9A6001225A604FF480521A600B4AD3
S315080015F8DA6040F6F8729A6108BD00BF000802581A
S3150800160824080258080802584C44025850440258FC
S31508001618E8440258003C00400700072000004084C0
S3150800162820B14FF48032024B9A6170470122FAE7DB
S30908001638000C02583A
S3150800163C82B00021019140F6633303FB00F0084B9E
S3150800164C83FB0023C017C0EBA312019102E0019B98
S3150800165C01330193019B9342F9DB02B0704700BF3B
S3090800166CD34D6210DA
S3150800167010B5054C00231A4601212046FFF728FF1E
S3110800168040F6F873A36110BD003C004062
S3150800168CF8B505460C4616460120FFF7C7FF174F57
S3150800169C7C601123002203211548FFF713FF002352
S315080016AC012211463846FFF70DFF09230122114680
S315080016BC3846FFF707FF0AE00C4B5B6913F0020F7D
S315080016CCFAD015F8012B094B83F82020013C002C85
S315080016DCF2D1064B5B6913F0080FFAD016B1FFF777
S315080016ECC1FFF8BD0020FFF799FFF8E7003C004062
S309080016FC0C3C004054
S31508001700F8B505460C461646144F79601123022291
S3150800171003211348FFF7DCFE002301221146384651
S31508001720FFF7D6FE0923012211463846FFF7D0FEF9
S315080017300AE00A4B5B6913F0010FFAD0074B93F8DE
S31508001740303005F8013B013C002CF2D116B1FFF709
S315080017508FFFF8BD0020FFF767FFF8E7003C004061
S309080017600C3C0040EF
S3150800176410B582B000240194ADF8004066238DF8C4
S3150800177404302246012101A8FFF786FF99238DF834
S3150800178404302246012101A8FFF77EFF1920FFF73E
S3150800179453FF90238DF80430012204210DEB010038
S315080017A4FFF772FF224602216846FFF7A7FF16488D
S315080017B4FFF75AFE9DF80000FFF766FE9DF8010044
S315080017C4FFF762FE9DF80030C22B0AD0C22B03D164
S315080017D49DF80130182B0FD00C48FFF745FE02B0D0
S315080017E410BD9DF80120152AF0D10948FFF73CFEE3
S315080017F4084B01221A60F2E70748FFF735FE054B46
S3150800180402221A60EBE700BFD0CE000804CF000816
S31108001814E4CE0008F80D0024F4CE00080D
S3150800182070B40E46039D10491B24CC605C1E0C61E7
S3150800183040EA020C0D484CEA0000486112F4406F79
S3150800184000D08E61BFF34F8F0AE0074A926812F004
S31508001850060FFAD0044A92F8202005F8012B013B1E
S31508001860002BF2D170BC70470050005200010005F1
S3150800187008B500231A461F211648FFF729FE00233C
S315080018801F2211461448FFF723FE142301220321C1
S315080018901248FFF71DFE0023012203211048FFF717
S315080018A017FE1223022203210E48FFF711FE042316
S315080018B000220F210C48FFF70BFE122303221146C4
S315080018C00A48FFF705FE1D23002207210848FFF7EF
S315080018D0FFFD08BD88440258E0440258001002582B
S315080018E0000C025800080258240802580808025832
S309080018F01044025838
S315080018F438B5344C0E23012211462046FFF7E6FD7F
S3150800190400234FF020124FF030112F48FFF7DEFD69
S31508001914082309220F212D48FFF7D8FD0823092299
S315080019240F212B48FFF7D2FD00234FF03012114642
S315080019342848FFF7CBFD16232A223F212648FFF71E
S31508001944C5FD0C2340F6991240F6FF712348FFF7AC
S31508001954BDFD16233F2211462148FFF7B7FD042390
S31508001964022203211F48FFF7B1FD082309220F218C
S315080019741D48FFF7ABFD0423032211461B48FFF756
S31508001984A5FD1B4D1C23002203212846FFF79EFDB7
S315080019940423032211462846FFF798FD0E23012245
S315080019A411461448FFF792FD0E2300220121204612
S315080019B4FFF78CFD104B4FF4A8125A600F4A1A60B1
S315080019C438BD00BF7C44025800040258200402585B
S315080019D42404025808040258000C0258240C02581D
S315080019E4080C025800100258201002580810025811
S315080019F44C440258D44402580050005201000004D2
S31508001A0410B50C4B02221A600A4B1B6813F0020F1E
S31508001A14FAD1084B9B6813F0200FFAD1054C002223
S31508001A242260042303210448FFF750FD034B236077
S31508001A3410BD00BF005000524C440258010000017A
S31508001A4482B00023019308E0019B01330193019AB4
S31508001A5440F603239A42F7DD0138002802DD002305
S30D08001A640193F4E702B0704794
S31508001A6C10B50E4B1B24DC60104340F48070586193
S31508001A7C12F4406F00D09961BFF34F8F0024074BC7
S31508001A8C9B6813F0200F07D00120FFF7D1FD013416
S31508001A9C42F210739C42F2DD10BD00BF005000529A
S31508001AAC30B585B005460024ADF80C4022462146D3
S31508001ABC6620FFF7D5FF224621469920FFF7D0FF6F
S31508001ACC1920FFF7B5FD03AB009302234FF4105210
S31508001ADC21469020FFF79EFE0DB905B030BD15487E
S31508001AECFFF7BEFC9DF80C00FFF7CAFC9DF80D002D
S31508001AFCFFF7C6FC9DF80C30C22B09D0C22B03D1BC
S31508001B0C9DF80D30182B0ED00B48FFF7A9FCE4E70F
S31508001B1C9DF80D20152AF1D10848FFF7A1FC084BB2
S31508001B2C01221A60D9E70748FFF79AFC044B0222F0
S31508001B3C1A60D2E710CF000804CF0008E4CE0008DC
S30D08001B4CF40D0024F4CE000894
S31508001B5808B5FFF7CDFC174B1A6DA3F12963A3F552
S31508001B685923A3F647439A4200D008BD114B0022D1
S31508001B781A65FFF779FEFFF7D7FCFFF709FDFFF7A8
S31508001B88B5FE0D48FFF76EFCFFF7E8FD0120FFF7E5
S31508001B9889FF0A4B1B6813B1094B1B681BB909480F
S31508001BA8FFF760FCFEE7FFF74DFCFFF711FC00F0B6
S31508001BB80BF8FEE70040005824CF0008F80D00246B
S31508001BC8F40D002440CF00085FF800F0BD020000BD
S31508001BD810B5144B1B24DC6040F00120586101390C
S31508001BE81961BFF34F8F08E00E4B9B6813F0040F7B
S31508001BF8FAD012F8011B0B4B19620A4B9B6813F0B3
S31508001C08020FF1D00024074B9B6813F0200F07D06A
S31508001C180120FFF70FFD013442F210739C42F2DDF2
S30D08001C2810BD00BF0050005278
S31508001C3008B5054B1B22DA60044A5A61BFF34F8F79
S31508001C400220FFF7FFFE08BD00500052EB2D180FCB
S31508001C5038B5104C104B114D04F10F001049C4E96A
S31508001C600035104BA3600023A381A37309F0ABFCD6
S31508001C700D4904F1190009F0A6FC0C4904F12900E4
S31508001C8009F0A1FC0A4904F1390009F09CFC094B4A
S31508001C901D6038BD88140024D002A8C000E1F505EF
S31508001CA085A90290E80383068FA9029098A9029055
S30D08001CB0A7A90290EC08002424
S31508001CB801380A280AD8DFE800F0060E161E221A86
S31508001CC826313B4512000A68234B1A60224B5A688C
S31508001CD8224B1A6070470A781F4B1A73F6E70A8868
S31508001CE81D4B5A81F2E70A881B4B1A81EEE70A68E8
S31508001CF8194B5A60EAE70A78174B9A73E6E70A789F
S31508001D08154B5A73E2E70A68134BC3F80F204A685B
S31508001D18C3F813200A89A3F81720D7E7104B01F14F
S31508001D28100251F8040B914243F8040BF9D1CDE798
S31508001D380C4B01F1100251F8040B914243F8040BBD
S31508001D48F9D1C3E7084B01F1280251F8040B91426F
S31508001D5843F8040BF9D1B9E788140024EC080024E1
S31108001D68A1140024B1140024C1140024A6
S31508001D74F7B5284D022204460A262B46114603F0D7
S31508001D8472FEAB1C204604220221102703F06BFEC8
S31508001D946B1C20460522022103F065FE2B1F2046F4
S31508001DA40322022103F040FEAB1E20460B22022129
S31508001DB403F03AFEA5F1080320460622022103F0A1
S31508001DC414FEA5F10C0320460122022103F00DFEA0
S31508001DD4EB1C204607220221009603F0E1FD05F1DB
S31508001DE40D03204608220221009703F0D9FD05F1C8
S31508001DF41D03204609220221009703F0D1FD28235A
S31508001E04324602210093204605F12D0303F0C8FD4E
S30D08001E1403B0F0BD941400248C
S31508001E207FB501284FF00003064688680C46CDE9C1
S31508001E300233DCBF0123029304F0B6FA029B03BB0C
S31508001E4002AAA1685B4804F05BF90128054601D09F
S31508001E500C2817D1032E17D1012D18BF0C25029B6C
S31508001E60554EA3B1554800F0EBF85DB3AA1E092AF2
S31508001E7032D840F22123D340DB0723D4062D6BD07A
S31508001E802AE00025042EEAD001230293E7E74C4B0B
S31508001E901B683BB9A5F10803022B03D8494800F093
S31508001EA0CFF819E00C2D17D8DFE805F00714291B21
S31508001EB037454E5D666D72777E003F4AE168424857
S31508001EC002F042FD414800F0BBF8414800F0B8F87E
S31508001ED04048E4E702F044FE72683F4B1A6004B0DB
S31508001EE070BD338964223D48039303AB009342F2E5
S31508001EF01073E16802F060FD039B3381ECE7738998
S31508001F0001223748039303AB00934FF6FF73E1684A
S31508001F1002F052FD039B7381D4E773683C22314873
S31508001F20039303AB00934FF44873E16802F070FD26
S31508001F30039B7360D0E701232B4A2C4800932C4B54
S31508001F40E16802F09DFDC7E701232A4A2A48009363
S31508001F502A4BE16802F094FD0023294A29481360B8
S31508001F60294A13609BE70123284A29480093294BED
S31508001F70E16802F085FDA5E71023274AE1682748AE
S31508001F8002F0FAFDA8E70A23254AE1682548F7E79B
S31508001F901023254AE1682548F2E72823244AE16800
S31508001FA0244802F0E9FD8DE7234800F049F800F0DF
S31508001FB0BFFF91E7C400002488140024B9A9029041
S31508001FC0801400240FAA029038AA029059AB0290F6
S31508001FD09BAB0290CBAB0290EC08002454AA02906B
S31508001FE076AA029098AA029096140024B4AA02909F
S31508001FF0A000002495140024C1AA029070000024B1
S315080020001C270024F3AB02901827002494140024FC
S31508002010D5AA02904C000024B1140024F6AA029016
S315080020209714002405AB0290A11400241DAB02905E
S31508002030C11400242DAB02903FAB029000000000B3
S30D080020405FF800F0596C0290EC
S3150800204873B53E4C0C263E4D3E48D4E9001200F0C6
S31508002058A3F829683C4802F017F92B7B3B4A7343D7
S31508002068D018D0E901018DE803003948D358D4E9D6
S31508002078121200F091F83748D4E9031200F08CF8E8
S31508002088354B186800F08CF801462F4802F0FCF822
S315080020986B893248D4E9211200F07EF82B8930483A
S315080020A8D4E9061200F078F86A682E492E48B2FB79
S315080020B8F1F301FB13220092D4E9091200F06CF837
S315080020C8AB7B2A4A7343D018D0E901018DE803008F
S315080020D82748D358D4E90C1200F05EF86B7B254ADA
S315080020E87343D018D0E901018DE803002248D35874
S315080020F8D4E90F1200F050F8204B1B68A3B105F17C
S3150800210829031F48D4E91B1200F046F805F11903FC
S315080021181C48D4E9181200F03FF805F10F031A48CD
S31508002128D4E9151200F038F8184B1948D4E91E12E4
S3150800213802B0BDE8704000F02FB800BFC400002404
S31508002148881400240AAC029039D202904C00002464
S315080021583EAC029076AC0290701B0024AAAC0290A2
S31508002168E2AC029040420F001AAD0290A00000248B
S3150800217858AD02907000002490AD02908014002497
S31508002188C8AD029000AE029038AE0290C114002481
S3150800219870AE0290000000005FF800F0596C0290DB
S30D080021A85FF800F09B4E019060
S315080021B0002307B5014601AA0848019303F0A0FFCA
S315080021C0019B3BB9064B53F8200000F011F803B009
S315080021D05DF804FB034800F007F8F8E7C40000249C
S315080021E058470390A8AE02905FF800F0596C029029
S30D080021F05FF800F0A56C0290EF
S315080021F810B52C4C69B1002323602B4A2B4B127B54
S315080022082B49FEF70BFF014623680846013323606E
S3150800221810BD23680A2BF7D801A252F823F000BF8D
S3150800222803220008552200085F22000869220008D0
S31508002238752200087D2200088522000891220008D8
S315080022489B220008A1220008A7220008164A194B53
S31508002258927B1949D5E7144A184B527B1849D0E797
S31508002268114B18491A89FEF7CBFECCE70E4B1649CF
S315080022785A89F8E70C4B15495A68F4E70A4B144982
S315080022881A68FEF7A5FEBEE7124A1349FEF7D6FEF8
S31508002298B9E7124A1249F9E7124A1349F6E7134AFF
S315080022A81349F3E784140024881400244C000024F6
S315080022B8F2AE0290A0000024FEAE02907000002440
S315080022C80FAF029021AF029031AF02903BAF029058
S315080022D846AF02909714002454AF0290A114002424
S315080022E863AF0290B114002471AF0290C1140024A0
S309080022F87EAF029015
S315080023002DE9F04F002391B09E4C4620099300F02A
S3150800231037FA2368FBB101229B4EDFF8DC829B4B20
S315080023201146F07904F0A4F998F80C30BBB1984D31
S3150800233008F13904974F2946204600F019FA98B152
S3150800234001223B46F079114604F092F94FF47A706F
S3150800235000F016FAEFE70A2000F012FAD9E7D8F8E3
S3150800236000308B4A1BBA1360894C20208A4B22689E
S31508002370DFF888A21A600022114600F005FA874B9A
S3150800238001220221CAF800000090F07904F070F9E1
S31508002390B8F80A202146DAF8000000F0D5F9DAF88C
S315080023A00030012202210093F0797D4B04F060F998
S315080023B07C4B01221A6009A9DAF8000000F0E8F956
S315080023C078B9099B1A68B2F80890A9F118039BB264
S315080023D0C92B05930AD909980028ECD000F0E0F932
S315080023E0E9E70021102003F02BF8F4E76E4B1B6891
S315080023F0002BF0D157680AAC6C4A136007F1180233
S315080024003B460792186822465968083303C21446A1
S31508002410079A9342F6D10A9800F0AEF90A90044654
S315080024200B9800F0A9F90B900546BDF83E0000F0A0
S315080024309BF9BB685E4A5F491360FB680690536068
S315080024403B8AADF83E00A1F11A00138100F030FA7C
S3150800245000F092F9D7F81230DFF8A4B1D3B9DBF857
S315080024600030012B05D0544B0122F079114604F0B7
S31508002470FFF80123CBF80030069ADFF888B1052A61
S3150800248000F24481DFE812F03500C400FB000101C8
S31508002490420134019842DBF8002026D198F80D3025
S315080024A0DBB9464B1B789806E6D5444B1B7813F0E8
S315080024B010030CBF022103218A42CBF80010DBD09F
S315080024C03F49404AF079002B18BF0A463E4B009216
S315080024D00122114604F0CCF8CEE7013B012BCBD8FC
S315080024E0364B1B789B06C7D4DFE7012AC1D0374B8A
S315080024F0BAE7DBF80030B9F1190F03F10103CBF89D
S31508002500003040F00381324B0022DFF8FC901A605D
S31508002510304BDFF8F8B01978C9F800400229CBF833
S3150800252000500AD12C492D4800F036F92C490022D2
S31508002530284B0C602B491A700D60DBF800202A4BDB
S315080025402A4913441D4C8B4289BF294BCBF80030CE
S315080025509B18CBF8003082BFD9F800300133C9F890
S3150800256000303B7E237000F0F3F823780122032124
S31508002570F0790193D9F8003000931E4B04F078F8EF
S3150800258029E700BFD81B0024652400244FB5029014
S315080025906C1B002463B50290701B002490B5029052
S315080025A0B2B50290A01700249417002498170024A7
S315080025B088170024B1140024D8B502908017002487
S315080025C043B5029049B50290FBB5029018B6029041
S315080025D074170024B4170024AC170024B01700247D
S315080025E0A8170024A4170024002D3101FFC99A3B1F
S315080025F0006396C544B60290881400249C170024EC
S3150800260084170024B81700247C17002478170024A0
S3150800261000F04EFEDBF80430B9F1B90F03F10103FF
S31508002620CBF8043072D13C4907F1190000F088F85C
S315080026303A4B2246384819782B4681F02001C1F3D7
S31508002640401100F089F8364B197803297FF4C3AE98
S31508002650DFF8E890334FD9F800303348E21A3B6880
S315080026600094EB1A00FB02330122F079CDE90153FD
S315080026702E4B03F0FDFFC9F800403D60ABE6DBF8E2
S3150800268008300133CBF80830A5E600F011FEDBF878
S315080026900C30B9F1BC0F03F10103CBF80C3035D17E
S315080026A007F119001D4F1C4900F05AF839782B46D6
S315080026B0224681F020011848C1F3401100F04CF879
S315080026C098F80D30002B3FF486AE194B164A2B446A
S315080026D039781848934281F0200184BF0134164B9B
S315080026E0C1F3401188BF5B19224600F035F872E63F
S315080026F0DBF81430B9F1E10F03F10103CBF814301C
S3150800270004D00599079800F093F964E6DBF81830C9
S315080027100133CBF818305EE6F41400248017002441
S315080027205D240024EC14002400CA9A3B80B602906B
S31508002730002D310134160024006396C5F0140024D8
S315080027405FF800F0651F00005FF800F0C5330190E0
S315080027505FF800F08D0900005FF800F0ED0E00004C
S315080027605FF800F0952000005FF800F0954E0190A4
S315080027705FF800F0AD3801905FF800F09B4E0190CD
S315080027805FF800F0510501905FF800F0893201907A
S315080027905FF800F0093801905FF800F0497B029075
S30D080027A05FF800F04D4B0190B3
S315080027A8034B187801280ABF022200201A707047BE
S309080027B8B417002420
S315080027C0194B13B55C7B012C0BD0022C22D034B9E3
S315080027D0164B186800F034F8154BC3E9000402B02C
S315080027E010BD01A9684600F02FF8019B114AA3F510
S315080027F0FA630F4C934289BF009B019303F1FF33A1
S315080028000093009800F01CF82060019800F018F872
S315080028106060E4E7054B064C186800F011F8064BB3
S3150800282020601868F2E700BF881400247C1700248B
S315080028301C1B002400CA9A3B7817002400000000DD
S315080028405FF800F09B4E01905FF800F0497B02901C
S31508002850F8B50F4610490968E1B1104E0C25DFF8A6
S3150800286044C031684D430CEB05044CF80500227250
S31508002870002263720A4B62811868676000F014F8D8
S31508002880336801335A4203F0030302F0030258BFC8
S3150800289053423360F8BD00BFA017002488180024EF
S315080028A078660024381B00245FF800F06F07019053
S315080028B070B50546094E0C46FDF724FD2946024625
S315080028C0304600F011F82046FDF71CFD2146024669
S315080028D0304600F005F8C04370BD00BF5C720024A6
S315080028E05FF800F0F5EA01905FF800F035EB01902B
S315080028F02DE9F041234E074600F108030D46D6F8A8
S315080029000F00D6F8131003C3B6F8172006F11901FD
S315080029101D481A80FFF7CCFF00F04AF81B4BC7F892
S315080029201200D3F80080B8F1000F28D100F044F85F
S31508002930044620B90146BDE8F04102F081BDADB2BA
S31508002940294600F031F82A463946206800F038F85A
S31508002950054640B14146022002F072FD2046BDE818
S31508002960F04100F019B80A4821467389094A0068F7
S3150800297000F016F80028F1D029460320ECE7BDE858
S31508002980F08100BF881400248817002494170024B7
S315080029909C1700246C1B00245FF800F04D4B019037
S315080029A05FF800F0893401905FF800F0714B0190F0
S315080029B05FF800F09B4E01905FF800F0354B0190F0
S30D080029C05FF800F06D68019054
S315080029C837B5FFF7F9FE002000F02AF80F4C104D2E
S315080029D82023E0820221237601226B7B0D48002BF7
S315080029E814BF1823192300930B4BC07903F03CFE38
S315080029F86B7B2046002B14BF18211921FFF774FF9B
S31508002A08064A13680133136003B030BD1C1B002443
S31508002A188814002465240024AAB60290741B00248E
S30D08002A285FF800F0954E0190DD
S31508002A300E4B70B50E4C064618680D4600F01CF88D
S31508002A40002320600520636000F01AF82A46314604
S31508002A50E08204F1180008F0BEFD29462046FFF77B
S31508002A6047FF044A53690133536170BD7C1700243C
S31508002A7090180024741B00245FF800F09B4E019008
S30D08002A805FF800F0954E019085
S31508002A88F0B50C461F4E85B01746054600F050F8B7
S31508002A983060204600F04CF87060012000F050F8CD
S31508002AA8A022F08206F119001749377608F08FFD3B
S31508002AB8164B1B78022B14D1154E164F3368164938
S31508002AC8EA1A3B681548E31A009501FB0233012206
S31508002AD80321CDE90143124BC07903F0C5FD3560E2
S31508002AE83C60104B1B781B0702D4062000F024F81C
S31508002AF8B9210448FFF7F8FE0B4A536801335360B7
S31508002B0805B0F0BD601A0024E41700245D240024EB
S31508002B18D8170024D417002400CA9A3B6524002431
S31508002B28CAB6029080170024741B0024000000000F
S31508002B385FF800F09B4E01905FF800F05105019090
S30D08002B485FF800F0954E0190BC
S31508002B502DE980489A4C8BB02368002B00F09280B0
S31508002B60DFF8D4B20122974B11469BF8070003F011
S31508002B707FFD954C4FF0FF32216803A800F0D4F989
S31508002B80DDE90323102AF5D10C229049DFF8AC823F
S31508002B9053438F4DCA1851F803A08E495368577A84
S31508002BA00093137A8C4A0193D8F800300133C8F899
S31508002BB000302B689A188A4268D82A60874B884A58
S31508002BC0196839B1002119600121864B19604FF443
S31508002BD0FA7313601368002B04DD013B13600BB90D
S31508002BE0804A1360804C236801332360FFF7DCFDBD
S31508002BF008B1FFF7E9FE7D491422DFF84492096817
S31508002C00B9F808300129B3FBF2F322684AD893428F
S31508002C1003DA00232360FFF7D7FEBAF1000FA8D026
S31508002C20724B1B68023B012BA3D8714C21788A068C
S31508002C3003D4704B1B68002B9BD001F00203019A4A
S31508002C401A4396D011F0100650466B4940F0FA80A8
S31508002C5000F052F9B922314668480296069607F0FE
S31508002C602FFE99F80D30012B00F09680022B00F00C
S31508002C70A380002B7FF47DAF3A46D8F80010604B4E
S31508002C80186896E00A2000F033F965E703F1454332
S31508002C905B4A03F5160303F5C6432B601368013335
S31508002CA013608BE7934248DA0021102206A82160B8
S31508002CB007F006FEFFF784FD022000F02DF9514CBF
S31508002CC099F80D30E082002B64D0012B48D14E4B89
S31508002CD01B68002B5ED04D4E04F118004C4996F83F
S31508002CE02130721C07F01EFD96F8223006F11102FB
S31508002CF0484904F1210007F015FDB28C464906A89B
S31508002D0007F010FD0698BDF81C209DF81E30C4F883
S31508002D102B00A4F82F2084F831303224344B1B784A
S31508002D20190702D4062000F0E3F821463548FFF7D4
S31508002D30DFFD3A4A936801339360394C23680133BF
S31508002D40FA2B23607FF769AF0026284B01229BF8F0
S31508002D5007001E601146334B03F08AFC26605CE7C9
S31508002D60314B183403F110061868083353F8041C5D
S31508002D702246B34203C21446F6D11A889B782280AB
S31508002D802A4AA37011682A4B19609188927999800A
S31508002D909A71C2E71824C1E706AA02A9009800F0AA
S31508002DA0BFF8244A06A902A800F0AEF83A460699E2
S31508002DB00298FFF769FEDCE63A4629685FE700BF36
S31508002DC0A0170024F4B6029078660024381B002465
S31508002DD078170024FFC99A3B002D31018C1800246E
S31508002DE0E017002494170024DC1700248417002415
S31508002DF08017002418270024E4170024601A0024EA
S31508002E007C1700242C1A00241C2700241E1C0024CE
S31508002E1009B7029011B7029019B70290741B0024E3
S31508002E209817002421B702908C4703909F47039078
S31508002E30571A002400D3CEFE6524002474170024F4
S31508002E408814002400F064F800283FF492AE214E5E
S31508002E500021BC2230460291069107F031FD99F80F
S31508002E600D30012B25D0022B2DD04BB91A4B1868E3
S31508002E7000F046F83060D8F8000000F041F87060BD
S31508002E80032000F049F8A322F08214491448377643
S31508002E9008F0A1FB23781B0702D4062000F028F8C7
S31508002EA0BC210C48FFF724FD0E4AD3680133D360D2
S31508002EB05FE606A902A800F017F8029800F020F8C5
S31508002EC030600698D9E7044B186800F019F83060A6
S31508002ED02868D2E7701900247C170024E417002418
S31508002EE089190024741B00245FF800F0497B0290BE
S31508002EF05FF800F0510501905FF800F0091F000027
S31508002F005FF800F09B4E01905FF800F05D7B029041
S31508002F105FF800F0851F00005FF800F0954E0190FD
S31508002F205FF800F0F57A02905FF800F0C1070190AB
S31108002F30014B01221A6070478C1800241F
S31508002F400A4608B5072809D8DFE800F03A043D2AFA
S31508002F502D0831374FF400511D482AE0052835D190
S31508002F60032933D8DFE801F0020A181A00224FF4C1
S31508002F708051174800F034F8002206E001224FF489
S31508002F808051134800F02CF801224FF400611048D4
S31508002F90BDE8084000F024B80022F0E70122E6E781
S31508002FA04FF48061D8E74FF480410A4801E0402198
S31508002FB00948002AECD00122EAE74FF40041F4E779
S31508002FC04FF40041C8E74FF48041C5E708BD00BF8C
S31508002FD000100258000C02580008025800000000B1
S30D08002FE05FF800F0890F02906A
S31508002FE808B500210420FFF7A7FF00210520FFF7F1
S31508002FF8A3FF00210720FFF79FFF00210620FFF700
S315080030089BFF01210320FFF797FF642000F044F88F
S3150800301800210320FFF790FF01210420FFF78CFF0A
S31508003028642000F039F800210420FFF785FF012104
S315080030380520FFF781FF642000F02EF802210520FD
S31508003048FFF77AFF642000F027F803210520FFF729
S3150800305873FF642000F020F800210520FFF76CFFB5
S3150800306801210620FFF768FF642000F015F8002103
S315080030780620FFF761FF01210720FFF75DFF64209F
S3150800308800F00AF807200021FFF756FF6420BDE87C
S31508003098084000F001B800005FF800F051050190FB
S315080030A8B0FA80F210210248520900F005B800BFAC
S315080030B800100258000000005FF800F0890F02901F
S315080030C8021E4FF04001024818BF012200F004B85A
S315080030D8000C0258000000005FF800F0890F029003
S315080030E82021024808B500F003F808BD000C02586C
S30D080030F85FF800F07D0F02905D
S315080031008021024808B500F003F808BD00080258F7
S30D080031105FF800F07D0F029044
S315080031188021024808B500F003F808BD000C0258DB
S30D080031285FF800F07D0F02902C
S315080031304FF48071024808B500F006F808BD00BFD4
S3150800314000080258000000005FF800F07D0F0290AA
S315080031502021044808B500F007F8B0FA80F04009C5
S3150800316008BD00BF000402585FF800F07D0F02900A
S3150800317030B58FB00D4604463422002101A807F069
S315080031809FFB32232A2101A85C43B4FBF5F49C4239
S31508003190A8BF1C46224607F093FB04F1380301A991
S315080031A004480DEB03040A2304F8343C00F004F841
S315080031B00FB030BDDDB802905FF800F0596C029090
S315080031C0002302282DE9F3410C46019310D14868E3
S315080031D003F0EAF801AA6168294802F091FF019D07
S315080031E04DB1284800F060F8002002B0BDE8F08133
S315080031F001230193F5E701380328F5D8DFE800F045
S315080032000206090F204B01221A60EDE71E4B002229
S31508003210FAE7322200211D4807F052FBE4E71B4E6D
S3150800322000233246374632F8021B01338D42B8BFB7
S315080032300D46192BF7D11648002400F035F8DFF8AB
S315080032406080144800F030F8134800F02DF83388F1
S31508003250E21C21464046043400F026F8294636F892
S31508003260020BFFF785FF602CF1D121463A8E0B48F9
S3150800327000F01AF82946388EFFF77AFFB4E700BF40
S315080032809C010024E0B80290881C00248C1C0024B1
S31508003290FEB802901DB902908BB902903FB9029010
S315080032A032B90290000000005FF800F0596C0290F5
S315080032B00F4B10491B6870B50F4C586A2368A3B1A9
S315080032C00B684CF24F360D4AC31A0D4D934296BF02
S315080032D00C4A1823B3FBF2F335F81320B24295BF14
S315080032E00132002325F813202360086070BD00BF53
S315080032F0086E00244C1C0024881C0024FF083D008E
S30D080033008C1C00240071020078
S31508003308002302282DE9F3410C46019310D1486899
S3150800331803F046F801AA61682A4802F0EDFE019D05
S315080033284DB1294800F060F8002002B0BDE8F081E8
S3150800333801230193F5E701380328F5D8DFE800F0FB
S315080033480206090F214B01221A60EDE71F4B0022DE
S31508003358FAE7322200211E4807F0AEFAE4E71C4EC7
S3150800336800233246374632F8021B01338D42B8BF6E
S315080033780D46192BF7D11748002400F035F8DFF861
S315080033886480154800F030F8144800F02DF83388A2
S3150800339804F1270221464046283400F025F8294634
S315080033A836F8020BFFF7E0FEB4F5707FEFD1214639
S315080033B83A8E0B4800F018F82946388EFFF7D4FEDF
S315080033C8B2E700BF9C010024E0B80290501C002414
S315080033D8541C00244CB9029072B9029089B902901B
S315080033E8DAB90290CDB902905FF800F0596C0290EC
S315080033F8002313B5044601A96846CDE9003300F051
S3150800340833F813490B680BB3009B124803F0030201
S31508003418019B00FB0233104A934234BF0020012067
S3150800342802FB10330D4A181B0D4B4CF24F349842C9
S3150800343896BF0C4B1820B0FBF3F032F81030A342B5
S3150800344895BF0133002322F810300B6002B010BD77
S31508003458501C002400CA9A3B00286BEE541C002412
S31508003468FFC99A3B005A62025FF800F0497B02904E
S315080034781FB50B4B01240B4A1C60106058B100F0AD
S3150800348817F8094B4FF0FF3221461860684600F0D6
S3150800349813F804B010BD1A68002AFCD1F9E700BF72
S315080034A8C41C0024C81C0024C01C002400000000FA
S315080034B85FF800F04D0501905FF800F0B30501903C
S315080034C82DE9F04387B005460E4617460F9C9846E1
S315080034D8BDF8389054B1104B4FF0FF31186800F01A
S315080034E823F80022012102A800F026F83B463246B6
S315080034F829460A48CDE9008900F012F82046FFF760
S31508003508B7FF34B1044B186807B0BDE8F04300F0BC
S315080035180FB807B0BDE8F083646600247C71002400
S315080035285FF800F0D11202905FF800F009060190E2
S315080035385FF800F0550601905FF800F0B3050190B2
S315080035482DE9F04387B005460E4617460F9C984660
S31508003558BDF8389054B1104B4FF0FF31186800F099
S3150800356827F80022012102A800F026F83B46324631
S3150800357829460A48CDE9008900F012F82046FFF7DF
S3150800358877FF34B1044B186807B0BDE8F04300F07C
S315080035980BB807B0BDE8F083646600247C71002484
S315080035A85FF800F0ED1302905FF800F055060190F9
S315080035B85FF800F0090601905FF800F0B30501907E
S315080035C8F0B5044685B00E4617461D4653B10E4B50
S315080035D84FF0FF31186800F01FF8002201216846ED
S315080035E800F01EF821463B463246084800F01CF80B
S315080035F8B0FA80F464091DB1034B186800F008F89E
S31508003608204605B0F0BD00BF646600247C7100241E
S315080036185FF800F0550601905FF800F0090601907A
S315080036285FF800F0B30501905FF800F009150290FD
S31508003638054B00221A60054B1B6823B1044B012170
S31508003648186800F009B87047C41C0024C81C002470
S31508003658C01C0024000000005FF800F06105019016
S30908003668FFF7E6BFB5
S3110800366C4FF480324FF0104107F0AFBF5A
S30B080036780020FFF7F7BF72
S31508003680034BD3F829200260B3F82D3083807047A6
S309080036907824002468
S3150800369808B50120FFF704FD0A2000F009F8002004
S315080036A8FFF7FEFC0A20BDE8084000F001B8000054
S30D080036B85FF800F09DDA0190AD
S307080036C0704743
S315080036C8002373B5036006460B600D46136014465F
S315080036D801931E2201AB0121134800F029F880B98D
S315080036E8019BC3F3002203F00703013B3260052B55
S315080036F816D8DFE803F0030D1515081200232B600A
S31508003708236002B070BD4FF400532B600023F7E71F
S3150800371800232B604FF48043F2E74FF40053F8E791
S3150800372800233360EDE700BFFC76002400000000A4
S30D080037385FF800F0CB070290D0
S31508003740F0B59FB004460D466422002105A807F08F
S31508003750B7F803AA04A902A8FFF7B6FF94F8313010
S31508003760029EC3F3800355EA03020ED056B91C48DD
S3150800377000F052F8204600F057F8204600F058F8B6
S315080037801FB0F0BD0DB9002BFAD1012EF8D105A94D
S31508003790134800F03DF8049D039F05A910480B95B2
S315080037A00A9700F049F80E4800F02EF8204600F077
S315080037B027F8204600F034F80A4A0B4B0B49002F2D
S315080037C008BF13460A4A0B48002D08BF0A46314669
S315080037D0CDE90032084B3246007902F049FFCFE7BF
S315080037E0FC760024DABB0290DEBB0290E3BB0290B3
S315080037F0E7BB029065240024EBBB029000000000A2
S315080038005FF800F09D6001905FF800F0DB0302901E
S315080038105FF800F0250802905FF800F05F04029058
S315080038205FF800F0396101905FF800F0E5600190FB
S315080038305FF800F0816101905FF800F0B10902902D
S315080038400023012873B505460C46009305D12B487D
S3150800385000F072F8002002B070BD486802F0A4FDBE
S315080038606A466168264802F04BFC009E03460EB184
S315080038702448EDE7022815D0032823D00128E9D1EA
S31508003880032DA068019301D01F48E1E701AB32463A
S31508003890042102F0E9FC019B002BF5D01B4B188094
S315080038A01B48D5E71B4B1C4C19881C4800F044F8EC
S315080038B0256800F049F822682946821A184800F057
S315080038C03BF8C7E7174800F037F8174D174B0122A2
S315080038D01A6000F039F82E60044664262B6823B96E
S315080038E00A2000F02DF8013EF8D1296821B1091BFC
S315080038F00F4800F021F8ADE70E48A9E76BBC029027
S31508003900F00100248BBC0290ACBC0290F61C00248B
S31508003910E2BC0290F41C0024EC1C00240BBD0290AF
S315080039203BBD029054BD0290F01C0024E81C002404
S3150800393091BD029069BD02905FF800F0596C029043
S315080039405FF800F0510501905FF800F091DA0190F8
S315080039500123024A0249034800F006B8F41C002471
S31508003960F61C0024CC6F00245FF800F0494C029046
S3150800397037B50446124DFFF7EBFBB8B900F030F83F
S31508003980104B1860104B1B880193104B00930122B3
S315080039900F4B0321687B02F0C7FE01230A4A204623
S315080039A00C4903B0BDE8304000F01EB800F018F826
S315080039B0094B1860074B1B880193084BE6E700BFC5
S315080039C065240024EC1C0024F41C0024B0BD0290DD
S315080039D001000002F61C0024F01C0024DABD029047
S315080039E05FF800F091DA01905FF800F0494C029018
S315080039F00A4B1A68012A04D0022A09D03AB10022D1
S31508003A0004E0074A4FF08071916102221A607047FC
S31508003A10034A4FF480719161F1E700BFE81C002466
S30908003A20000002583A
S31508003A24402307B58DF80730FDF720FFFDF760FF43
S31508003A340020FEF739F8002206201146FEF714F88E
S31508003A4401210DF107020846FEF7C4F83220FDF7F6
S31108003A54F7FFFEF7EBF803B05DF804FB83
S31508003A6008B572B6FDF7CEFFFEF7E2F862B608BDF6
S31508003A70024B00221B681A65704700BF5470002469
S31508003A800028034A034B126808BF002313657047D2
S30D08003A9054700024B9A3624D2D
S31508003A98F0B5002389B00D4607464868009302F03A
S31508003AA87FFC6A466968674802F026FB009C06465A
S31508003AB82CB1654800F0E8F8002009B0F0BD0228E6
S31508003AC861D0032800F098800128F5D114222146F0
S31508003AD803A8019406F0F0FE082F029401D05B486B
S31508003AE8E8E702AB63222146A86802F029FB02AB85
S31508003AF80C2231468DF80700E86802F021FB02AB74
S31508003B081F2231468DF80500286902F019FB07239C
S31508003B18172221468DF806008DF8043002AB68692D
S31508003B2802F00EFB02AB3B2221468DF80C00A86971
S31508003B3802F006FB3B228DF80D0002AB2146E86928
S31508003B4802F0FEFA029A8DF80E0004948DF80F40DA
S31508003B58CDE906440AB13E48ACE701A93D4800F05C
S31508003B6897F810B1029B01330293002203A939483A
S31508003B7800F092F810B1029B01330293029B002BC6
S31508003B88E9D1354896E71422214603A8029406F097
S31508003B9893FE324B1B680BB931488BE7314B02A9A8
S31508003BA82C4893F826208DF80B2093F827208DF8B3
S31508003BB8092093F828208DF80A2007228DF808206E
S31508003BC893F829208DF80C2093F82A2093F82B309F
S31508003BD88DF80D2022468DF80E3000F059F8054666
S31508003BE8224603A91B4800F057F80543EDB20DB164
S31508003BF81D485FE71D485DE72146142203A802947D
S31508003C0806F05AFE224603A9124800F035F822465D
S31508003C1802A9104800F034F89DF80B309DF80A20E0
S31508003C289DF8091003F5FA63114800F02DF89DF878
S31508003C380E309DF80D209DF80C100E4800F024F85B
S31508003C483AE700BF5C020024E7BE02900DBF029067
S31508003C582BBF0290547000245ABF02901C270024D8
S31508003C6869BF02901E1C00248CBF0290AABF02904E
S31508003C78C5BF0290D5BF02905FF800F0F7430290DF
S31508003C885FF800F03D4402905FF800F0596C029026
S31508003C985FF800F04F4302905FF800F08B420290FD
S31508003CA838B54FF48033064D14468AB2AB610146DF
S31508003CB80A23044800F008F80CB90123AB6138BD9B
S31508003CC8000C0258446F00245FF800F0B5470290CC
S31508003CD82DE9F347002406464FF00109DFF868A0E6
S31508003CE8019425468DF8034000F032F8DFF85C8029
S31508003CF800F1320700F02CF8B84200D845B1013473
S31508003D08642000F029F8042C1CDDCEB9012500240E
S31508003D180122052301A811468DF80430FFF7C0FFD4
S31508003D280A2301220DF10301504600F019F8C8F8D4
S31508003D3818909DF80330DB07DCD402B0BDE8F0879D
S31508003D48B047E3E70125E3E7446F0024000C02586F
S31508003D585FF800F091DA01905FF800F051050190DC
S30D08003D685FF800F0E94902903A
S31508003D7030B5002485B066230121224603A80394A2
S31508003D80ADF808408DF80C30FFF78EFF99232246D0
S31508003D90012103A88DF80C30FFF786FF01200124C6
S31508003DA000F052F890230122042103A88DF80C3064
S31508003DB0FFF77AFF0A23022202A91B4800F048F8F7
S31508003DC01A4B1B4D22469C6103219DF8093001932D
S31508003DD09DF808300093174B287B02F049FC9DF8A4
S31508003DE00830C22B18D19DF80930287B152B08D12D
S31508003DF0114B2246022102F03BFC104B1C6005B019
S31508003E0030BD182B08D10E4B2246022102F030FC99
S31508003E100A4B02221A60F2E701220A4B287B114656
S31508003E2002F026FCEBE700BF446F0024000C0258A2
S31508003E3065240024A8C00290CCC002901022002459
S31508003E40E6C0029001C102905FF800F09DDA019089
S30D08003E505FF800F0E949029051
S31508003E582DE9FF41DFF8B080002600910546274B7B
S31508003E680C4617460321012298F80C0002968DF88D
S31508003E780C6002F0F9FB06233246012102A88DF8E8
S31508003E880830FFF70DFF8DBB1D48C4F30743C4F37D
S31508003E980721E2B20068012819D1202264BA042150
S31508003EA88DF809308DF808202A46ADF80A4002A888
S31508003EB8FFF7F6FE3846FFF70BFF124B01220321E0
S31508003EC898F80C0002F0D0FB04B0BDE8F081212078
S31508003ED8E40D8DF80B1005218DF80C202A468DF86F
S31508003EE808008DF809408DF80A30E0E7012DE1D180
S31508003EF86023324629468DF80830D8E726C102904D
S31108003F08102200243DC10290652400240C
S31508003F187FB5002306462248154602930C468DF8B7
S31508003F280C30204BCDE9001201220321007B02F058
S31508003F389BFBB5F5803F00D3FEE71B4AC4F307434E
S31508003F48C4F30720E1B21268012A1AD1032164BA18
S31508003F588DF809308DF808100421ADF80A4002A832
S31508003F68124CFFF79DFE3146AAB2104800F028F811
S31508003F78204600F021F80128FAD10D4B986104B0C3
S31508003F8870BD1322240E8DF80C1005218DF8082013
S31508003F9801228DF809408DF80A308DF80B00DEE706
S31508003FA86524002451C1029010220024446F00247D
S31508003FB8000C0258000000005FF800F0F552029065
S30D08003FC85FF800F0C14E0290FB
S31508003FD02DE9F04FDFF8E49085B04FF00008DFF8E0
S31508003FE0E0A0DFF8E0B007460C461646304BCDE9B0
S31508003FF000120122032199F80C0002F039FBB045A2
S3150800400009D32C4B0122032199F80C0005B0BDE811
S31508004010F04F02F02DBB24F0FF05A6EB08030022A3
S3150800402001212D1B02A8029205F580758DF80C203A
S315080040309D4228BF1D4606238DF80830FFF734FE3B
S315080040401D4AC4F30743C4F30720E1B21268012AE4
S315080040501ED102218DF8093063BA8DF808100421A3
S31508004060ADF80A3002A8FFF71FFE3946AAB2504635
S3150800407000F02AF8504600F02BF80128FAD1CBF8C0
S31508004080180000202C44A8442F44FFF725FEB6E765
S3150800409012228DF80C108DF80A3005218DF80820AB
S315080040A0220E8DF80B008DF809200122DAE700BFF1
S315080040B06FC102908DC1029010220024652400244D
S315080040C0446F0024000C02585FF800F05D4D029022
S30D080040D05FF800F0F5520290BA
S315080040D8F0B5074685B0124800260C461546114B1A
S315080040E80396CDE9001201220321007B02F0BCFAEF
S315080040F8B123324603A801218DF80C30FFF7D0FD0D
S315080041082A4621463846FFF703FFC12332460121CE
S3150800411803A88DF80C30FFF7C3FD05B0F0BD00BF46
S30D0800412865240024A1C10290E0
S31508004130F7B50024B12305460E46174601A82246C0
S31508004140012101948DF80430FFF7AEFD3A46314659
S315080041502846FFF73DFFC1232246012101A88DF815
S30F080041600430FFF7A1FD03B0F0BD1F
S315080041702DE9FF41324D0026324B01220321287BCF
S315080041808DF80E604FF02B088DF80F6002F070FA6C
S31508004190012201240DF10E002B4F11468DF80E80D9
S315080041A0FFF782FD0DF10F010A230122274800F0CF
S315080041B057F8BC619DF80F30224603210093244B23
S315080041C0287B02F055FA0623324621460DF10E00E9
S315080041D08DF80E30FFF768FD2F23324621460DF184
S315080041E00E008DF80E30FFF75FFD052000F03CF855
S315080041F0224621460DF10E008DF80E80FFF754FD7C
S3150800420022460DF10F010A23104800F029F8BC6177
S315080042109DF80F302246032100930E4B287B02F0AF
S3150800422027FA9DF80F302246032113F0020F287B48
S3150800423014BF094B094B02F01BFA04B0BDE8F08124
S3150800424065240024C2C10290000C0258446F002461
S31508004250D9C10290FDC1029020C2029033C20290D9
S315080042605FF800F0E94902905FF800F05105019007
S3150800427001EB410152F821200146014800F004B83B
S3150800428084050390000000005FF800F0596C029066
S31508004290CBB207B50193C1F307230A0E0093C1F306
S315080042A007430146024800F007F803B05DF804FB2F
S315080042B045C50290000000005FF800F0596C0290B6
S315080042C02DE9F04F002389B00C464868079302F0A1
S315080042D06BF807AA6168A74801F012FF079B33B17C
S315080042E0A54800F029FB002009B0BDE8F08F1E287C
S315080042F0DFF80C9318BF054600F1010006BF1E2320
S31508004300012503460593059B9D42ECDAD9F8006022
S315080043104EB9A5F10903012B05D83546974800F093
S315080043200BFB0135EFE76B1E1C2BFAD8DFE813F001
S315080043301D00230027002B0063006F002F00670075
S3150800434077007B0081006C01B7015800A401AA011F
S31508004350AF01B301B901BF01C50114027E001802FD
S315080043602602540060005D007A02854B854819686C
S31508004370FFF78EFFD5E7824B83485968F8E7804BED
S3150800438082489968F4E77E4B8148D968F0E77C4E05
S31508004390804800F0D1FA31687F48FFF779FF7168E5
S315080043A07E48FFF775FFB1687D48FFF771FFF16832
S315080043B07C48FFF76DFF7C4A96F82F107B48FFF77D
S315080043C057FF96F82F30012B02D1794800F0B4FA3E
S315080043D0784800F0B1FAA4E7694B77485969C7E706
S315080043E0674B76499A6976480EE005F009F898E72A
S315080043F0FDF72AFE95E7624B72491A69F3E7604BA7
S315080044007148998B1A7F090A00F096FA89E75C4B7E
S31508004410654A93F82F106D48FFF72AFF81E76C4A23
S315080044206C496D48F0E76D4A6D49FAE76D4A6E4981
S31508004430F7E7DFF8D0A14FF00C086C4F9AF8003078
S315080044406B4E08FB03F36B483168FA5800F074FAB0
S315080044509AF80130F16808FB03F36648FA5800F049
S315080044606BFA9AF80230B16908FB03F36148FA5807
S3150800447000F062FA9AF80330716A08FB03F35D48A4
S31508004480FA5800F059FA9AF80430316B08FB03F32E
S315080044905848FA5800F050FA9AF80530F16B08FBBC
S315080044A003F35448FA5800F047FA9AF80630B16C04
S315080044B008FB03F34F48FA5800F03EFA9AF807301B
S315080044C0716D08FB03F34B48FA5800F035FA9AF871
S315080044D00830316E08FB03F34648FA5800F02CFA08
S315080044E09AF80930F16E08FB03F34248FA5800F0CF
S315080044F023FA9AF80A30B16F08FB03F33D48FA58D5
S3150800450000F01AFA9AF80B30D6F8841008FB03F371
S315080045103848FA5800F010FA9AF80C30D6F8901085
S3150800452008FB03F33348FA5800F006FA9AF80D30F8
S31508004530D6F89C1008FB03F32E48FA5800F0FCF94D
S315080045409AF80E30D6F8A81008FB03F32948FA584B
S3150800455000F0F2F99AF80F30D6F8B41008FB03F316
S315080045602448FA5800F0E8F9234800F0E5F923480A
S315080045702FE700BF9804002455C502900FAA0290A1
S315080045807824002481C5029094C50290A3C50290A0
S31508004590B6C50290C2C5029002C6029020C6029015
S315080045A03EC602905CC60290A40600247AC6029013
S315080045B099C60290CCC6029000C7029016C7029010
S315080045C02EC7029035C702904BC702907DC602904F
S315080045D0AC2400246FC7029084050390BC240024F1
S315080045E085C70290CC2400249AC702909003002421
S315080045F0CC030024B1C70290BAC70290ECC7029058
S315080046008014002465240024994800F095F99948F7
S3150800461000F092F9984800F08FF9984800F08CF964
S31508004620974800F089F9974800F086F9914800F014
S3150800463083F9954800F080F9944800F07DF994488C
S3150800464000F07AF9934800F077F9934800F074F986
S31508004650924800F071F9924800F06EF9914800F01E
S315080046606BF9844800F068F98F4800F065F98F48BF
S3150800467000F062F97F48ACE68D4B8E4A93F831100C
S315080046808D48C9E68D4B8E4A19788E48C4E6884B04
S315080046908D49DA8BA7E6864B8C491A8CA3E68C489B
S315080046A097E6834B8B4A93F832108B48B4E6804BD7
S315080046B08A4A93F833108A48AEE6DFF8F4A140F642
S315080046C06B2688484FF0640800F036F9864800F0F3
S315080046D033F94FF4A571BAF822B040F23452BAF859
S315080046E024704FF47A7301FB0BFB80484F434FEA63
S315080046F02B3B3F1302FB0BFB5743BBFBF3FBB7FB01
S31508004700F3F700F019F97A4800F016F906FB0BF3EF
S315080047107E437848B3FBF8F3A3F55053153BBBFB30
S31508004720F8F293FBF8F3009308FB12B3BAF82210D9
S3150800473000F002F97048B6FBF8F6A6F55056153E95
S31508004740B7FBF8F296FBF8F608FB12730096BAF870
S31508004750241000F0F1F8E4E5554B6849DA8C42E696
S31508004760674F0026DFF8C4813146013617F8012B5A
S31508004770404600F0E1F8082EF6D1D2E500F0E0F860
S315080047804FF47A720646DFF8A8A1DFF8A881B0FBD5
S31508004790F2F102FB11025B4800F0CEF80022174640
S315080047A0DAF80030A3EB070B0BF11F0BDBF1000364
S315080047B00BF01F0B03F01F0358BFC3F1000B0C23AC
S315080047C003FB0B835B682BB32AB94F4800F0B4F898
S315080047D04E4800F0B1F80C234FF47A7203FB0BFB3A
S315080047E058F80BC008EB0B0EA6EB0C00DEF808B069
S315080047F0B0FBF2F3BCFBF2F102FB130002FB11C2A1
S31508004800CDE902BBDEF8044000900194404800F070
S3150800481093F801220137202FC2D10AB93D48D8E5BD
S315080048203D48D6E54FF0000B3C4E0627DFF8F8A0CA
S31508004830D84616F8012B72B10BF1010B41463848E0
S3150800484000F07AF89BFBF7F307FB13B3052B02D1AD
S31508004850504600F071F808F10108B8F1200FE8D1C8
S31508004860BBF1000F01D12F48B3E52F48B1E500BFD2
S3150800487024C80290A3CE029038C8029047C8029076
S3150800488056C8029078C8029098C80290A6C80290A6
S31508004890B6C80290C6C80290D4C80290E3C802906F
S315080048A0F2C8029001C9029010C9029026C9029066
S315080048B078240024C80600243CC902905424002405
S315080048C00C03002452C9029067C9029078C9029065
S315080048D093C902905C060024ACC902902006002405
S315080048E0BCC90290C9C9029005CA02903FCA029083
S315080048F055CA02906BCA029083CA02909BCA02905C
S315080049005D240024C7CA0290EDCA029028CB029003
S3150800491063CB02908BCB029097CB02900000803835
S31508004920DFCB0290EECB029038D20290B3CA029047
S31508004930D0220024D42200245FF800F0596C02909B
S30D080049405FF800F091DA01901E
S3150800494830B585B000230446084603A915460393DF
S3150800495800F026F820B90D4800F01EF805B030BD5D
S31508004968039800F021F82860C3B22146020E019385
S31508004978C0F307230093C0F30743054800F00CF873
S31508004988044B012283F83020E8E700BF0FCC0290D9
S3150800499823CC0290782400245FF800F0596C029022
S315080049A85FF800F0EDCD01905FF800F09B4E01909E
S315080049B873B514461D46002306462A46084601933B
S315080049C8214601AB01F0BCFB019B024633B12A46DE
S315080049D82146084800F014F802B070BD069B314617
S315080049E81860054800F00CF8044B012283F83020BB
S315080049F8F2E700BF37CC02906BCC029078240024EB
S30D08004A085FF800F0596C0290FA
S31508004A10F0B51E4685B000231546124C074603938B
S31508004A200623084604FB06F2009303AB04FB05F1D4
S31508004A3001F0B6FB039B33B1324629460A4800F01B
S31508004A401BF805B0F0BD90FBF4F20A9B39461860D6
S31508004A5004FB1203054800F00FF8054B012283F802
S31508004A603020EEE740420F0037CC029076CC029019
S31508004A7078240024000000005FF800F0596C0290CA
S31508004A802DE9F7431D468846002407460846914601
S31508004A900A9E019401F088FC01AA4146284601F0C5
S31508004AA02FFB019B93B10C3D114E124800F02CF8D8
S31508004AB0033455F8241029B90F4800F025F803B037
S31508004AC0BDE8F083304600F01FF8F1E742B289F8F6
S31508004AD000003946094802EB420255F8222000F048
S31508004AE013F8002EEBD0064B012283F83020E6E7B8
S31508004AF0AECC029087CC029038D20290B2CC02900B
S31508004B0078240024000000005FF800F0596C029039
S31508004B10002373B5044616460B4801AA01930D46B1
S31508004B2001F0EEFA019B23B1084800F015F802B02F
S31508004B3070BD2A4630702146054800F00DF8054B31
S31508004B40012283F83020F2E7EC060024BDCC02905F
S31508004B50B2CC0290782400245FF800F0596C0290D9
S31508004B60014800F005B800BFFFCC02900000000025
S30D08004B705FF800F0596C029091
S31508004B78F8B5074615461E460C4619B10846FBF70A
S31508004B88BDFB20B90D48BDE8F84000F021B8B04291
S31508004B9801DB0B48F7E732460021284605F08CFE6C
S31508004BA82146284606F00BFD22463946054800F0F8
S31508004BB80FF8054B012283F83020F8BD28CD02905E
S31508004BC83BCD0290B2CC0290782400240000000065
S30D08004BD85FF800F0596C029029
S31508004BE02DE9F047002392B00C4605464868CDE902
S31508004BF0033301F0D9FB03AA6168964801F080FAED
S31508004C00039B1BB1944800F0C7FB52E0022D07DC5A
S31508004C101E2803D8914BC340DA0701D49048F2E71F
S31508004C20904B1B682BB9A0F10903012B01D88E48BC
S31508004C30E9E701381D283CD8DFE810F01E002B00F4
S31508004C402F0033005D00EB0039003900F400FB004B
S31508004C5005013900BF014300B801F401FD010C024A
S31508004C601B02220256021203000131034E033F00C3
S31508004C70580053005D0339007C4AA1687C48FFF759
S31508004C8063FE7C4800F088FB7B4800F085FB7B4888
S31508004C90B9E77B4AA1687B48F1E77B4AA1687B486C
S31508004CA0EDE77B4AA1687B48FFF74EFE01E0FFF778
S31508004CB057FF002012B0BDE8F087774AA168774809
S31508004CC0F2E76A4D4FF416627548AB69049304AB74
S31508004CD000934FF4E133A168FFF76EFE049BAB61C6
S31508004CE0CFE72146284604F0B3FAE2E721462846EC
S31508004CF0FDF796F8DDE70023032D05930893ADF835
S31508004D00243007D1A1686748FBF7F2FA10B9FFF714
S31508004D102FFACEE7554B1B69013301D0624872E77B
S31508004D20052D01D061486EE7002205ABA068114643
S31508004D3001F00AFA05ABFF2200210546E06801F0FA
S31508004D4003FA05AB074663220021206901F0FCF946
S31508004D50059B06460BB1564855E703463A4629468B
S31508004D60544800F019FB544800F016FB534800F06D
S31508004D7013FB534800F010FB524800F00DFB0621C8
S31508004D8008A800F01DFB032841D14F4908A8FBF7E6
S31508004D90AFFA0446002838D14C4800F0FDFA06A9B7
S31508004DA02B0E4B48CDE906444A4C23702B0CE57074
S31508004DB063702B0AA772A370E67200F0FDFA054627
S31508004DC007A9434800F0F8FA284310F0FF0104D079
S31508004DD0414800F0E1FA414815E7069A2046130EC5
S31508004DE0E27123F0030343F002032371130C63718A
S31508004DF0130AA371079B1A0E1B0C22720C226372EC
S31508004E00FFF796F9FFF7B4F9E5E73548FBE63548C5
S31508004E10F9E60123344A35480093354BA168FFF774
S31508004E202FFE2EE71023334AA1683348FFF7A4FE66
S31508004E303FE71023314AA1683148F7E71023314A82
S31508004E40A1683148F2E70023042D089360D02F4863
S31508004E50D9E600BF980400244CCD0290C081616257
S31508004E6077CD0290801400240FAA0290782400249B
S31508004E7081C5029059AB02909BAB0290CBAB0290D6
S31508004E807C24002494C5029080240024A3C50290A3
S31508004E9084240024B6C502908C2400249ACD02905E
S31508004EA0AFCD0290BECD0290FFCC0290C3CD02904A
S31508004EB019CE02902CCE02905ECE02908ACE029037
S31508004EC0B9CE0290FCCE029056A5029025CF02904C
S31508004ED0787000240CDA003039CF029069CF02903E
S31508004EE05AA502906DA50290A724002495CF02909A
S31508004EF0A4060024AC2400246FC70290BC24002416
S31508004F0085C70290CC2400249AC70290B1CF02909C
S31508004F1008AAA1685E4801F0F3F808AA0546E16800
S31508004F205C4801F0EDF8089A03460AB15A486AE661
S31508004F30681E0F283FF6BDAEDFE800F0080B0E111D
S31508004F4014171A1D202326292C2F3235534A13707D
S31508004F50AFE6524A5370ACE6504A9370A9E64F4AF8
S31508004F60D370A6E64D4A1371A3E64C4A5371A0E6E0
S31508004F704A4A93719DE6494AD3719AE6474A13729B
S31508004F8097E6464A537294E6444A937291E6434A30
S31508004F90D3728EE6414A13738BE6404A537388E60A
S31508004FA03E4A937385E63D4AD37382E601233C4A1B
S31508004FB03C4800933C4BA16831E70023032D089336
S31508004FC003D03A4800F0E8F95BE6A06801F0ECF98E
S31508004FD008AAA168364801F093F8089B002BF0D17F
S31508004FE0344C90B1012817D00C2294F8313030494E
S31508004FF0504353432C4A0958D3582F48A26900F006
S31508005000CBF9012384F830303BE64FF4E133A36152
S31508005010012384F83130E7E74FF4165384F831005A
S31508005020A361E1E70023254A25480093254BA1689B
S31508005030FFF726FD3DE61F4D01222348EB8B04931F
S3150800504004AB00934FF6FF73A168FFF7B5FC049B0A
S31508005050EB8316E6174D01221C482B8C049304ABF0
S3150800506000934FF47A73A168FFF7A6FC049B2B8480
S315080050701FE60123164A17480093174BA168D7E77E
S315080050800123164A16480093164BA168D0E700BFBD
S31508005090CC03002490030024FDCF0290652400244D
S315080050A0A92400243CC90290C806002435D00290E1
S315080050B0E8020024782400245FD0029054240024B7
S315080050C052C902900C03002467C9029088D0029046
S315080050D0AA240024A3D002905C060024AB24002452
S315080050E0BCC90290200600242822002108A8884E60
S315080050F005F0E6FB01238748336000F04DF9864842
S3150800510000F04AF9854800F047F9854800F044F967
S31508005110844800F041F9844800F03EF900F054F95B
S3150800512000F042F90028FBD04FF6FF744FF0000854
S315080051307E4F00F049F9254628222E2108A805F0B9
S31508005140BFFB7C237A4A8DF820308DF841303B69C5
S315080051508DF84280774893FBF2F301335322202BD4
S31508005160A8BF2023012BB8BF012348336B4403F89B
S31508005170282C00230122042A08BF052257F82210EA
S31508005180013291FBF0F1102A0B44F4D1002B4FF0B9
S315080051904E024FF00000B8BF03339B100133202B9B
S315080051A0A8BF2023012BB8BF012348336B4403F85B
S315080051B0282C00F0F5F8604B81461B5C03F00303CE
S315080051C0012B08BF00F120090020FBF7BDFD08A947
S315080051D002468246594800F0DFF8B9F1710F1ED130
S315080051E05446574800F0D8F8A9F17803D3F10009D6
S315080051F049EB03094FEA4909C82000F0D9F8B9F183
S31508005200000F99D0B9F1010F07D1A54218D34D481F
S3150800521000F0C2F84C4800F0BFF84C4819E0B9F164
S31508005220610F04D14A48554600F0B6F8DCE749480C
S3150800523000F0B2F8B9F1730FD6D14FF00109DBE7E8
S31508005240454B46485D849C8483F8309000F0A4F86A
S31508005250434800F0A1F8FBF7AFFC0023336028E5CC
S315080052600021022D08910AD13E4B19883A4C3E4836
S31508005270E18400F091F8012384F8303019E5032D14
S315080052800BD108AB4FF6FF72A06800F05DFF089BD4
S315080052900146002BEAD03548B5E43548B3E4002684
S315080052A0042D089604D00821324800F075F800E568
S315080052B008AB07223146A06800F046FF08AB054652
S315080052C0FF223146E06800F03FFF089B0BB12A48F1
S315080052D099E42A4B5855ECE4022D02D0284800F0F0
S315080052E05BF8284A20230021013B516002F10C0299
S315080052F0FAD1254887E4022D02D0214800F04CF85F
S3150800530020220021214805F0DBFA21487BE400BF72
S3150800531008220024AED00290EDD002903ED1029031
S3150800532072D10290C8D10290FDD102907C2100244E
S31508005330801A0600400D0300896A04903AD202904A
S3150800534041D2029074D20290ABD20290D4D202908B
S315080053505DD2029038D2029078240024F6D20290C8
S3150800536019D302905C0900244ED3029070D30290A0
S31508005370A3D30290E1D302901BD402905D240024AB
S3150800538050D40290D422002471D4029000008038B0
S3150800539099D40290000000005FF800F0596C029062
S315080053A05FF800F0556B02905FF800F03D6B0290D5
S315080053B05FF800F0510501905FF800F0B9400290DF
S315080053C05FF800F0A96C02905FF800F0FD6A0290A1
S315080053D0002313B50C4601AA01461048019300F0B4
S315080053E08FFE019BBBB934B90D4B53F8200000F072
S315080053F01FF802B010BD1C2803D1204604F084F81B
S31508005400F7E71B2803D12046FCF7D2FEF1E705484B
S3150800541000F012F8EDE70448FAE700BF9804002404
S31508005420C8470390C0D40290E4D40290000000005C
S315080054305FF800F0A56C02905FF800F0596C0290D6
S3150800544007B50A4A135CFF2B1CBF0133135449B92D
S31508005450135C0122CDE9000305481146054B407847
S3150800546001F006F903B05DF804FB00BF00008038C0
S30D080054706524002424D50290EE
S3150800547870B50B4D0C230B4E2C685C433319C3E9E6
S31508005488010100F011F82B68305101335A4203F034
S315080054981F0302F01F0258BF53422B6070BD00BF9E
S315080054A8D0220024D42200245FF800F091DA019073
S315080054B82DE9F041A4B00C46054600210DF108086F
S315080054C8174687221E46404605F0F6F90196A3B206
S315080054D80222A0200093144B2988FEF731F8BEB1A2
S315080054E8019401222B680321104E0093104BB079C2
S315080054F801F0BAF82B2322460B49404601F078F901
S31508005508CDF800800B4B00220321B07901F0ACF8E6
S3150800551822460549384606F05AF82B6823442B6074
S3150800552824B0BDE8F08100BF2CDA003065240024D9
S30D08005538DDEE029040C302906B
S315080055402DE9F04F9FB0002506462B2205AC2946CB
S315080055500495204605F0B4F933462246042104A8EA
S31508005560FFF7AAFF884B059A9A427ED1874F3822C1
S31508005570002110A84FF0040805F0A2F9049D3B4647
S315080055800222A9B2A0200196CDF80080FDF7DCFF23
S31508005590CEB17F4801227F4B0321CDE9005880799F
S315080055A001F066F80DF1400C43464246394660461E
S315080055B001F022F910AB7648002200930321764BBE
S315080055C0807901F055F8BB780435FA7803F1FF398C
S315080055D0023B97F800A0282B97F801808DF8142035
S315080055E0049561D81FFA89F30222A9B2A020009374
S315080055F03B460196FDF7A8FFD6B1DFF894B1012224
S31508005600664B03210095CDE901899BF8060001F058
S315080056102FF80F234A465D4910A801F0EDF810ABA4
S315080056200022032100935C4B9BF8060001F020F84A
S315080056304D444A4639460DF1150005F0CCFF049550
S31508005640BAF1000F38D108F1FF33162B3BD8DFE843
S3150800565003F03F43474B3A576D73535D63683A3AD5
S31508005660777D754F3A3A83888D00049516B14C4874
S3150800567000F0A2F84B4C0C2200212046FEF72CFD28
S31508005680494B62680498C3F829202289A3F82D207B
S31508005690226812BA1A61628952BA9A83002283F87A
S315080056A030201FB0BDE8F08FB9F1000FC8D0BAF1AD
S315080056B0000FDFD04FF0FF08BAF1010F5BD121468A
S315080056C0404603F023FDB8F1FF0F7FF450AFD1E752
S315080056D0354B059A1A604AE7334B059A5A6046E7EE
S315080056E0314B059A9A6042E72F4B059ADA603EE7F6
S315080056F02D4B059A5A613AE72B4B059A9A6136E77C
S315080057009DF81420284B83F82F2030E79DF81420A5
S31508005710254B83F831202AE7234BBDF81420DA837A
S3150800572025E7214BBDF814201A8420E71F4D94E87D
S315080057300F0085E80F001AE71D4DF8E71D4DF6E73F
S315080057409DF81420184B83F8322010E79DF8142092
S31508005750154B83F833200AE7134BBDF814205A84F7
S3150800576005E7114BBDF814209A8400E70E4BBDF8E7
S315080057701420DA84FBE6BAF1020FA4D1214640468A
S31508005780FCF79AFA9FE700BFEFBEADBA2CDA0030F5
S315080057906524002408EF029040C302901CEF029093
S315080057A0F1EE02901CDA003078240024AC240024A0
S315080057B0BC240024CC2400245FF800F0596C029025
S315080057C02DE9F04FA5B0DFF89480DFF894A00546E0
S315080057D00DF10809DFF88CB00F461646002187221E
S315080057E0484605F06DF805F01F0439464046C4F1F1
S315080057F02004B44228BF34462246361B05F0EBFE89
S315080058005B46012203212744CDE900549AF8060095
S3150800581000F02EFF082322464146484600F0ECFFDA
S315080058200D4B00220321CDF800909AF8060000F0EF
S315080058301FFF0123A9B202220193A3B2A020254487
S3150800584000934346FDF740FE0A2000F00DF8002EAF
S31508005850C9DC25B0BDE8F08F40C302902CDA0030D1
S315080058606524002433EF02905FF800F0510501909B
S3150800587030B58DB00D4604462B22002101A805F04F
S315080058801FF8002D4FF00402074B18BF4FF0FF33E7
S3150800589020680DEB02010193FFF792FF236804339A
S311080058A023600DB030BD00BFEFBEADBAEE
S315080058B070B50020FFF744FE054600283ED1294C66
S315080058C06FF0FF03284A0126284984F8280004F1C6
S315080058D0340084F82F60C4E90023254BC4E9023359
S315080058E003F55B43C73363614FF4E133A361214B8F
S315080058F023634FF4FA63E3831F4BC4E908131F4974
S3150800590005F061FE1E4904F1440005F05CFE102214
S31508005910294604F1540004F0D3FF03F0CDFBFCF74D
S3150800592097F984F8286005F0010103200135FDF791
S3150800593007FB642000F028F80B2DF4D1114B022246
S315080059401A7001225A709A70DA701A715A719A711D
S31508005950DA711A725A729A72DA721A735A739A73D7
S31508005960DA7370BD78240024E202A8C064006701D7
S315080059700102A8C0010101008003008047EF0290E0
S3150800598050EF0290652400245FF800F09DDA01903C
S3150800599007B50023022101A80193FFF769FF03B0A9
S309080059A05DF804FBA1
S315080059A42DE9F0418CB01E4604468846129D1746DA
S315080059B400212B2201A804F081FF2A4631460DF165
S315080059C407008DF804808DF805708DF8065005F0EB
S315080059D400FEEA1C01A92068FFF7F0FE23680333DA
S30F080059E42B4423600CB0BDE8F081E7
S315080059EEF0B58DB004460F46164600212B2201A8A7
S315080059FE1D4604F05EFF0423072201A98DF8063022
S31508005A0E2B682068CDF807308DF804708DF8056080
S31308005A1EFFF7CFFE2368073323600DB0F0BDF7
S31508005A2CF0B58DB004460F46164600212B2201A868
S31508005A3C1D4604F03FFF0223052201A98DF8063006
S31508005A4C2B882068ADF807308DF804708DF8056042
S31308005A5CFFF7B0FE2368053323600DB0F0BDDA
S31508005A6AF0B58DB004460F46164600212B2201A82A
S31508005A7A1D4604F020FF0123042220688DF806300B
S31508005A8A2B780DEB02018DF804708DF807308DF826
S31508005A9A0560FFF790FE2368043323600DB0F0BD56
S31508005AB0F0B5002397B00D4606464868029300F0F5
S31508005AC073FC02AA69689D4800F01AFB029C03460B
S31508005AD02CB19B4800F050F9002017B0F0BD032EFA
S31508005AE003F1FF330CBFA8682046042B10D8DFE863
S31508005AF003F003ACB1B4B700924B00240C93924B5D
S31508005B0005941B68089443B9904800F035F9059C3C
S31508005B1021468F4800F030F9DEE78E4D022105A8B0
S31508005B201026FFF7A5FE2B460122214605A8FFF7FA
S31508005B305EFF2B1D0222214605A8FFF758FF05F137
S31508005B4008030322214605A8FFF751FF05F10C03B8
S31508005B500422214605A8FFF74AFF05F1140312227D
S31508005B60214605A8FFF743FF05F118030922214638
S31508005B7005A8FFF73CFF05F12F030622214605A8D5
S31508005B80FFF773FF05F131030A22214605A8FFF73F
S31508005B906CFF05F11E030B22214605A8FFF746FFF9
S31508005BA005F120030C22214605A8FFF73FFF05F162
S31508005BB034030722214605A80096FFF7F3FE05F1F0
S31508005BC044030822214605A80096FFF7EBFE05F1D7
S31508005BD054031122214605A80096FFF7E3FE05F1B6
S31508005BE032030F22214605A8FFF73FFF05F13303CD
S31508005BF03246214605A8FFF738FF05F1220315228C
S31508005C00214605A8FFF712FF05F1240316222146AF
S31508005C1005A8FFF70BFF05F126031722214605A85D
S31508005C20FFF704FF05A803F0BDFA05A8FCF7A2F8DC
S31508005C300CABFF22214605A8FFF7D9FE214608A886
S31508005C40FFF716FE85F8304061E70120FFF778FC7C
S31508005C5004465DE7FBF704FAFAE7FBF701F9F7E70D
S31508005C601022002108A804F02BFE002128220CA8E7
S31508005C7004F026FE344B00211B68ADF81C10CDE954
S31508005C800511CDE903111BB9334800F075F83FE754
S31508005C90042E20D104AB4FF40052A86800F054FA41
S31508005CA004AB014606464FF40052E86800F04CFA89
S31508005CB0049B054633B1294800F05EF8049B002B87
S31508005CC07FF426AF264C274F0396039BAB4209D990
S31508005CD00135AC1B1CE7022E01D02348D5E7FF256A
S31508005CE00E46EFE7012308AA082103A8FFF7E4FBFD
S31508005CF0039A00212046083A00F03EF8082308A92E
S31508005D000CA81A4600F078FD08A805A9002210F884
S31508005D10013B0132A3F1200CBCF15E0F88BF2E2394
S31508005D20082A01F8013BF2D105AA0CA9384600F069
S31508005D3023F8322000F01CF8C7E700BF2807002424
S31508005D4055EF0290EFBEADBA8014002434A202903B
S31508005D5006F002907824002485EF0290ABEF0290BB
S31508005D60E6EF0290FBEF0290C4EF029000000000FD
S31508005D705FF800F0510501905FF800F0596C029049
S31508005D800023012837B505460C4600931AD1324C34
S31508005D90637A43B9314800F07BF8314800F078F867
S31508005DA0002003B030BD2F4800F072F8217A2E4843
S31508005DB000F06EF8616864232C48B1FBF3F100F03B
S31508005DC067F8EAE7486800F0EFFA61686A46284823
S31508005DD000F096F9009909B12648DFE7022807D0AE
S31508005DE003281DD00128DBD11B4B23485972D5E760
S31508005DF0032DA068019103D0012301931F48CDE725
S31508005E0001AB642200F0A0F9019B002BF6D1124CDD
S31508005E10C1B220721A4800F03BF801236372BFE74B
S31508005E20032DA068019103D0012301931548B5E716
S31508005E3001AB4FF47A62012100F086F9019B002B31
S31508005E40F4D16421044B4843B0FBF1F158600E4885
S31508005E5000F01EF8A4E700BFDC08002413FC02903B
S31508005E607DFC02903EFC029052FC02906DFC029072
S31508005E7078080024B4FC0290DBFC0290F0FC029047
S31508005E801DFD02903BFD029058FD029000000000A7
S30D08005E905FF800F0596C02905E
S31508005E980023012813B50C46019318D1134B1B6828
S31508005EA8042B12D8DFE803F003090B0D0F0010487E
S31508005EB800F02EF8002002B010BD0E48F8E70E488C
S31508005EC8F6E70E48F4E70E48F2E70E48F0E74868A2
S31508005ED800F066FA01AA61680B4800F00DF9019B03
S31508005EE80BB10A48E4E7014B1860E3E700220024EF
S31508005EF86FFD029081FD0290A1FD0290C1FD0290FE
S31508005F08E2FD029005FE02903008002417FE029072
S30D08005F185FF800F0596C0290D5
S31508005F20304B9A6910B512B94FF496529A612E4CB5
S31508005F302E4A9B69204622600C2263600023C4E92E
S31508005F40023323616362C4E90523C4E9073300F019
S31508005F5063F808B101F0FCFD0021234800F054F86D
S31508005F6008B101F0F5FD00211F4800F049F808B115
S31508005F7001F0EEFD1C4800F04BF808B101F0E8FD11
S31508005F8023681B491A68184822F001021A605A68E1
S31508005F9022F07F4242F020625A6001221A620222EF
S31508005FA01A6204221A6208221A624FF400321A622E
S31508005FB04FF480521A621A6842F480421A601A68CC
S31508005FC042F480721A609A6842F001029A604FF4AD
S31508005FD0807200F011F82268136843F00103136019
S31508005FE010BD00BF78240024606A002400480040E1
S31508005FF00CD80030000000005FF800F061660290DF
S315080060005FF800F0A56702905FF800F065670290F8
S315080060105FF800F02F6702905FF800F007640290BF
S3150800602080220249024800F007B800BF8CD9003028
S315080060301C6C0024000000005FF800F06166029006
S3150800604001220849084808B500F012F8064802680F
S3150800605052E8003F43F0200342E800310029F6D118
S3150800606008BD00BF7C140024886B002400000000D3
S30D080060705FF800F07D6502905F
S315080060780C4B984210B5044601D100F0ADFC0A4B0A
S315080060889C4201D102F0B0FF084B9C4201D100F0B6
S3150800609813F8074B9C4203D1BDE8104000F010B82E
S315080060A810BD00BFF46A0024B06C00241C6C0024E0
S315080060B8886B0024000000005FF800F055880290FD
S30D080060C85FF800F0C5720290B2
S315080060D0074B984210B5044601D102F08FFF054BD5
S315080060E09C4203D1BDE8104000F006B810BD00BFC1
S315080060F0B06C0024886B00245FF800F0B96A02903F
S315080061002DE9F04100250E46904604462F462168A3
S3150800611099B115B13846BDE8F0813046FAF7E8F886
S3150800612010B9A768012506E0616821B13046FAF77B
S31508006130DFF80028F5D00C34E9E7002DEAD1012371
S30B08006140C8F80030E6E78E
S31508006148F0B504782D2C16D101300126441EDFF847
S3150800615844C000204FF00A0E02E00EFB005030380B
S3150800616814F8015F4DB11CF805707F07F5D40122B4
S3150800617800201A600DE00026E8E706B140421C68D0
S31508006188002CF4D151EA020403D08842EFDB90428E
S30D08006198EDDCF0BD896A0490F4
S315080061A02DE9F0470478DDF820E02D2C45D10130A3
S315080061B001270024DFF8AC804FF00A0903E009FB49
S315080061C00466A6F13004067884460130002E3FD0D6
S315080061D018F8065015F00405F1D12E2E3CD1844648
S315080061E04FF006090A269CF8000038B118F800A0F6
S315080061F01AF0040F02D0B9F1000F20D1BEF1060F34
S31508006200174E96BF56F82E000020604356F82940D0
S3150800621004FB050007B140429CF8004044B91C68DD
S3150800622034B951EA020406D0884201DB904202DD05
S31508006230012200201A60BDE8F0870027B9E706FBAF
S3150800624005000CF1010C09F1FF39A0F13005CAE788
S315080062504FF006093546D1E74FF00609CEE700BFED
S30D0800626048480390896A04907E
S315080062680829F0B507464FF0000027DD1860F0BD8D
S31508006278BC5D1EF8045015F0440C1CD0A4F1300C73
S31508006288BCF10A0F06D905F00305012D08BF20340D
S31508006298A4F1570C0CEB001001368E42E8DB002AF5
S315080062A8E5D121EAE171074C795C615C11F0440F8C
S315080062B818BF1A60DBE7C3F800C0EDE70646DFF843
S30D080062C804E0EAE7896A049084
S315080062D002460020F0B50446144F164612F8013B54
S315080062E0FD5C15F0440F13D0092C02D100230B6076
S315080062F013E0A3F130060A2E06D905F00305012D91
S3150800630008BF2033A3F1570606EB00100134E4E773
S3150800631040F20123E340DB07E8D4337823B1FB5C82
S3150800632013F0080308BF0B60F0BD00BF896A04902C
S3150800633038B50446154604F0ECFA00232C4404F854
S30908006340013C38BD19
S31508006344034608689842F0B501DB4868F0BD02F1D7
S315080063540050013801EBC00451F83000984219DDA9
S315080063640C46002051F83050A446461C9D4213DCC6
S31508006374A7689F4210DB01EBC600DCF804205B1B10
S315080063844068801A584351F836305B1B90FBF3F08B
S315080063941044DBE76068D9E7904204F10804EADAB6
S309080063A43046DFE7AB
S315080063A820B10138064910F8013F03B97047CA5C9D
S315080063B802F00302012A08BF20330370F3E700BF7F
S309080063C8896A04903C
S315080063CC07B5074B0A0A597002211A700122CDE942
S315080063DC001201469820FDF771F803B05DF804FB2E
S309080063EC50E000303F
S315080063F008B50322012302219820FDF7E5F870B1BC
S31508006400074B01224FF4805140201A60FFF7DEFF48
S31508006410044B3020D98CBDE80840FFF7D7BF08BD2C
S30D080064208C5F00247824002497
S315080064282DE9F0478CB0102200210DF1200A5046BC
S3150800643804F042FA4D4B1B68002B3ED04C4F3B6884
S31508006448002B3AD04B4B1B68002B34D04A4EDFF84A
S315080064585C813568D8F80000002D31D14749504687
S3150800646805F0ADF8A9462C46032132684FF47A7C24
S31508006478434B94FBF2F002FB10441B880CFB04F414
S31508006488CDE905A3B4FBF2F499FBFCF3CDE90204C4
S3150800649804933C48D8F80030CDE900233A4B01224A
S315080064A8C07B00F0E1F8002D5ED133680133012284
S315080064B83360364B1A6000233B600CB0BDE8F087A2
S315080064C8334A6B1E334942F82300334C0B6844F8A9
S315080064D823000133192093FBF0F400FB143300243E
S315080064E80B6013462246954232DC2C4B03FB0549C2
S315080064F846F2A81303FB09F9294B99FBF5F953F852
S3150800650825304B4504DB5B424B4501DC172D24DD62
S315080065184FF47A73C9F1000541F22E72302095FBC3
S31508006528F3F5174B1988294489B2914238BF1146A1
S315080065384EF6D202914228BF11461980FFF742FF4C
S315080065482A4618495046012504F0E8F802218CE73E
S3150800655853F8041B01320C44C5E71349504605F0A5
S315080065682EF80025032180E70023A0E78C5F002486
S31508006578142700241C270024BC5E002478090390ED
S315080065885C0900246524002489090390885F00248F
S31508006598C05E0024B85E0024245F002400A69DFD82
S315080065A8644803907C09039085090390C008002471
S315080065B8034B0360034B0B6080231360704700BFCF
S30D080065C890610024905F002495
S315080065D0F8B51A4B1B68F3B1194B1B68DBB1194B9D
S315080065E0194D1A682B689A42D6BFC3F58061D21A2C
S315080065F0521882421FDB002203EB0031134E144669
S31508006600134FA04209DC02B12B60124B4FF0FF3248
S31508006610186800F021F80020F8BD16F8012B01349F
S31508006620FA5401335A42C3F30903C2F3090258BFA5
S3150800663053420122E5E70320EEE700BF6066002427
S315080066405C660024506200245462002458620024C8
S3150800665072E000306C6600245FF800F06F07019066
S31108006660014B1860704700BF60660024FC
S31508006670814208B477B5144636DC1C4B1E6846B111
S315080066801B4B01224FF0FF311A601A4B186800F0B5
S315080066903FF83CB100F040F817490246174804F0A5
S315080066A041F80446154D08AB079AC4F580612819C8
S315080066B0019304F0CDF820447EB1FFF789FF0D4B16
S315080066C00446186800F020F8094B00221A60204694
S315080066D003B0BDE8704001B0704782B2084866232F
S315080066E02946006800F01CF80024F0E75C660024E0
S315080066F05866002468660024BE0903905862002480
S3150800670060660024000000005FF800F0550601905E
S315080067105FF800F0090601905FF800F091DA019041
S30D080067205FF800F0A762029081
S3150800672873B50D461446204A002B14BF1946114660
S3150800673885420ADC1D4B1E681D4B1B684BB11D4B59
S315080067484FF0FF32186800F04BF80024204602B0D4
S3150800675870BD2EB1184B4FF0FF31186800F038F8A5
S315080067683CB100F039F815490246154803F0D6FF3A
S315080067780446134D07AB069AC4F580612819019398
S3150800678804F062F820443EB1FFF71EFF0A4B0446A0
S31508006798186800F019F8D9E782B20A486623294624
S315080067A8006800F021F8D0E7EFBEADBA5C660024B1
S315080067B8586600246C66002468660024BE0903909F
S315080067C858620024606600245FF800F055060190B8
S315080067D85FF800F0090601905FF800F091DA019079
S315080067E85FF800F06F0701905FF800F0A762029063
S315080067F82DE9F3411E46144600230D460D49074662
S31508006808019303F08BFFB442DFF82C80A8BF344607
S315080068182E46731B9C4202DC02B0BDE8F081414655
S3150800682816F8012B01A803F079FF01A9384604F0E8
S311080068384BF8EEE7C7090390CC09039063
S315080068482DE9F04300208BB000F0BAF801224C4835
S315080068584C4B1146407AFFF707FF4B4F4B4B01222B
S315080068684B4EDFF844811A604FF0FF32396807A8A3
S3150800687800F09EF8DDE90723102AF5D11D0E54D13C
S31508006888C3F30B011A0BD6F8009001EB1334414BEE
S31508006898B4F5806FA4BFC1F58062A4F58065194474
S315080068A8B9F1000F28D04FF000093B480123CDF86D
S315080068B80090006800F080F818B149460920FEF7EC
S315080068C8BBFDA5B1D6F80090B9F1000F20D04FF05E
S315080068D80009314801232A46CDF800902D49006859
S315080068E800F06AF818B149460A20FEF7A5FDC4F370
S315080068F809042A4A1460B7E7294B92B2186800F0C7
S3150800690867F84FF0FF32494607A800F05DF8D8E760
S31508006918234BAAB21F49186800F05AF84FF0FF32FD
S31508006928494602A800F050F8E1E7DAB241461D48A0
S315080069380192C3F30722C3F3074300922A4603F0DA
S31508006948EDFE34687CB1002413480123182200940C
S315080069581449006800F030F8002885D021460B2035
S31508006968FEF76AFD80E70E4B18220E49186800F0F4
S315080069782FF84FF0FF32214602A800F025F873E7F2
S3150800698865240024D30903906C6600245C660024F9
S315080069984462002472E000304862002450620024F1
S315080069A86066002452E00030EA09039000000000FF
S315080069B85FF800F0C10701905FF800F08135019093
S315080069C85FF800F0510501905FF800F0B3050190F3
S30D080069D85FF800F0C9530290B4
S315080069E0024B0121186800F003B800BF986600241E
S30D080069F05FF800F06105019053
S315080069F807B5012204480091044B1146407AFFF76F
S31508006A0833FE03B05DF804FB652400240F0A0390DF
S31508006A182DE9F043002385B0394D3A4C0393ADF878
S31508006A280A302B68002B57D02368002B54D0364CD5
S31508006A380122364B1146607AFFF716FE0022344DBE
S31508006A4810201146DFF8E88000F09EF8314B2860E0
S31508006A58012202210090607AFFF706FE18222E49C5
S31508006A68286800F089F82B68012202212B4ECDE907
S31508006A7800032B4B607AFFF7F7FDFF21286800F023
S31508006A8863F84FF00109274B01220221607AFFF7C4
S31508006A98EBFD3146286800F06BF80746009001229E
S31508006AA8214B0221607AFFF7DFFDC8F80090002F16
S31508006AB8E9D11E4F03A9306800F062F880B10023B7
S31508006AC86420C8F8003000F047F8306800F04CF841
S31508006AD8306800F045F8D4E70A2000F03DF8A0E74A
S31508006AE80DF10A023946039800F026F8039800F0D3
S31508006AF827F80028F4DA039800F02AF8DAE700BF3E
S31508006B085C660024D81B002465240024270A039001
S31508006B184C620024400A0390184C039048620024EB
S31508006B28690A0390960A0390C20A039040620024F1
S31508006B3844620024000000005FF800F0CD4B019085
S31508006B485FF800F0254C01905FF800F011340190C9
S31508006B585FF800F04D4B01905FF800F05105019081
S31508006B685FF800F05D3301905FF800F09935019001
S31508006B785FF800F0BD3501905FF800F079330190B1
S31508006B885FF800F0093801905FF800F08932019043
S31508006B98F0B59DB04C22002109A803F08DFE2022ED
S31508006BA8002101A803F088FE022000F079F80023E6
S31508006BB80093304B9A6942F440429A619A6902F402
S31508006BC8404200922C4AD16A41F00101D162D26A48
S31508006BD802F001020092009A9A699404FCD5274D9E
S31508006BE800F056F800F060F827212B6FC022142011
S31508006BF8012423F01803402608272B674FF480330F
S31508006C080D960F94CDE909130223CDE9123314938F
S31508006C18CDE915230623CDE91703002309A8CDE9ED
S31508006C280B44CDE919731B9300F02AF808B172B61C
S31508006C38FEE703233F220421CDE901234FF48063AD
S31508006C48CDE903070DEB0100CDE90566CDE9073661
S31508006C5800F01AF808B172B6FEE7EB6A4FF400229C
S31508006C684FF00051204643F40023EB6200F014F875
S31508006C781DB0F0BD004802580004005800440258E8
S31508006C885FF800F0592302905FF800F0892A02900D
S31508006C985FF800F0012302905FF800F0A928029037
S31508006CA85FF800F0112302905FF800F0C1DA01904E
S31508006CB800B5B1B0A022002108A803F0FDFD0B4AD3
S31508006CC800236846CDE9002328230222CDE90223BA
S31508006CD80423CDE9043306938023079300F008F8C4
S31508006CE808B172B6FEE731B05DF804FB000008800B
S30D08006CF85FF800F08D2F0290F1
S31508006D0080B5E0B00025FAF727FF0124FCF78AFED4
S31508006D10FCF7B2FC1022002155A803F0D1FD00F0C3
S31508006D209BFE48F21F7355A8ADF85441CDE956535A
S31508006D3040F20113589300F06FFE4FF0405ED94BB6
S31508006D4055A88DF855418DF86151CDE956E300F007
S31508006D5063FE022355A88DF85E518DF85531072339
S31508006D608DF861418DF85C318DF8634100F054FE71
S31508006D70032355A88DF855314FF010435693142325
S31508006D808DF85C314FF48033589300F045FE0420AB
S31508006D9000F08EFEC44B5A6912F4003211D1BFF3CB
S31508006DA04F8FBFF36F8FC3F85022BFF34F8FBFF3D8
S31508006DB06F8F5A6942F400325A61BFF34F8FBFF39F
S31508006DC06F8FB94A536913F4803323D1C2F88430DC
S31508006DD0BFF34F8FD2F8803043F6E074C3F3C9008F
S31508006DE0C3F34E335B0103EA0406014646EA81759E
S31508006DF00139C2F86052F9D2203B13F1200FF2D1C3
S31508006E00BFF34F8F536943F480335361BFF34F8FFA
S31508006E10BFF36F8FA54D00F007FEFFF7BDFE0024F8
S31508006E20FFF74AFF1422002155A803F049FDD5F8BB
S31508006E30E03000224FF6104143F010039C4801262B
S31508006E400227C5F8E0304FF40078D5F8E03003F0B3
S31508006E5010030393039BD5F8E03043F00403C5F809
S31508006E60E030D5F8E03003F004030493049BD5F82A
S31508006E70E03043F08003C5F8E030D5F8E03003F0A1
S31508006E8080030593059BD5F8E03043F00103C5F868
S31508006E90E030D5F8E03003F001030693069BD5F8F9
S31508006EA0E03043F00203C5F8E030D5F8E03003F0EF
S31508006EB002030793079BD5F8E03043F00803C5F8AB
S31508006EC0E030D5F8E03003F008030893089B00F09B
S31508006ED0CBFD00224CF24001764800F0C5FD0022A9
S31508006EE04021754800F0C0FD01224FF480717348B7
S31508006EF000F0BAFD01226F48114600F0B5FD4FF0CB
S31508006F00080C4FF4881355A969485794CDE955C319
S31508006F1000F06EFD4FF6104355A96548CDE9553684
S31508006F20CDE9574400F064FD55A961485996CDE965
S31508006F305587CDE9574400F05BFD4CF2400355A94F
S31508006F405C48CDE95536CDE9574400F051FD40235C
S31508006F5055A95948CDE95536CDE9574400F048FDBD
S31508006F604FF4C07355A954485794CDE9553400F0E9
S31508006F703FFD55A950485994CDE95587CDE9574461
S31508006F8000F036FD4FF4807355A94C48CDE95536C7
S31508006F90CDE9574400F02CFD55A94648CDE9574799
S31508006FA0CDE9556600F024FDA02355A941482027C0
S31508006FB05794CDE9553400F01BFD55A94048579420
S31508006FC0CDE9557400F014FDD5F8D83022460A21CB
S31508006FD033430B20C5F8D830D5F8D8303340019361
S31508006FE0019BD5F8D83043F00203C5F8D830D5F858
S31508006FF0D83003F002030293029B00F071FD0B20C8
S3150800700000F07EFD22460A210C2000F069FD0C20C6
S3150800701000F076FD224603210D2000F061FD0D20CB
S3150800702000F06EFD224609210E2000F059FD0E20C3
S3150800703000F066FD22460A210F2000F051FD0F20C0
S3150800704000F05EFD22460A21102000F049FD1020BE
S3150800705000F056FD22460321112000F041FD1120C3
S3150800706000F04EFD22460A212F2000F039FD2F2080
S3150800707000F046FD22460A21382000F031FD38206E
S3150800708000F03EFD22460A21392000F029FD39206C
S3150800709000F036FD22460A213A2000F021FD3A206A
S315080070A010E000BF0F00010300ED00E000440258A5
S315080070B000100258000C0258000802580000025836
S315080070C00004025800F01CFD22460A213B2000F06D
S315080070D007FD3B2000F014FD22460A213C2000F063
S315080070E0FFFC3C2000F00CFD22460A21442000F05B
S315080070F0F7FC442000F004FD22460A21452000F052
S31508007100EFFC452000F0FCFC0A212246462000F050
S31508007110E7FC462000F0F4FCA548A64B84800360F3
S31508007120802347618361066200F0AAFC014608B124
S3150800713072B6FEE72422A04C55A803F0C1FB9F4B6C
S315080071402046236000F08CFC024608B172B6FEE7C2
S315080071500A23559055A9CDE95630CDE95860204601
S3150800716000F04EFC08B172B6FEE7102255A920467B
S3150800717000F046FC08B172B6FEE7914C914B924F6F
S315080071802062C4E90206C4E90400C4E906002046F0
S31508007190C4E9007300F0C0FC014608B172B6FEE708
S315080071A0204600F015FC014608B172B6FEE72046F7
S315080071B000F06AFC034608B172B6FEE78348844AC3
S315080071C08360C0E900230F22C0E90533C0E9032321
S315080071D0C0E90833C0E90A33C0E90D33C0E90F3303
S315080071E0C0E91133C0E91333C0E9153300F030FCA8
S315080071F008B172B6FEE7774C4FF4E133764D20615D
S31508007200C4E900530C23C4E90200C4E90530C4E903
S315080072100700C4E90900204600F06AFC014608B1E7
S3150800722072B6FEE7204600F03FFC08B172B6FEE7EC
S315080072300021684800F0ECFB08B172B6FEE7654825
S3150800724000F0FAFB054608B172B6FEE701461022C1
S3150800725047A8624C03F034FB102229464EA84295F3
S31508007260CDE9405503F02CFB1C22294655A803F00E
S3150800727027FB4FF080400523A560A561C4E90003FC
S315080072804FF0FF332046C4E9033500F0BDFB08B1D3
S3150800729072B6FEE74FF4805347A92046479300F09D
S315080072A0A3FB08B172B6FEE7204600F0F1FB08B171
S315080072B072B6FEE7204600F0FFFB08B172B6FEE79D
S315080072C05023429040A92046409300F00DFC024608
S315080072D008B172B6FEE701234E9051904EA9CDE94A
S315080072E04F30204600F014FC08B172B6FEE7302392
S315080072F057905990042255A9CDE95530204600F0FB
S31508007300BBFB08B172B6FEE75590082255A9204680
S3150800731000F0B2FB08B172B6FEE700252F4801F06F
S3150800732023F81C22294655A82D4C04265095CDE94C
S315080073304E5503F0C5FA2B4A4FF480234FF4AC613F
S3150800734020462661A5822577656384F83850C4E906
S31508007350002308234FF48062C4E90235C4E9091200
S3150800736001230322A361E363C4E90B2500F058FB5C
S3150800737008B172B6FEE74E904EA9204600F090FB83
S3150800738008B172B6FEE70623DFF85CA0579055A948
S315080073905A908DF86D012046CDE955A340F2FF734A
S315080073A0CDE9583600F078FB00B372B6FEE700BFA9
S315080073B05C720024004C0258487200240074004095
S315080073C07C710024DB3FB00000540040CC6F0024E1
S315080073D000380040F46A002400100140086E0024BA
S315080073E038740024002002400800900C9E4C0C259E
S315080073F04FF41653DFF8A0922061C4E90200C4E9ED
S315080074000550C4E90700C4E909002046C4E9009309
S3150800741000F06EFB014608B172B6FEE7204600F0A2
S3150800742043FB014608B172B6FEE7204600F0F0FAC3
S3150800743008B172B6FEE7204600F0FEFA08B172B649
S31508007440FEE78A4C4FF4E133DFF85082A062C4E9C4
S315080074500200C4E90405C4E90600C4E90800204698
S31508007460C4E9008300F044FB014608B172B6FEE7A2
S31508007470204600F019FB014608B172B6FEE7204621
S3150800748000F0C6FA08B172B6FEE7784800F04CFB81
S31508007490054608B172B6FEE701461C2255A8744C8B
S315080074A003F00EFA4FF4802A724B4FF4B86E012798
S315080074B004262046A5822661A7612577656384F898
S315080074C03850E763C4E9003A0823C4E902354FF4A3
S315080074D08063C4E909E30323C4E90B3500F0A0FA85
S315080074E008B172B6FEE7644B4FF0060940F2FF7822
S315080074F057905A9055A98DF86D012046CDE9553912
S31508007500CDE9588600F0C8FA08B172B6FEE75B4CBA
S315080075104FF07F0C5A4B20616061C4E90030FF23AD
S31508007520C4E906002046C4E902C300F065FA01462C
S3150800753008B172B6FEE7204600F0F2FA054608B131
S3150800754072B6FEE74F4C01461C2255A803F0B8F95F
S315080075504D4B2046A582A7612577656384F8385088
S31508007560E763C4E9003AC4E90356C4E90955C4E91E
S315080075700B5500F055FA08B172B6FEE7434B55A90C
S315080075808DF86D01CDE95708CDE959602046CDE95A
S31508007590553900F081FA044608B172B6FEE701468D
S315080075A0102247A83A4D03F08BF91C2221464EA813
S315080075B04294384ECDE9404403F082F92C22214604
S315080075C055A803F07DF91F232846AC606C61C5E910
S315080075D0006347F22F53C5E903348023AB6100F0FB
S315080075E013FA08B172B6FEE74FF4805347A9284646
S315080075F0479300F0F9F908B172B6FEE7284600F09D
S3150800760063FA08B172B6FEE7202340A920484093E2
S315080076100023429300F068FA08B172B6FEE76024C8
S3150800762043F69823549004224EA9CDE95000CDE99B
S3150800763052001748CDE94E4300F04EFA08B172B62B
S31508007640FEE74FF4005359905F9055A9CDE95500D0
S31508007650CDE95700CDE95A300D4800F04DFA0446F9
S31508007660F0B172B6FEE700BF1C6C0024886B0024DC
S31508007670D4730024002102400004002A5470002418
S31508007680004000587073002400600258000084CB44
S31508007690BC6D00240040014000780040007C00409A
S315080076A0AC4800F061FEAC484FF48003AB498460F7
S315080076B04461C0E900130723C0E903344FF080632F
S315080076C0C0E906344FF08043C0E90844C0E90A44DB
S315080076D0C0E90D34C0E90F44C0E91144C0E91344B8
S315080076E0C0E9154400F0B4F908B172B6FEE79C4C3F
S315080076F04FF416539B4A2061C4E900230C23C4E9BE
S315080077000200C4E90530C4E90700C4E909002046B7
S3150800771000F0EEF9014608B172B6FEE7204600F021
S31508007720C3F9014608B172B6FEE7204600F070F9C3
S3150800773008B172B6FEE7204600F07EF9034608B1A6
S3150800774072B6FEE78848894AC0E9002300F090F936
S31508007750054608B172B6FEE7FCF782F98448FEF7DB
S315080077607FFF0121834B2A460846834CFEF780FF9C
S315080077700122824B0DAE11461046FEF779FF04F141
S31508007780200700F055F900F09BF9FCF7F1FAFEF72F
S315080077908FF800F021F9F9F7D5F9F9F7D5F9F9F7DE
S315080077A0EFF9F9F719FA00F04BF900F04DF9FEF781
S315080077B0B7FBFEF735FCFEF743FCFCF7C9F8FCF708
S315080077C057F96F48012202216E4B0078FEF750FFE9
S315080077D009A8CDE9095500F097F96B4B18600BA875
S315080077E0CDE90B5500F090F9684B186094E80F0046
S315080077F086E80F002946304600F0F2F8644B11AED1
S31508007800186094E80F0086E80F002946304600F015
S31508007810E7F8604B15AE186004F110030FCB86E845
S315080078200F002946304600F0DBF85B4B19AE1860AE
S3150800783094E80F0086E80F002946304600F0D0F895
S31508007840564B1DAE18600FCF0FC697E8070086E89F
S31508007850070029461DA800F03BF904F13C07504BE8
S3150800786024AE18600FCF0FC697E8070086E8070012
S31508007870294624A800F02CF904F15807494B2BAEE9
S3150800788018600FCF0FC697E8070086E80700294655
S315080078902BA800F01DF904F17407434B32AE1860AB
S315080078A00FCF0FC697E8070086E80700294632A8D3
S315080078B000F00EF904F190073C4B39AE18600FCF73
S315080078C00FC697E8070086E80700294639A800F09A
S315080078D0FFF804F1AC07364B40AE18600FCF0FC661
S315080078E097E8070086E80700294640A800F0F0F860
S315080078F004F1C8072F4B47AE18600FCF0FC697E89D
S31508007900070086E80700294647A800F0E1F804F1D1
S31508007910E407294B4EAE04F5807418600FCF0FC6E6
S3150800792097E8070086E8070029464EA800F0D0F831
S31508007930224B55AE18600FCC0FC694E8070086E8B0
S315080079400700294655A800F0C3F81D4B186000F03B
S315080079503BF8FEE7BC6D0024446F0024003C004061
S31508007960B06C0024004C00407870002400180248CF
S31508007970F46A00244CA40290C8480390EC0A0390C9
S31508007980652400241B0B03906866002464660024A3
S315080079907866002474660024706600246C660024E9
S315080079A09C66002498660024946600249066002449
S315080079B08C66002488660024846600248066002479
S315080079C07C660024000000005FF800F0E5040190E2
S315080079D05FF800F0692202905FF800F08D09000058
S315080079E05FF800F04B0701905FF800F039330000AC
S315080079F05FF800F0750C02905FF800F0DD41029028
S31508007A005FF800F0A5EC01905FF800F0412E000049
S31508007A105FF800F0A56702905FF800F09DE9019015
S31508007A205FF800F00DE501905FF800F01DDA0190AF
S31508007A305FF800F0010001905FF800F02F670290F0
S31508007A405FF800F0512500005FF800F0BD25000042
S31508007A505FF800F06D4602905FF800F061E901906A
S31508007A605FF800F0CBEB01905FF800F0890F029009
S31508007A705FF800F0494002905FF800F041300000DE
S31508007A805FF800F081EA01905FF800F0B5220290F5
S31508007A905FF800F0612F00005FF800F0C1DC01908C
S31508007AA05FF800F0CDE701905FF800F06567029097
S31508007AB05FF800F07DE901905FF800F0A12E000064
S31508007AC05FF800F0010600005FF800F0012F0000E3
S31508007AD05FF800F0FD0401905FF800F0A5300000A3
S31508007AE05FF800F0BDE801905FF800F0853A000005
S31508007AF05FF800F0076402905FF800F0193B000099
S31508007B005FF800F021E901905FF800F0FB050190AD
S31508007B105FF800F00D3200005FF800F025120290C1
S31508007B205FF800F0774402905FF800F0EF66029085
S31508007B300268034B9A4201D100F006B8704700BFAD
S31508007B4000140040000000005FF800F079DA0190A8
S30908007B5072B6FEE716
S31508007B5813B5134C00220F216FF00100D4F8F43046
S31508007B6843F00203C4F8F430D4F8F43003F00203FF
S31508007B780093009B00F020F8D4F8F43043F400434F
S31508007B88C4F8F430D4F8F43003F400430193019BA5
S31508007B9800F00AF8022002B0BDE8104000F008B864
S31508007BA800440258000000005FF800F0E1DA01908E
S31508007BB85FF800F0CDDA01905FF800F0BDE80190B3
S31508007BC81422002130B58BB005460DEB020002F0F1
S31508007BD873FE2B684F4A93424AD14F4A13680133BA
S31508007BE8012B13600CD14D4BD3F8D82042F0200254
S31508007BF8C3F8D820D3F8D83003F020030093009BA5
S31508007C08464B4FF0400E05A94548D3F8E020454CA9
S31508007C1842F00102C3F8E020D3F8E03003F001038C
S31508007C280193019B0323CDE905E300F089F83E4A51
S31508007C3809234FF480614FF40050C4E900234FF438
S31508007C4800620023C4E904124FF48072C4E90602EC
S31508007C584FF48032C4E9023322622046636200F098
S31508007C6873F808B1FFF770FFEC64A5630BB030BD75
S31508007C782E4A93423DD1284A13680133012B1360D3
S31508007C880CD1264BD3F8D82042F02002C3F8D820C6
S31508007C98D3F8D83003F020030293029B1F4B05A99B
S31508007CA82348D3F8E020234C42F00402C3F8E02026
S31508007CB80122D3F8E03003F004030393039B03235C
S31508007CC8CDE9052300F03CF80A234FF400621A4967
S31508007CD84FF480604FF4005CC4E90013C4E9040259
S31508007CE800234FF48072C4E90233C4E906C223624A
S31508007CF8B3E7124A9342B9D1084BD3F8E02042F0C9
S31508007D088072C3F8E020D3F8E03003F08073049358
S31508007D18049BABE7002002409C74002400440258E8
S31508007D2800000258F8720024580002400021024058
S31508007D380008025880720024700402400060025845
S31508007D485FF800F0750C02905FF800F0D9F0019022
S31508007D58026882B0094B9A420DD1A3F50063D3F89D
S31508007D68E02042F40022C3F8E020D3F8E03003F418
S31508007D7800230193019B02B0704700BF004C0258CC
S31508007D8830B589B005461422002103A802F094FDEF
S31508007D982A68234B9A4241D1224B03A92248D3F891
S31508007DA8E820224C42F00052C3F8E820D3F8E8202D
S31508007DB802F000520192019AD3F8E02042F001023B
S31508007DC8C3F8E0203022D3F8E03003F00103029329
S31508007DD8029B0323CDE9032300F02EF84FF48052C3
S31508007DE84FF4806C432312494FF4804E4020C4E96F
S31508007DF804C24FF48072C4E900130023C4E906E2FA
S31508007E084FF48032C4E902032046C4E9082300F087
S31508007E1817F808B1FFF798FEAC60A56309B030BD3E
S31508007E28007400400044025800000258D07100242B
S31508007E3840000240000000005FF800F0750C029050
S30D08007E485FF800F0D9F0019083
S31508007E5070B5B8B006461422002103A802F030FD1A
S31508007E60C022002108A802F02BFD3268364B9A4240
S31508007E7068D10822002308A8CDE9082300F074F881
S31508007E8008B1FFF765FE314CC020002503A9D4F8D8
S31508007E90E03043F00203C4F8E030D4F8E03003F0F1
S31508007EA002030193019B1223CDE903030423284807
S31508007EB00793CDE9055500F067F8D4F8E830DFF800
S31508007EC0A0C043F40013C4F8E830D4F8E830214CD5
S31508007ED003F4001320460293029B2123C4E900C33E
S31508007EE04FF48063C4E90255C4E90435C4E906556C
S31508007EF0C4E9085500F044F808B1FFF729FE164A08
S31508007F002223F4634021A663144CC4E9002300230A
S31508007F104FF480622046C4E90213C4E90423C4E985
S31508007F200633C4E9083300F02BF808B1FFF710FE52
S31508007F301F20B46300220A21A66300F019F81F2047
S31508007F4000F01AF838B070BD0054004000440258DA
S31508007F500004025804710024880002408C70002432
S31508007F6070000240000000005FF800F08D2F0290BC
S31508007F705FF800F0BDE801905FF800F021E9019094
S31508007F805FF800F0D9F001905FF800F0750C0290E8
S31508007F9010B5B2B00446C022002102A802F090FC37
S31508007FA022680E4B9A4217D14FF40032002302A8DA
S31508007FB0CDE9022300F018F808B1FFF7C9FD084B10
S31508007FC0D3F8DC2042F04002C3F8DC20D3F8DC30DA
S31508007FD003F040030193019B32B010BD001802481C
S31508007FE000440258000000005FF800F08D2F029050
S31508007FF010B5B0B00446C0220021684602F060FC05
S3150800800022680C4B9A4212D100234FF4800268462C
S31508008010CDE900234FF480732D9300F011F808B1D1
S31508008020FFF796FD044A136F43F40043136730B015
S3150800803010BD00BF00400058004402580000000070
S30D080080405FF800F08D2F029095
S3150800804870B51422BAB0064600210DEB020002F0FC
S3150800805833FCC02200210AA802F02EFC3368694ABC
S3150800806893425FD100234FF480520AA8CDE90A2328
S315080080784FF48043229300F0E3F808B1FFF764FD54
S31508008088614B002402250526D3F8E82005A95F4890
S3150800809842F48042C3F8E820D3F8E82002F4804284
S315080080A80092009AD3F8E02042F00202C3F8E020D2
S315080080B8D3F8E02002F002020192019AD3F8E020F0
S315080080C842F00802C3F8E020D3F8E030099603F036
S315080080D808030293029B4FF44043CDE90744CDE9D0
S315080080E8053500F0B1F8082305A949480996CDE9E8
S315080080F80535CDE9074400F0A7F8102305A9434834
S31508008108CDE905350723CDE90744099300F09CF81E
S31508008118242022460A2100F08FF8242000F088F847
S315080081283AB070BD3B4A9342FAD100234FF48052C5
S315080081380AA8CDE90A234FF48043229300F080F871
S3150800814808B1FFF701FD304B00254FF4E05005A9AB
S31508008158D3F8E820304C42F40042C3F8E820D3F8B4
S31508008168E82002F400420392039AD3F8E02042F08A
S315080081780402C3F8E020D3F8E03003F004030493BC
S31508008188049B0223CDE90503CDE9075306232348B3
S31508008198099300F059F83D23DFF88CC02046C4E956
S315080081A800C34FF48063C4E90255C4E90435C4E939
S315080081B80655C4E9085500F04BF808B1FFF7C4FCA2
S315080081C8174A3E23F4674021A663164CC4E90023E0
S315080081D800234FF480622046C4E90213C4E9042345
S315080081E8C4E90633C4E9083300F032F808B1FFF7E2
S315080081F8ABFC332000220A21B467A66300F01CF8FA
S3150800820833208BE70038004000440258000402581F
S31508008218000C0258003C0040CC6E002400080258A6
S31508008228A0040240546E002488040240000000009E
S315080082385FF800F021E901905FF800F0BDE80190C9
S315080082485FF800F08D2F02905FF800F0750C029029
S30D080082585FF800F0D9F001906F
S3150800826030B589B005461422002103A802F028FB80
S315080082702B68B3F1804F4AD12D4B03A92D48D3F86B
S31508008280E8202D4C42F00102C3F8E820D3F8E82094
S3150800829002F001020092009AD3F8E02042F00102AF
S315080082A0C3F8E0204FF40042D3F8E03003F00103AE
S315080082B00193019B0223CDE903230123079300F0D1
S315080082C04FF813231D494FF480524FF4806C402019
S315080082D0C4E900130023C4E904C24FF48042C4E988
S315080082E002032046C4E90623C4E9083300F034F83B
S315080082F008B1FFF72DFC1C20AC6200220321A56300
S3150800830000F022F81C2000F023F809B030BD0C4A12
S315080083109342FAD1064BD3F8F02042F48032C3F8E0
S31508008320F020D3F8F03003F480330293029BECE795
S315080083300044025800000258446D0024A000024080
S3150800834000400140000000005FF800F0BDE8019021
S315080083505FF800F021E901905FF800F0D9F001908C
S30D080083605FF800F0750C0290AD
S3150800836810B588B004461422002103A802F0A4FA1E
S315080083782368B3F1804F18D1184B08211848D3F849
S31508008388E02042F00202C3F8E020D3F8E03003F018
S3150800839802030193019B0223CDE90313012303A9D1
S315080083A8079300F025F808B010BD0E4A9342FAD193
S315080083B80A4B03A90C48D3F8E02042F01002C3F888
S315080083C8E0204022D3F8E03003F010030293029B22
S315080083D80223CDE9032304230793E2E7004402585E
S315080083E8000402580040014000100258000000002E
S30D080083F85FF800F0750C029015
S3150800840070B5C0B00446142200210BA802F058FA31
S31508008410C022002110A802F053FA2368A74A934203
S315080084206BD10222002310A8CDE9102300F034FAFC
S3150800843008B1FFF78DFBA24B00260BA9A148D3F87C
S31508008440E820A14D42F40022C3F8E820D3F8E8203A
S3150800845002F400220192019AD3F8E02042F00102C8
S31508008460C3F8E0204FF4C052D3F8E03003F001031C
S315080084700293029B0223CDE90B230623CDE90D6661
S315080084800F9300F005FA3F2390492846C5E90013E3
S315080084904FF48063C5E90266C5E90436C5E9066690
S315080084A0C5E9086600F0ECF908B1FFF751FB40236F
S315080084B0DFF844E2C4F880504FF48062AC63844D20
S315080084C0C5E900E3AB60002328466B62C5E90332C1
S315080084D0C5E90533C5E9073300F0D2F908B1FFF756
S315080084E037FB342000220A21E567AC6300F0D8F98F
S315080084F0342000F0C9F940B070BD764A93426CD179
S315080085000222002310A8CDE9102300F0C5F908B10E
S31508008510FFF71EFB6A4B4FF4C07500266E48D3F86A
S31508008520E8200BA942F08042C3F8E820D3F8E820F7
S3150800853002F080420392039AD3F8E02042F0100238
S31508008540C3F8E020D3F8E03003F010030493049B4B
S315080085500223CDE90B530123604DCDE90D630723B3
S315080085600F9300F095F95023DFF890C12846C5E926
S3150800857000C34023C5E902364FF48063C5E90666A1
S31508008580C5E90436C5E9086600F07AF908B1FFF7C7
S31508008590DFFA53484F23E5674FF48062AC63514DC9
S315080085A0C5E9000300232846C5E904234FF4807271
S315080085B0AB616B62C5E90233C5E9072300F060F9D0
S315080085C008B1FFF7C5FA522000220A21C4F88050E4
S315080085D0AC6300F065F952208BE7434A934240F0BA
S315080085E091800222002310A8CDE9102300F054F947
S315080085F008B1FFF7ADFA324B00260BA93648D3F877
S31508008600E8203A4D42F00042C3F8E820D3F8E820C3
S3150800861002F000420592059AD3F8E02042F01002D3
S31508008620C3F8E0200322D3F8E03003F010030693E2
S31508008630069B0223CDE90B230123CDE90D6308230D
S315080086400F9300F025F9522329492846C5E9001356
S315080086504023C5E902364FF48063C5E90666C5E9D5
S315080086600436C5E9086600F00BF908B1FFF770FA99
S315080086705123DFF88CE0E5674FF48062AC631D4D4B
S31508008680C5E900E300232846C5E904234FF48072B0
S31508008690AB616B62C5E90233C5E9072300F0F0F860
S315080086A008B1FFF755FA532000220A21C4F8805072
S315080086B0AC6300F0F5F853201BE700BF004C004000
S315080086C00044025800000258E8690024B804024031
S315080086D0706900240078004000100258F8680024E9
S315080086E02804024080680024007C004008680024B2
S315080086F0400402409067002428000240100402400B
S3150800870058040240554A934250D10122002310A82A
S31508008710CDE9102300F0C0F808B1FFF719FA504B5D
S315080087204FF4C06000260BA9D3F8F0204D4D42F057
S315080087301002C3F8F020D3F8F02002F010020792D6
S31508008740079AD3F8E02042F00102C3F8E020D3F8F4
S31508008750E03003F001030893089B0223CDE90B03DD
S31508008760072341480F93CDE90D6600F091F82A23B7
S31508008770DFF808C12846C5E900C34023C5E9023623
S315080087804FF48063C5E90666C5E90436C5E9086697
S3150800879000F076F808B1FFF7DBF9252000220A2158
S315080087A0E567AC6300F07CF82520A2E62F4A9342E1
S315080087B07FF4A1AE0222002310A8CDE9102300F011
S315080087C06BF808B1FFF7C4F9254B00260BA9284812
S315080087D0D3F8E820274D42F48022C3F8E820D3F8DE
S315080087E0E82002F480220992099AD3F8E02042F0A0
S315080087F00802C3F8E0204FF44072D3F8E03003F0E3
S3150800880008030A930A9B0223CDE90B230123CDE92A
S315080088100D6307230F9300F03BF82D2316492846CE
S31508008820AE616E62C5E900134FF48063C5E904368C
S315080088304FF48073C5E90266C5E9073600F020F8EB
S3150800884008B1FFF785F9272000220A21C4F88050CD
S31508008850AC6300F025F827204BE600BF0010014066
S3150800886000440258186700240000025800480040D7
S31508008870000C0258A0660024B8000240100002400E
S315080088805FF800F0D9F001905FF800F021E9019057
S315080088905FF800F0750C02905FF800F08D2F0290DB
S30D080088A05FF800F0BDE8019045
S315080088A803683B4A934210B5044617D1394A4FF430
S315080088B8C0513948D2F8E83023F40023C2F8E83022
S315080088C800F07EF8D4F8800000F076F8E06F00F043
S315080088D873F83420BDE8104000F076B82F4A934262
S315080088E814D12C4A4FF4C0712D48D2F8E83023F039
S315080088F88043C2F8E83000F063F8E06F00F05CF8EF
S31508008908D4F8800000F058F85220E3E7254A934245
S3150800891813D1204A03212248D2F8E83023F000432D
S31508008928C2F8E83000F04CF8E06F00F045F8D4F8E3
S31508008938800000F041F85320CCE71B4A934210D137
S31508008948144A4FF4C0611448D2F8F03023F01003E3
S31508008958C2F8F03000F034F8E06F00F02DF8252062
S31508008968B8E7124A934211D10A4A4FF4407110489F
S31508008978D2F8E83023F48023C2F8E83000F020F86B
S31508008988D4F8800000F018F82720A3E710BD00BF28
S31508008998004C004000440258000002580078004085
S315080089A800100258007C00400010014000480040B2
S315080089B8000C0258000000005FF800F009F4019066
S315080089C85FF800F0450E02905FF800F03DE9019067
S315080089D80F2810B504468AB002D901200AB010BD7E
S315080089E801460022372000F04BF8372000F03CF803
S315080089F8184B694602A81C60174BD3F8E82042F0C2
S31508008A082002C3F8E820D3F8E83003F020030193DE
S31508008A18019B00F039F8079BC3B900F02DF80F4CF5
S31508008A280F4B236040F2E733E3600E4BB0FBF3F0DD
S31508008A3801380023606020462361A36000F028F807
S31508008A480028CAD1204600F013F8C7E700F014F842
S31508008A584000E4E7E80C002400440258A074002407
S31508008A680014004040420F005FF800F021E9019029
S31508008A785FF800F0CD2A00005FF800F0192D029083
S31508008A885FF800F0BDE801905FF800F0612D0290EC
S30D08008A985FF800F0412E000012
S30708008AA0FEE7E1
S30708008AA2FEE7DF
S30708008AA4FEE7DD
S30708008AA6FEE7DB
S30708008AA8FEE7D9
S30708008AAA704705
S31508008AB0014800F005B800BF186700240000000050
S30D08008AC05FF800F071FA01905D
S31508008AC8014800F005B800BF7069002400000000DE
S30D08008AD85FF800F071FA019045
S31508008AE0014800F005B800BFD0710024000000005E
S30D08008AF05FF800F071FA01902D
S31508008AF84FF40053044810B5044CA36100F008F875
S31508008B084FF00053A36110BDF872002400100258F4
S30D08008B185FF800F071FA019004
S31508008B20014800F005B800BF0471002400000000E9
S30D08008B305FF800F071FA0190EC
S31508008B38014800F005B800BF8C700024000000004A
S30D08008B485FF800F071FA0190D4
S31508008B50014800F005B800BF446D0024000000007D
S30D08008B605FF800F071FA0190BC
S31508008B684FF4804310B5044CA36100F009F84FF0A0
S31508008B788043A36110BD00BF001002580000000022
S30D08008B885FF800F0C9250000A2
S31508008B90014800F005B800BF7C7100240000000001
S30D08008BA05FF800F017160290B9
S31508008BA8014800F005B800BFCC6F0024000000009B
S30D08008BB85FF800F0ED50029091
S31508008BC0014800F005B800BFF46A00240000000060
S30D08008BD05FF800F099550290C8
S31508008BD800F002B8000000005FF800F07576029011
S31508008BE8014800F005B800BFA06600240000000090
S30D08008BF85FF800F071FA019024
S31508008C00014800F005B800BF446F002400000000CA
S30D08008C105FF800F0ED50029038
S31508008C18014800F005B800BFB06C00240000000049
S30D08008C285FF800F0995502906F
S31508008C3008B5034800F008F8BDE8084000F008B891
S31508008C40A0740024000000005FF800F0FB2B000071
S30D08008C505FF800F0D5270000CB
S31508008C58014800F005B800BFF868002400000000C5
S30D08008C685FF800F071FA0190B3
S31508008C70014800F005B800BF806800240000000025
S30D08008C805FF800F071FA01909B
S31508008C88014800F005B800BF086800240000000085
S30D08008C985FF800F071FA019083
S31508008CA0014800F005B800BF9067002400000000E6
S30D08008CB05FF800F071FA01906B
S31508008CB8014800F005B800BF8072002400000000D3
S30D08008CC85FF800F071FA019053
S31508008CD0014800F005B800BFFC760024000000003B
S30D08008CE05FF800F0930602900C
S30908008CE8FFF7F2BFD3
S31508008CF0014800F005B800BFCC6E00240000000053
S30D08008D005FF800F071FA01901A
S31508008D08014800F005B800BF546E002400000000B2
S30D08008D185FF800F071FA019002
S31508008D20014800F005B800BFE8690024000000000B
S30D08008D305FF800F071FA0190EA
S31508008D38014800F005B800BF1C6C002400000000BC
S30D08008D485FF800F0995502904E
S31508008D5010B5064C2368DB699B0604D40348BDE8B6
S31508008D60104000F009B800F003F8F3E7886B002418
S31508008D705FF800F0B96A02905FF800F09955029022
S30908008D800120704709
S31508008D84024B16224FF0FF301A607047D47901243B
S31108008D94014B16221A60FEE7D479012470
S31508008DA070B50D4614460E46731B9C4201DC2046E0
S31108008DB070BDAFF3008006F8010BF5E774
S31508008DBC70B50D4614460E46731B9C4201DC2046C4
S31108008DCC70BD16F8010BAFF30080F5E748
S30B08008DD84FF0FF30704762
S30F08008DDE4FF4005300204B60704765
S30908008DE801207047A1
S30908008DEC002070479E
S31508008DF00A4A0346116810B509B90949116010688D
S31508008E00084C09490344091B8B4283BF074B0C22B4
S31508008E104FF0FF30136088BF1A6010BDF07400244D
S31508008E20E879012400A0000000000824D479012470
S31508008E30254AD2F8883043F47003C2F88830234AAA
S31508008E40136803F00F03062B05D8136823F00F03E6
S31508008E5043F0070313601E4B1A6842F001021A60BA
S31508008E6000221A611B4A19680A4018491A600A68DA
S31508008E70120705D50A6822F00F0242F007020A60B7
S31508008E80002215499A61DA611A6299621349D96210
S31508008E90134919635A639963DA6319645A6419683A
S31508008EA021F4802119601A660E4B1B686FF30F03B5
S31508008EB0B3F1005F03D20C4B0122C3F808210B4B18
S31508008EC043F2D2021A60704700ED00E0002000521B
S31508008ED0004402587FEDF6EA000202020000FF0194
S31508008EE0800201010010005C008000510040005221
S31508008EF070B52948002400F073F8284B03F8014B95
S31508008F000134B4F5807FF9D122460021244801F0C6
S31508008F10D7FC244E0023244D22462149234833609A
S31508008F202B6000F061F822461C49204800F04CF8F6
S31508008F304FF4967000F050F8336813B91C4800F0E7
S31508008F404FF82B6813B91B4800F04AF8174800F089
S31508008F503FF80146184800F043F83368B3B12B6868
S31508008F60A3B1164800F03CF800210D4A0B4612F84A
S31508008F70010B984203F1010318BF0131B3F5807F55
S31508008F80F5D1002904DD0E4800F02AF8002070BD4E
S31508008F900C4800F025F8F9E7AF0B039072E50030AE
S31508008FA072E40030F8740024F4740024B06C0024D1
S31508008FB0EB0B0390080C0390260C03903B0C0390D4
S31508008FC0560C0390740C03905FF800F0C953029096
S31508008FD05FF800F0635E02905FF800F051050190BB
S31508008FE05FF800F0596C02905FF800F06166029035
S31108008FF0014B01221A607047F874002437
S31108008FFC014B01221A607047F47400242F
S31508009008084B094A997B1160597B084A1170197BE4
S31508009018074A1B8911702D3B064A5343064A1360B3
S31508009028704700BF9C7600240C220024815E002429
S31108009038805E002440420F00E808002477
S3150800904800231548194610B410F8012F52B1A2F199
S315080090582F040A2C03D9413A192A88BF012301315A
S315080090680A29F1D10D48002110F8012F52B1A2F1B1
S315080090782F040A2C03D9413A192A88BF012301313A
S315080090880A29F1D123B106485DF8044B00F00CB85B
S315080090985DF8044B704700BFAA760024B47600240E
S315080090A8BA0C0390000000005FF800F0596C0290B3
S315080090B810B54FF4FA73104C1049238004F10F00C9
S315080090C863804FF41673A38040F2DC53E38064236D
S315080090D8238141F20343638140F20733A3810123C5
S315080090E8A37302F06CFA04F11900054902F067FA4D
S315080090F8BDE81040FFF784BF9C760024410D039015
S309080091089729039002
S3150800910C01380B280AD8DFE800F0060B0F13171BDB
S3150800911C1F232B2F3A270A781E4B9A72FFF76EBF1E
S3150800912C0A781C4BDA72F9E70A781A4B1A73F5E7C0
S3150800913C0A78184B9A73F1E70A88164B1A80EDE7EA
S3150800914C0A88144B5A80E9E70A88124B9A80E5E795
S3150800915C0A88104BDA80E1E70A880E4B1A81DDE79C
S3150800916C0A780C4B5A73D9E70A680A4BC3F80F20CE
S3150800917C4A68C3F813200A89A3F81720CEE70A68A9
S3150800918C044BC3F819204A68C3F81D200A89A3F8AA
S30D0800919C2120C3E79C7600249C
S315080091A473B50122274D04460A262B461146FCF7B9
S315080091B45AFC6B1C204602220121FCF754FCAB1C0A
S315080091C4204603220121FCF74EFCEB1C204609220B
S315080091D40121FCF748FC2B1D204604220121FCF73B
S315080091E442FCA5F10A03204605220121FCF71CFCD2
S315080091F4A5F10803204606220121FCF715FCAB1F3E
S31508009204204607220121FCF70FFC2B1F20460822C3
S315080092140121FCF709FCAB1E20460C220121FCF7B0
S3150800922403FC6B1D3246204601210096FCF7B8FB69
S3150800923405F10F030B22012120460096FCF7B0FB2B
S30D0800924402B070BDA6760024F5
S315080092501FB504284FF0000388680C46CDE9023391
S315080092601CBF01230293FDF79FF8029B23B14B48CD
S3150800927000F0C2F804B010BD02AAA1684848FCF77D
S315080092803FFF029B002BF2D101380B281BD8DFE8E1
S3150800929000F0060F1F262C394653606D798001238E
S315080092A0404A41480093414BE168FBF7E9FB0AE075
S315080092B003AB05223E4800933223E168FBF77CFBAB
S315080092C03C4B039ADA72FFF7BFFEFFF79DFED1E724
S315080092D00123394A39480093394BE168E5E7394AA9
S315080092E0E1683948FBF714FCEDE703AB642237481D
S315080092F0009341F28833E168FBF75EFB2D4B039A36
S315080093001A80E0E703AB64223148009341F28833C0
S31508009310E168FBF751FB274B039A5A80D3E703AB67
S315080093203C222C4800934FF41673E168FBF744FB84
S31508009330204B039A9A80C6E703AB6422264800931B
S3150800934041F28833E168FBF737FB1A4B039ADA8058
S31508009350B9E703AB4122214800934FF44873E1680B
S31508009360FBF72AFB134B039A1A81ACE703AB0022DF
S315080093701B4800931E23E168FBF71EFB0D4B039A5F
S315080093805A73A0E70A23174AE1681748FBF7F4FB64
S3150800939099E70A23154AE1681548F7E74A0D039045
S315080093A0480C0024A6760024880D03900C0C002493
S315080093B09B0D03909C760024A8760024B80D039094
S315080093C0380A0024AA760024D60D0390F00D0390DF
S315080093D0100E0390310E0390500E03906D0E0390FD
S315080093E0890E0390AB760024AD0E0390B576002463
S315080093F0C10E0390000000005FF800F0596C02905F
S3150800940070B52D4D0C262D4CAB7A2D4A73432D483D
S31508009410D358D4E9001200F073F8EB7A2A48D4E955
S31508009420031200F06DF82B7B284A73432848D3585B
S31508009430D4E9061200F064F8AB7B264A7343264843
S31508009440D358D4E9091200F05BF82B882348D4E9ED
S315080094500C1200F055F86B882148D4E90F1200F079
S315080094604FF8AB881F48D4E9121200F049F8EB8888
S315080094701D48D4E9151200F043F82B891B48D4E996
S31508009480181200F03DF86B7B1948D4E91B1200F05E
S3150800949037F805F10F031748D4E91E1200F030F823
S315080094A005F119031448D4E9211200F029F8BDE89A
S315080094B07040FFF7C9BD00BF9C760024480C002405
S315080094C00C0C0024DA0E0390040F0390380A0024CB
S315080094D02E0F0390EC060024580F0390820F03907A
S315080094E0AC0F0390D60F0390001003902A10039038
S315080094F0541003907E100390A810039000000000FB
S30D080095005FF800F0596C0290B7
S31508009508002307B5014601AA08480193FCF7F4FDAC
S31508009518019B3BB9064B53F8200000F00DF803B041
S315080095285DF804FB034800F00BF8F8E7480C00243C
S31508009538F4490390D21003905FF800F0A56C0290E6
S30D080095485FF800F0596C02906F
S3150800955010B52F4C69B1002323602E4A2E4B927A00
S315080095602E49F7F75FFD0146236808460133236055
S3150800957010BD23680B2BF7D801A252F823F000BFC1
S315080095805B950008B1950008BD950008C7950008C9
S31508009590D1950008D9950008E1950008E9950008D5
S315080095A0F1950008F9950008019600080B96000841
S315080095B0184B1B49DA7AF7F727FDD4E7154A194BF2
S315080095C0127B1949CDE7134A184B927B1849C8E70D
S315080095D0104B18491A88EEE70E4B17495A88EAE7DE
S315080095E00C4B16499A88E6E70A4B1549DA88E2E7EA
S315080095F0084B14491A89DEE7064B13495A7BDAE702
S31508009600124A1349F7F71EFDADE7124A1249F9E760
S31508009610987600249C7600240C0C00241D110390D7
S3150800962028110390380A002434110390EC0600240C
S31508009630411103904E1103905A110390671103903C
S3150800964074110390831103908F110390AB76002455
S311080096509D110390B5760024A611039026
S3150800965CDFF834D0FFF7E6FB0C480D490D4A00231A
S3150800966C02E0D458C4500433C4188C42F9D30A4ABD
S3150800967C0A4C002301E013600432A242FBD301F02A
S3150800968C73FFFDF737FB7047000008240000002421
S3150800969CB80D00247CCF0008B80D0024E479012409
S307080096ACFEE7C9
S315080096B02DE9F04F83B0056804460F4600926D0801
S315080096C00279AB004069012A019352D0637907F108
S315080096D0040B00F09DFB2669A900D4E90223A1F139
S315080096E00408EC004FEA820E6A1EB84403EB0E0C1F
S315080096F0764427D0009B083C03F108051C445BF818
S31508009700043BDCF8009043FB09F158F80409D6F845
S3150800971000A020FB0A1140FB1AF023FB19031B14B7
S31508009720013A4FEA21417644C3F1000025F8023C8C
S3150800973025F8041CF444E08005F10405A180A4F191
S315080097400404DCD1B7F900300022B7F90200DDE9DC
S3150800975000451B1A61195B1063534A80B7F900303C
S31508009760B7F9021062800B445B10238003B0BDE892
S31508009770F08F0B44D4E903C69A46A36805B34FEAAB
S315080097808309DDF800B05AF80439D6F8008043FB9F
S3150800979008F157F804EBDCF800202EFB021123FB36
S315080097A018F35B4242FB1E32104B013D4E44CC443B
S315080097B003EA020343EA11414BF8041BE3D1227979
S315080097C0009D6379294600F023FB2368002BCDD042
S315080097D0A91E002231F9023F01325B000B80236883
S315080097E09342F7D803B0BDE8F08F00BF0000FFFF33
S315080097F089B230B4B1F5007F2E4D2F4C02714371FA
S315080098000160C0E9035437D01AD9B1F5006F39D0D1
S315080098100DD9B1F5805F3BD0B1F5005F27D10121A5
S31508009820264A002381604261184630BC7047B1F56C
S31508009830806F1CD10821224A002381604261F3E728
S3150800984040292BD00AD980292ED0B1F5807F0ED198
S3150800985020211C4A002381604261E5E7202906D1C0
S315080098604FF48071184A002381604261DCE74FF0AB
S31508009870FF3330BC184670471021144A0023816014
S315080098804261D1E70421124A002381604261CBE795
S315080098900221104A002381604261C5E780210E4AF1
S315080098A0002381604261BFE740210C4A00238160A2
S315080098B04261B9E7B88A0390B8CA0390904C0390FE
S315080098C0A04C0390404C0390504C0390704C03906E
S315080098D0304C0390604C0390804C0390B04C03903E
S315080098E02DE9F04F9BB005466FF0004E17900088A3
S315080098F06E688644AF6818939B0806EB4E0514916C
S3150800990011960F9713951993CDE9152000F0F58058
S3150800991034468608944600F00300721C08311090FD
S315080099202046D200089105F108010E96CDE90AC332
S31508009930A2F10803A2180991FB1805921293089A36
S3150800994000F10805099932F9083CA9460C9521F851
S31508009950083C32F9063C21F8063C32F9043C21F869
S31508009960043C32F9023C21F8023C0E9BD0F800C0B8
S31508009970D0F804E06446002B00F040810F9A0023DB
S31508009980CDF808901FFA8EF801929B46059A1D4657
S315080099901F4699460D921A46039304930199049813
S315080099A00E68CCFBC6700399CEFBC6B1240C924652
S315080099B0029A2404D2F800C0524648EA0408C8FBB2
S315080099C0D652A24C1FFA8CF89A4603920EEA040461
S315080099D048EA0403C3FBD6A9019E746808360196B3
S315080099E0CEFBC4700690049002980246D0F804E0B4
S315080099F0083210460292CCFBC4B1039A0391C3FB0A
S31508009A00D452924B1FFA8EF807920CEA03031E46AD
S31508009A105346CA4648EA0609C9FBD43A059E64462F
S31508009A20D146B042BAD1D0460698129C109E1EB3B3
S31508009A30D4F80080CCFBC87004905E46CEFBC861A3
S31508009A404FEA1C4C0D9A1FFA8EF003914FEA0C4C04
S31508009A501168B346079A40EA0C0CCCFBD8524FEA79
S31508009A601E4E1C4689B250464FEA0E4E41EA0E017A
S31508009A70C1FBD840234680460899FF0B4FEADB36E0
S31508009A800C980831DC0BED0B0A9B089144EA484414
S31508009A90049945EA424504F30F0447EA4147099900
S31508009AA007F30F070831BFB205F30F05099147EA17
S31508009AB005470399083343F8087C46EA4146059961
S31508009AC006F30F06B6B2083146EA0446059143F88E
S31508009AD0046C0A930B9B013B0B937FF430AF199BE5
S31508009AE0149ADB001A441492119A1A441192139A82
S31508009AF01A441392159A1A441592189B13F0030CDC
S31508009B003ED0139B4FEA4C0C0F9AA3F1020E169BFC
S31508009B10CDF808C0961C5F08119BDDF854B09C1C54
S31508009B20149B03EB0C089946944639F9022BA51E9B
S31508009B300023002000212EF8022FCDF804E03CF87F
S31508009B4023A035F823E034F82320CEFB8A0136F823
S31508009B5023A00133C2FB8A019F42F0D1C30BC14542
S31508009B60DDF804E004F1020443EA414303F30F037A
S31508009B702BF8023BD9D1119BDDF808C06344119339
S31508009B80169B5F1E179BBE08D3F804C01FD01198FA
S31508009B900CF1080203460833904238BF9C453DD372
S31508009BA0711E01293AD96346011D0022013250F877
S31508009BB0085B51F8084B0833964243F8085C43F8AB
S31508009BC0044CF3D1F600119BB4443344119317F0B7
S31508009BD0030710D0119A013FB2F90030ACF80030F3
S31508009BE009D0B2F90230012FACF8023003D0B2F92D
S31508009BF00430ACF804301BB0BDE8F08F0E9E0D950E
S31508009C000F9CB24633460796314630463246B04632
S31508009C10B346039635463746049607E7314633F981
S31508009C20080C013903F1080302F1080222F8100CA6
S31508009C3033F90E0C22F80E0C33F90C0C22F80C0C26
S31508009C4033F90A0C22F80A0CE9D1BBE70000FFFF3A
S31508009C5038B511F001050CD104460498081821807E
S31508009C60A26029464200184600F02AFE606028468F
S30D08009C7038BD4FF0FF3038BD86
S31508009C782DE9F04F4D0881B0164600EB41074DD047
S31508009C880446964638462A4621464FF0000CDFF821
S31508009C98A8805EF8043BD1F8009099FA2CF9D0F818
S31508009CA800B09BFA2CFBD9FA1BFA99FA2BF941F85A
S31508009CB8049B23FB0AF943FB1AF303EA0803013A50
S31508009CC843EA194340F8043BE3D1294602233246BE
S31508009CD8204600F005F9384629463246022304EBA1
S31508009CE8C50500F0FDF82046B0F90060083030F9DF
S31508009CF8064C30F9042C760030F9023C6400520010
S31508009D0820F8086C5B0020F8064C20F8042C20F88C
S31508009D18023C8542E8D101B0BDE8F08F2946022306
S31508009D2800F0DEF8324629463846022301B0BDE877
S31108009D38F04F00F0D5B800BF0000FFFF98
S31508009D442DE9F04F4D0881B0164600EB41074DD07A
S31508009D540446964638462A4621464FF0000CDFF854
S31508009D64A8805EF8043BD1F8009099FA2CF9D0F84B
S31508009D7400B09BFA2CFBD9FA1BFA99FA2BF941F88D
S31508009D84049B43FB0AF923FB1AF303EA0803013A83
S31508009D9443EA194340F8043BE3D1294602233246F1
S31508009DA4204600F0D5F9384629463246022304EB04
S31508009DB4C50500F0CDF92046B0F90060083030F941
S31508009DC4064C30F9042C760030F9023C6400520043
S31508009DD420F8086C5B0020F8064C20F8042C20F8C0
S31508009DE4023C8542E8D101B0BDE8F08F294602233A
S31508009DF400F0AEF9324629463846022301B0BDE8DA
S31108009E04F04F00F0A5B900BF0000FFFFFA
S31508009E10012A70B50E4604461D46018833D0B1F5B1
S31508009E20807F2AD00BD9B1F5806F26D01BD9B1F522
S31508009E30006F0BD0B1F5805F1FD06DB970BD2029BA
S31508009E4004D018D9402918D08029F6D1626830463E
S31508009E50FFF712FF002DF1D03046A268A189BDE8B0
S31508009E60704000F0ADBAB1F5007FE6D162683046C1
S31508009E70FFF702FFEEE71029DFD1012362683046BB
S31508009E8000F032F8D9E7B1F5807F0AD00FD9B1F5DD
S31508009E90806F06D017D9B1F5006F0FD0B1F5805F86
S31508009EA0CBD101236268304600F054F9C5E7202972
S31508009EB004D010D94029F4D08029BED16268304632
S31508009EC0FFF740FFB9E7B1F5007FB6D162683046C3
S31508009ED0FFF738FFB1E71029AFD101236268304692
S30D08009EE000F038F9A9E700BFFC
S31508009EE82DE9F04F0C4695B005460746A40811908B
S31508009EF803910021A0001394A1462C469A46924E37
S31508009F0804440B469446129225182844D7F800E0CC
S31508009F189EFA23FE9EFA23FE2A6892FA23F292FAFA
S31508009F2823F29EFA12F8DEFA12FE226892FA23F251
S31508009F3892FA23F2D0F800B09BFA23FB9BFA23FB8C
S31508009F4892FA1BF298FA22FB47F804BBD8FA12F8D9
S31508009F585CF8312022FB08FB42FB18F8226892FAC3
S31508009F6823F292FA23F208EA060848EA1B4844F854
S31508009F78048BD0F8008098FA23F898FA23F8D2FACE
S31508009F8818F2AEFA12F8EEFA12FE5CF8212022FB55
S31508009F980EFB42FB1EF2324001EB410E42EA1B421F
S31508009FA845F8042B5CF82E2022FB08FE42FB18F223
S31508009FB83240B9F10109514442EA1E4240F8042BDD
S31508009FC8A4D1139A4FEA8A03042A40F2B980DFF823
S31508009FD878A1CDF810900292029D03EB4302119ED8
S31508009FE8A908129C92000896880010910F920022E0
S31508009FF80C90039805929A000746DB0009948F424D
S3150800A0080A94069428BF0F4606EBC1010B920E97D1
S3150800A018AF0007910D93069B089AD3F800900A9B00
S3150800A0281646DDF814C0D3F800800C9B9818099AD0
S3150800A038D2F800E0079A1546991832682C6892FAF9
S3150800A04814F3D2FA14F20468D1F800B094FA1BF49F
S3150800A058019393FA24FB049B9BFA23FBC6F800B0EA
S3150800A0683E44019BD3FA24F328FB03FB48FB13F36E
S3150800A07803EA0A03046843EA1B43036038440B6887
S3150800A088D4FA13F4A2FA24F3E2FA24F229FB02FB1F
S3150800A09849FB12F202EA0A0242EA1B422A603D44D6
S3150800A0A82EFB03F24EFB13F303EA0A03029C43EA68
S3150800A0B81243A4440B603944039B6345BDD8069AEA
S3150800A0C80B99059B0A440D99013306920A9A05933A
S3150800A0D80A440F990A92099A0A440992089A043274
S3150800A0E80892079A043207920E9A934293D3109AC3
S3150800A0F80B9B042A02923FF66FAF139E119B1A68B0
S3150800A10859689F68DC6892FA17F091FA14F590FA7C
S3150800A11825F51D6091FA14F5D0FA25F05860D2FA9B
S3150800A12817F2D1FA14F1E2FA21F09860A2FA21F2AC
S3150800A138013EDA6003F11003E1D115B0BDE8F08FEE
S3110800A1481646119BDBE700BF0000FFFF76
S3150800A1542DE9F04F0C4695B005460746A40811901C
S3150800A16403910021A0001394A1462C469A46924EC8
S3150800A17404440B469446129225182844D7F800E05E
S3150800A1849EFA23FE9EFA23FE2A6892FA23F292FA8C
S3150800A19423F29EFA12F8DEFA12FE226892FA23F2E3
S3150800A1A492FA23F2D0F800B09BFA23FB9BFA23FB1E
S3150800A1B492FA1BF298FA22FB47F804BBD8FA12F86B
S3150800A1C45CF8312042FB08FB22FB18F8226892FA55
S3150800A1D423F292FA23F208EA060848EA1B4844F8E6
S3150800A1E4048BD0F8008098FA23F898FA23F8D2FA60
S3150800A1F418F2EEFA12F8AEFA12FE5CF8212042FBC7
S3150800A2040EFB22FB1EF2324001EB410E42EA1B42D0
S3150800A21445F8042B5CF82E2042FB08FE22FB18F2B4
S3150800A2243240B9F10109514442EA1E4240F8042B6E
S3150800A234A4D1139A4FEA8A03042A40F2B980DFF8B4
S3150800A24478A1CDF810900292029D03EB4302119E69
S3150800A254A908129C92000896880010910F92002271
S3150800A2640C90039805929A000746DB0009948F42DE
S3150800A2740A94069428BF0F4606EBC1010B920E9763
S3150800A284AF0007910D93069B089AD3F800900A9B92
S3150800A2941646DDF814C0D3F800800C9B9818099A62
S3150800A2A4D2F800E0079A1546991832682C6892FA8B
S3150800A2B414F3D2FA14F20468D1F800B094FA1BF431
S3150800A2C4019393FA24FB049B9BFA23FBC6F800B07C
S3150800A2D43E44019BD3FA24F348FB03FB28FB13F300
S3150800A2E403EA0A03046843EA1B43036038440B6819
S3150800A2F4D4FA13F4E2FA24F3A2FA24F249FB02FB91
S3150800A30429FB12F202EA0A0242EA1B422A603D4487
S3150800A3144EFB03F22EFB13F303EA0A03029C43EAF9
S3150800A3241243A4440B603944039B6345BDD8069A7B
S3150800A3340B99059B0A440D99013306920A9A0593CB
S3150800A3440A440F990A92099A0A440992089A043205
S3150800A3540892079A043207920E9A934293D3109A54
S3150800A3640B9B042A02923FF66FAF139E119B1A6841
S3150800A37459689F68DC6892FA17F091FA14F590FA0E
S3150800A38425F51D6091FA14F5D0FA25F05860D2FA2D
S3150800A39417F2D1FA14F1A2FA21F09860E2FA21F23E
S3150800A3A4013EDA6003F11003E1D115B0BDE8F08F80
S3110800A3B41646119BDBE700BF0000FFFF08
S3150800A3C001B30023F0B502EB430432F8135002330D
S3150800A3D06488AD089BB2A40830F815C06F0099428E
S3150800A3E04FEA440630F814E007F1020706F10206C0
S3150800A3F020F815E020F814C0C45B855BC553845368
S30D0800A400E1D8F0BD704700BF6A
S3150800A408164B10B51C68236BB3B9182001F0A2F9CE
S3150800A4180246206320B9124B1248522101F0E6F889
S3150800A4281149124BC0E90013114B83600B23838132
S3150800A43800210120C2E90401216B0E480B694C6909
S3150800A4480D4A584302FB0400A3FB0232013340EBD2
S3150800A4580200C1E9043020F0004010BD0C0D0024AC
S3150800A4680E460390254603900E33CDAB34126DE69F
S3110800A478ECDE05002DF451582D7F954CA4
S3150800A484242B2DE9F0478646904601D8012B06D1A0
S3150800A49401F068F8162303600020BDE8F087344805
S3150800A4A40D462A4615F8014B065D16F00806F8D13E
S3150800A4B42D2C10D12C780126951C33F0100215D1B9
S3150800A4C4302C0DD12A7802F0DF02582A08D16C788C
S3150800A4D4023510230AE02B2C04BF2C78951CECE7D4
S3150800A4E4002BF6D1302C14BF0A23082306F1004C9E
S3150800A4F40CF1FF3C0022BCFBF3F9104603FB19CA16
S3150800A504A4F13007092F0FD83C46A3421BDD571C7C
S3150800A51407D0814514D301D1A24511DB00FB0340C2
S3150800A524012215F8014BEBE7A4F14107192F01D8CD
S3150800A534373CEAE7A4F16107192F04D8573CE4E746
S3150800A5444FF0FF32EDE7531C08D12223CEF8003032
S3150800A5546046B8F1000FA0D0691E06E006B1404275
S3150800A564B8F1000F99D0002AF6D1C8F8001094E77C
S3090800A574896A04904E
S3090800A578FFF784BF98
S3150800A57C002310B50446C0E90033C0E904338360F0
S3150800A58C81814366C2818361194608225C3000F0DA
S3150800A59C91F90D4B63620D4BA3620D4BE3620D4BA8
S3150800A5AC23630D4B24629C4206D003F16802944245
S3150800A5BC02D0D0339C4205D104F15800BDE81040B6
S3150800A5CC00F0F6BF10BD00BF69A700088FA70008EA
S3110800A5DCC7A70008EBA700087478012444
S3150800A5E8024A0349034800F069B800BFF80C00247A
S30D0800A5F821C30008100D002420
S3150800A60041680C4B994210B5044601D001F088FE0A
S3150800A610A168094B994202D0204601F081FEE16803
S3150800A620064B994204D02046BDE8104001F078BE9A
S3150800A63010BD00BF74780124DC7801244479012414
S3150800A64010B50B4B0B4C0C4A1A602046002204210D
S3150800A650FFF794FF04F1680001220921FFF78EFF36
S3150800A66004F1D0000222BDE810401221FFF786BF90
S3110800A670AC79012474780124E9A50008DF
S3110800A67C014800F09FBF00BFDB790124F5
S3110800A688014800F09BBF00BFDB790124ED
S3150800A69410B50446FFF7F0FF236A1BB1BDE8104066
S3150800A6A4FFF7F0BF044B2362044B1B68002BF5D15C
S3150800A6B4FFF7C4FFF2E700BF01A60008AC7901243E
S3150800A6C42DE9F8430746884614460026D4E9019539
S3150800A6D4B9F1010905D52468002CF7D13046BDE83F
S3150800A6E4F883AB89012B07D9B5F90E30013303D0AA
S3110800A6F429463846C04706436835E9E7A2
S3150800A7000FB407B5064904AB086853F8042B8168EB
S3150800A710019301F0DDFA03B05DF804EB04B070476D
S3090800A7200C0D0024EA
S3150800A7240EB410B59DB01FAB029006906FF00041B1
S3150800A7340A48079104910A4953F8042B0591002401
S3150800A74402A9006801931B9401F09AF9029B1C70F4
S3150800A7541DB0BDE8104003B0704700BF0C0D0024BF
S3090800A7640802FFFFDB
S3150800A76810B50C46B1F90E1000F0D6FE0028ABBF9E
S3150800A778636DA3891B1823F48053ACBF6365A38153
S3070800A78810BDF4
S3090800A78A00207047E6
S3150800A78E2DE9F0411F468B89DB0505460C46164614
S3150800A79E05D5B1F90E100223002200F0A8FEA389F2
S3150800A7AEB4F90E1023F48053A38132463B4628464D
S30D0800A7BEBDE8F04100F0BFBE42
S3150800A7C610B50C46B1F90E1000F095FE431CA38988
S3150800A7D615BF606523F4805343F48053A38118BFDD
S3090800A7E6A38110BD70
S30D0800A7EAB1F90E1000F017BECC
S3150800A7F230B51446002C9BB005461A4605DA8B235B
S3150800A80203604FF0FF301BB030BD4FF40273ADF852
S3150800A8120C304FF00003199314BF04F1FF3323469B
S3150800A822029305934FF6FF7300910491ADF80E302B
S3150800A83269461E9B01F025F9431CBCBF8B232B607E
S3110800A842002CE0D0009B00221A70DCE716
S3150800A85007B5009313460A46014603480068FFF702
S3110800A860C8FF03B05DF804FB0C0D0024D3
S3150800A86C10B501390244904201D1002005E0037865
S3150800A87C11F8014FA34201D0181B10BD0130F2E7A5
S3150800A88C884210B501EB020402D98442234607D844
S3150800A89C431EA14208D011F8012B03F8012FF8E743
S3150800A8AC024401468A4200D110BD13F8014D02F844
S3090800A8BC014DF7E75E
S3150800A8C002440346934200D1704703F8011BF9E797
S3150800A8D010B50246147813460132002CFAD1013B12
S3130800A8E011F8012B03F8012F002AF9D110BD3B
S3150800A8EE10B56AB10139841810F8012B11F8013F19
S3150800A8FE9A4203D1A04201D0002AF5D1D01A10BD32
S3090800A90E1046FCE7FE
S3150800A91210B50139034632B111F8014F03F8014B5C
S3150800A922013A002CF7D11A440021934200D110BDF6
S30B0800A93203F8011BF9E71A
S3150800A938F7B501683B29044611D93C22684600F058
S3150800A94873FE019A63680099002A0B446360BBBFCB
S3150800A9583C3203F1FF3322602260B8BF6360616846
S3150800A9683B2911D93C22684600F05EFE019AA36885
S3150800A9780099002A0B44A360BBBF3C3203F1FF339E
S3150800A98862606260B8BFA360A168172911D9182246
S3150800A998684600F049FE019AE3680099002A0B44C4
S3150800A9A8E360BBBF183203F1FF33A260A260B8BFE9
S3150800A9B8E36021690B2911D90C22684600F034FE98
S3150800A9C8019A63690099002A0B446361BBBF0C327C
S3150800A9D803F1FF3322612261B8BF636163699A078D
S3150800A9E81CD1642193FBF1F201FB1232C2B903F2BE
S3150800A9F86C734FF4C87293FBF2F102FB1133002B08
S3150800AA080CBF1D231C23E268002A0BDC314D0B20E2
S3150800AA186421E668002E30DD03B0F0BD1C23F2E79A
S3150800AA281D23F0E72B4DD4E90312012A14BF55F864
S3150800AA38220018468142EFDD0132091A0C2AE16024
S3150800AA482261F0D1636900215A1C2161910762616C
S3150800AA583CD1642192FBF1F001FB1022002A37D180
S3150800AA6803F26D734FF4C87293FBF2F102FB1133CC
S3150800AA78002B0CBF1D231C23D5E72269013A226146
S3150800AA88013216D163695A1E9707C4E9040219D117
S3150800AA9892FBF1F701FB1722B2B903F26B734FF475
S3150800AAA8C87293FBF2F702FB1733002B0CBF1D2362
S3150800AAB81C232269012A14BF55F822201A46324453
S3150800AAC8E260A6E71C23F4E71D23F2E71C23AAE79E
S30D0800AAD81D23A8E7BC6B0490DE
S3150800AAE02DE9F04F85B0074601F014FD814638463A
S3150800AAF0FFF722FFD7E900433C2202FB0344BB6869
S3150800AB007D694FF4616202FB0344D7E90363C34AD4
S3150800AB1052F82320013E012B164411DDA9070FD157
S3150800AB20642295FBF2F302FB135343B905F26C73E7
S3150800AB304FF4C87293FBF2F102FB113303B90136E5
S3150800AB4005F51C53103344F620629342FE6100F269
S3150800AB507081462D40F3B680462340F26D1C642171
S3150800AB604FF4C8709A0740F0A78093FBF1F201FBF7
S3150800AB701232002A40F0A38003F26C7292FBF0FEB8
S3150800AB8000FB1E22002A0CBF4FF4B772624601333F
S3150800AB909D421644E6D1A24B4FEAE478C6FB034829
S3150800ABA000F00AFA00F014FA9E4B1B68002B00F01E
S3150800ABB04781D7F820A078695346012BA8BF0123FF
S3150800ABC00193D9F8043000F26C70834240F0BD80DE
S3150800ABD0D9E90821D9F85000D9F84CC0131A0393BB
S3150800ABE0D9F848300293029AD9F8283061EBE07B0D
S3150800ABF0B2EB030E6CEBE371744578EB010280F25D
S3150800AC00C780D9F80020002A00F0D080039A944221
S3150800AC1078EB0B02C0F21181744578EB0101B4BFE1
S3150800AC204FF0010B4FF0000BBAF1000FC0F2948001
S3150800AC30019A82EA0B0ABAF1010F40F08D80BBF146
S3150800AC40000F00F0C2801B1A3A681A441C193A60B1
S3150800AC503846FA68019248EBE378FFF76DFEFB6821
S3150800AC60019A9B1A78D0012B00F3B180B3F1FF3F0C
S3150800AC70A8BF9A46FB691AEB0303564440F1B08015
S3150800AC806B1E990740F0A680642293FBF2F102FB43
S3150800AC901133002B40F0A1804FF4C87305F26B7591
S3150800ACA095FBF3F203FB1255002D40F26D1318BF06
S3150800ACB04FF4B673FB614FE040F26D1267E74FF44D
S3150800ACC0B77264E73FF467AF452340F26D1C642111
S3150800ACD04FF4C87012E062BB93FBF1F201FB12322B
S3150800ACE052BB03F26C7292FBF0FE00FB1E22002A96
S3150800ACF00CBF4FF4B7726246B61A013B9D4203F089
S3150800AD000302E8DBDAB9642295FBF2F302FB13537C
S3150800AD10C3B905F26C734FF4C87293FBF2F102FBE8
S3150800AD201133002B40F26D1308BF4FF4B773F61AB0
S3150800AD3031E740F26D12DFE74FF4B772DCE740F215
S3150800AD406D13F4E74FF4B773F1E700F081F80028C4
S3150800AD507FF43EAFDDF804B0BBF1010F72D1D9F82C
S3150800AD6050301C1948EBE3784FF0010B00F02AF934
S3150800AD700436072396FBF3F3C3EBC303F61A56D43C
S3150800AD80C7F820B0BE612046414605B0BDE8F08F41
S3150800AD90029A121A02924FEAE0726CEB020C029ABD
S3150800ADA0944278EB0C0CBFF62CAFD3E7039A944287
S3150800ADB078EB0B02FFF630AFBAF1000FCFDB4FF09E
S3150800ADC0010B35E74FF0000B32E7C31A3CE74FF0AB
S3150800ADD0FF3A4FE74FF4B6736CE740F26D1369E735
S3150800ADE0AA0717D1642195FBF1F201FB1252DAB9D1
S3150800ADF04FF4C87205F26C7595FBF2F102FB11551A
S3150800AE00002D40F26D1208BF4FF4B7729342A8BFE7
S3150800AE109B1A4FE740F26D12F8E700BF8C6B04905F
S3150800AE2080510100D07901244FF4B772EEE7073656
S3150800AE30A6E74FF0FF34A046A5E7BAF1000FC1DA3E
S3150800AE404FF0000BD9F828301C1948EBE3788DE74A
S3150800AE502DE9F843044601F05DFB40F2B1739C42CC
S3150800AE6040F3A3806FF4F6616518A4F2B27340F25A
S3150800AE706D12AD1002FB03556FF4C8666FF06302DE
S3150800AE80A4F26D7393FBF2F31D44A319484E446074
S3150800AE904FF4C8720146B3FBF2F300F150071D44A4
S3150800AEA00B7AD1F814C04A2B38D1A20705EB0C034C
S3150800AEB006D14FF0640E94FBFEF20EFB124232B935
S3150800AEC04FF4C87E94FBFEF20EFB12421ABBBCF18D
S3150800AED03B0FD4BF4FF0000C4FF0010C6344013B0D
S3150800AEE08A694FEAE27CC3FB062C8B6AD2184CEBC4
S3150800AEF0E373C1E9082328318F42D1D1D0E9084349
S3150800AF00D0E912128C429341B4BF01230023036097
S3150800AF100120BDE8F8834FF0000CDFE7442B02D18F
S3150800AF2005EB0C03DCE7A30705D1642294FBF2F3D7
S3150800AF3002FB134393BB4FF4C87294FBF2F302FB74
S3150800AF401343B3FA83F35B09DFF868E0D1F80C9092
S3150800AF505B4203F030032A464FF00008734408F1B9
S3150800AF600108C14553F828E01ADC02F10408072352
S3150800AF7098FBF3F3C3EBC303A8EB0303BCEB030C87
S3150800AF800B6903F1FF3348BF0CF1070CC3EBC3038E
S3150800AF909C44F44506DA02EB0C03A1E70123D3E748
S3150800AFA07244DCE7ACF1070CF3E70020B1E700BF19
S30D0800AFB080510100E86B0490D2
S3110800AFB8014800F000BB00BFD879012456
S3110800AFC4014800F0FCBA00BFD87901244F
S3110800AFD0014B186800F002B80C0D0024B4
S3150800AFDC2DE9F04F8DB0074601F096FABC49BD4DE8
S3150800AFEC0446384600F0ACFB064610BBBA4BBB4AC7
S3150800AFFC1860BB4BA0621860BA4B2065C3E90022E7
S3150800B00C4A2100220023C4E90300C4E90500C4E967
S3150800B01C0D00C4E90F00C4E90823C4E91223286803
S3150800B02C217284F8301000F09BFB2E600DB0BDE841
S3150800B03CF08F2968002940F08E80286800F090FB74
S3150800B04C3046F5F759F9411C384600F0B3FB286031
S3150800B05C002840F08680A24ADFF88882DFF878A2BA
S3150800B06C00231360A04ACAF8003000200021C8E962
S3150800B07C0022C4E90333C4E90533C4E90801C4E969
S3150800B08C0D33C4E90F33C4E912014A222272A362B2
S3150800B09C84F83020236533783A2B08BF0136337889
S3150800B0AC3C2B62D1751C914A91490AAB284601F092
S3150800B0BC6BF90028BADD0A9BDA1E072AB6D8EB5CB0
S3150800B0CC3E2BB3D102360A9BF518F35C2D2B5AD1BD
S3150800B0DC01354FF0FF390023ADF81E30ADF820309E
S3150800B0EC08AF0AABCDE9013703930DF11E030093A4
S3150800B0FC80490AAB07AA284601F046F9002895DDCF
S3150800B10CBDF81E30BDF820603C2202FB0366BDF874
S3150800B11C1C304FF4616202FB03660A9B09FB06F6B8
S3150800B12C05EB0309EB5C3C2B40F0EE8009F10105BD
S3150800B13C714A6F490AAB284601F026F9002828DC23
S3150800B14C99F801303E2B24D1684BA662C8E9003326
S3150800B15CCAF800606AE7F5F7C5F800287FF46DAF02
S3150800B16C64E7314600F029FA75E7604A63490AAB89
S3150800B17C304601F009F900287FF758AF0A9B033BC4
S3150800B18C072BA0D952E72B2B08BF01354FF0010925
S3150800B19CA1E70A9BDA1E072A3FF648AFEB5C3E2B63
S3150800B1AC7FF444AF09F102090A9B09EB030519F868
S3150800B1BC03302D2B40F0B78001354FF0FF390023B3
S3150800B1CCADF81C30ADF81E30ADF820300A930AAB3A
S3150800B1DCCDE9027301930DF11E03009345490AABA1
S3150800B1EC07AA284601F0D0F8002800F3A280A6F595
S3150800B1FC616304930A9B27461D444FF0000B2B787A
S3150800B20C2C2B08BF013595F80090B9F14D0F40F07D
S3150800B21CA3800AAB0DF12602CDE9013209AA0092E8
S3150800B22C374903930DF12202284601F0ADF803289D
S3150800B23C7FF4FCAEBDF822104B1E0B2B3FF6F6AE78
S3150800B24CBDF82420531E042B3FF6F0AEBDF826306D
S3150800B25C062B3FF6EBAEC7E9031287F808907B611D
S3150800B26C0A9B05EB030900254FF00203ADF81C30C9
S3150800B27CADF81E50ADF820500A9599F800302F2BD2
S3150800B28C40F096800AAB08AACDE901320DF11E02F0
S3150800B29C00921C49039307AA484601F075F8A84280
S3150800B2AC00F386804A2100220023C4E90355C4E929
S3150800B2BC0555C4E90823C4E90D55C4E90F55C4E975
S3150800B2CC12232172A56284F830102565AEE600BFFC
S3150800B2DC7D460390B0790124CC79012480460390ED
S3150800B2ECD0790124040D002439D20290C0790124A6
S3150800B2FC84460390B9460390B47901249746039083
S3150800B30CA5460390B84603903E4A3F490AAB4846C1
S3150800B31C01F03AF800287FF717AF0A9B033B072B77
S3150800B32C7FF642AF82E62B2B08BF01354FF0010999
S3150800B33C45E7BDF81E20BDF820303C2101FB023341
S3150800B34CBDF81C204FF4616101FB023309FB03F3C2
S3150800B35C4FE74FF0010B52E7B9F14A0F06BF01351B
S3150800B36C4B4644230A220BA92846059300F01EFBDC
S3150800B37CDDF82C90059BADF82600A94514D14D2374
S3150800B38CBBF1000F07D1237203210223C4E903136F
S3150800B39CC4F814B067E784F830300B220123C4E9EB
S3150800B3AC0D230023E3635EE780B23B7278615AE7AC
S3150800B3BCBDF81E20BDF820303C2101FB0233BDF838
S3150800B3CC1C204FF4616101FB0233BB610A9D2837CF
S3150800B3DC4D44BBF1000FBCD0049B23650B4BC8F83E
S3150800B3EC00306068074BA662C8F80430FFF72AFDE0
S3150800B3FCA26A236DCAF800209B1A054A18BF0123B6
S3150800B40C136013E6B479012497460390C079012496
S3090800B41CD0790124B0
S3150800B42038B5064D0023044608462B60FDF7D4FCC4
S3150800B430431C02D12B6803B1236038BDD47901249B
S3150800B4402D4B1B68834270B5044653D0C3691BB3A2
S3150800B450DB6863B10025E369DB685959B1B904357E
S3150800B460802DF8D1E3692046D96800F0E9F8E36948
S3150800B470196811B1204600F0E3F8E3699D685DB1EB
S3150800B480294620462D6800F0DBF8F8E70E682046C6
S3150800B49000F0D6F83146E1E7616911B1204600F0BF
S3150800B4A0CFF8E16911B1204600F0CAF8216B11B155
S3150800B4B0204600F0C5F8616B11B1204600F0C0F8CF
S3150800B4C0A16B11B1204600F0BBF8A16C11B1204662
S3150800B4D000F0B6F8616C11B1204600F0B1F8E16AE7
S3150800B4E011B1204600F0ACF8236A1BB12046BDE82E
S3110800B4F07040184770BD00BF0C0D00240A
S3150800B4FC38B5074D04460846114600222A601A46F6
S3150800B50CFDF76EFC431C02D12B6803B1236038BDD2
S3090800B51CD4790124AB
S3150800B52038B5074D04460846114600222A601A46D1
S3150800B530FDF736FC431C02D12B6803B1236038BDE6
S3090800B540D479012487
S3150800B54438B5074D04460846114600222A601A46AD
S3150800B554FDF732FC431C02D12B6803B1236038BDC6
S3090800B564D479012463
S3110800B568014B1868704700BF0C0D00244A
S3150800B57470B50D4D0D4C641BA4100026A64209D1C6
S3150800B5840B4D0C4CF4F786FE641BA4100026A64249
S3150800B59405D170BD55F8043B98470136EEE755F8D2
S3150800B5A4043B98470136F2E774CF000874CF0008C5
S30D0800B5B474CF000878CF0008E7
S3070800B5BC7047C8
S3070800B5BE7047C6
S3070800B5C07047C4
S3070800B5C27047C2
S3070800B5C47047C0
S3150800B5C6034611F8012B03F8012B002AF9D1704717
S3150800B5D60A44914200F1FF3300D1704710B511F8BD
S3110800B5E6014B03F8014F9142F9D110BD4A
S3150800B5F41FB514461A46094B1B680546D8684CB14C
S3150800B604074B0091CDE9013406492B4600F0AEFEFE
S3150800B61400F092FF044B1C46F3E700BF0C0D002410
S3110800B624CB460390D846039039D202901A
S3150800B63010B591FBF2F402FB14110460416010BDD1
S3150800B64038B50546002941D051F8043C0C1F002B9B
S3150800B650B8BFE41800F034F91D4A136833B96360BB
S3150800B66014602846BDE8384000F030B9A34208D92E
S3150800B670206821188B4201BF19685B680918216088
S3150800B680EDE71A465B680BB1A342FAD91168501860
S3150800B690A0420BD120680144501883421160E0D1C2
S3150800B6A018685B68536008441060DAE702D90C230F
S3150800B6B02B60D6E7206821188B4204BF19685B689F
S3150800B6C0636004BF091821605460CAE738BD00BF2B
S3090800B6D0E0790124EA
S3150800B6D42DE9F84FDFF86CA006468946174600F0B0
S3150800B6E433FFDAF8004034B14B46984613F8012B79
S3150800B6F43AB13D2AF9D1304600F02CFF0020BDE8C6
S3150800B704F88FA8EB0908A34654F8040B0028F2D0CE
S3150800B71442464946FFF7E9F80028F4D154F8043CB0
S3150800B72403EB080513F808303D2BECD1DAF80030A2
S3150800B734ABEB03039B1030463B6000F00BFF681C21
S30D0800B744DDE700BF140A00242A
S3130800B74C07B501AAFFF7C0FF03B05DF804FBBE
S3150800B75C024B0146186800F02DB800BF0C0D0024EA
S3150800B76C024B01461868FFF765BF00BF0C0D002495
S3150800B77C70B50F4E0C463168054611B900F0C8FE77
S3150800B78C30602146284600F0C3FE431C03D14FF017
S3150800B79CFF34204670BDC41C24F00304A042F8D024
S3150800B7AC211A284600F0B4FE0130F2D1EFE700BFAB
S3090800B7BCDC79012401
S3150800B7C02DE9F843CD1C25F0030508350C2D38BFA7
S3150800B7D00C25002D064601DBA94204D90C2333604B
S3150800B7E00020BDE8F883DFF8D48000F069F8D8F8BF
S3150800B7F000301C4644BB29463046FFF7BFFF431CB2
S3150800B800044658D1D8F800402746002F43D1002CCB
S3150800B8104BD023683946304604EB030900F07EFE18
S3150800B820814542D121686D1A29463046FFF7A6FFA1
S3150800B83001303AD023682B442360D8F800305A6880
S3150800B84062BBC8F800700FE02268521B20D40B2A8E
S3150800B85017D96119A342256018BF5960636808BFE4
S3150800B860C8F8001062514B60304600F02FF804F11A
S3150800B8700B00231D20F00700C21A1CBF1B1AA35079
S3150800B880AFE76268A3420CBFC8F800205A60EBE72E
S3150800B89023466468AEE73C467F68B6E71A465B68A7
S3150800B8A0A342FBD100235360DEE70C233360304606
S3150800B8B000F00CF894E70560D6E700BFE0790124AC
S3110800B8C00148FFF77DBE00BFDA790124BD
S3110800B8CC0148FFF779BE00BFDA790124B5
S3150800B8D82DE9F043344E86460D46284615F8014BA1
S3150800B8E8375D17F00807F8D12D2C10D12C780127C9
S3150800B8F8851C33F0100015D1302C0DD1287800F0AE
S3150800B908DF00582808D16C78023510230AE02B2C5A
S3150800B91804BF2C78851CECE7002BF6D1302C14BF15
S3150800B9280A2308234FF0FF380026B8FBF3F803FB71
S3150800B93808F96FEA09093046A4F1300CBCF1090F79
S3150800B94810D86446A3421EDDB6F1FF3F07D08045EE
S3150800B95816D301D1A14513DB00FB0340012615F8D0
S3150800B968014BE9E7A4F1410CBCF1190F01D8373CA2
S3150800B978E8E7A4F1610CBCF1190F04D8573CE1E7D4
S3150800B9884FF0FF36EBE7731C06D12223CEF80030BA
S3150800B998304632B9BDE8F08307B14042002AF9D0EB
S3110800B9A806B1691E1160F5E7896A049073
S3090800B9B4FFF790BF3C
S3150800B9B813460A46014602480068FFF789BF00BFD2
S3090800B9C80C0D002430
S3150800B9CC2DE9F0478E681F46BE420B6882460C4628
S3150800B9DC90462DD8B1F90C2012F4906F26D06569D3
S3150800B9EC096905EB4505A3EB010905EBD5757B1C28
S3150800B9FC4B446D109D4238BF1D46530527D5294625
S3150800BA0CFFF7D8FE064660B321694A46FFF7DDFD07
S3150800BA1CA38923F4906343F08003A38126616561AF
S3150800BA2C4E44A5EB09052660A5603E46BE4200D9E4
S3150800BA3C3E46206832464146FEF722FFA3689B1B0A
S3150800BA4CA3602368334423600020BDE8F0872A46A8
S3150800BA5C00F082FD06460028E0D121695046FFF722
S3150800BA6CE9FD0C23CAF80030A38943F04003A381EF
S30B0800BA7C4FF0FF30E9E778
S3150800BA842DE9F04F98468B891B069DB007460D464F
S3150800BA94144610D50B6973B94021FFF78FFE286049
S3150800BAA4286130B90C233B604FF0FF301DB0BDE868
S3150800BAB4F08F40236B610023099320238DF82930E6
S3150800BAC4CDF80C803023DFF89C818DF82A304FF0AE
S3150800BAD4010923469A4613F8012B0AB1252AF9D1F6
S3150800BAE4BAEB040B0BD05B46224629463846FFF7C9
S3150800BAF46BFF013000F0A780099A5A4409929AF814
S3150800BB040030002B00F09F8000234FF0FF32CDE970
S3150800BB1405230AF1010A049307938DF853301A93FF
S3150800BB245446052214F8011B4E48F4F7F7FB049A09
S3150800BB34D8B9D00644BF20238DF85330110744BF23
S3150800BB442B238DF853309AF800302A2B15D0079AF0
S3150800BB54544600204FF00A0C214611F8013B303BAD
S3150800BB64092B4BD9B0B1079214E0A0EB080309FAE4
S3150800BB7403F313430493A246D2E7039B191D1B68D8
S3150800BB840391002BBBBF5B4242F002020793079363
S3150800BB94B8BF049223782E2B0AD163782A2B32D184
S3150800BBA4039B1A1D1B68039243EAE3730234059345
S3150800BBB4DFF8C0A0217803225046F4F7AFFB38B16A
S3150800BBC4049BA0EB0A0040228240134301340493E9
S3150800BBD414F8011B24488DF828100622F4F79EFB56
S3150800BBE4002836D0214B1BBB039B073323F00703DE
S3150800BBF408330393099B334409936AE70CFB02321F
S3150800BC040C460120A8E700230134059319464FF092
S3150800BC140A0C204610F8012B303A092A03D9002BBE
S3150800BC24C6D00591C4E70CFB012104460123F0E7BD
S3150800BC3403AB00932A460E4B04A93846AFF300809B
S3150800BC44421C0646D6D1AB895B063FF52DAF09984B
S3150800BC542CE703AB00932A46054B04A9384600F0A3
S3150800BC64BBF9EDE70747039011470390000000006E
S30D0800BC74CDB900080D47039045
S3150800BC7C9368013B002B10B4936008DA9469A342CD
S3150800BC8C01DB0A2903D15DF8044B00F0A9BB136844
S3130800BC9C581C1060197008465DF8044B704776
S3150800BCAAF8B506460F461446D518AC4201D1002007
S3150800BCBA07E014F8011B3A463046FFF7DAFF431C39
S3090800BCCAF3D1F8BDEF
S3150800BCD02DE9F04F0D469DB014469846064618B114
S3150800BCE0036A0BB9FEF7D6FC6B6ED90705D4AB8988
S3150800BCF09A0502D4A86DFFF763FCAB891B0701D52B
S3150800BD002B699BB92946304600F0AEFB70B16B6EC5
S3150800BD10DC0704D54FF0FF301DB0BDE8F08FAB89C6
S3150800BD209805F7D4A86DFFF74DFCF3E700230993B0
S3150800BD3020238DF82930CDF80C803023DFF8AC812C
S3150800BD408DF82A304FF0010923469A4613F8012B3D
S3150800BD500AB1252AF9D1BAEB040B0BD05B46224669
S3150800BD6029463046FFF7A1FF013000F0A780099A5F
S3150800BD705A4409929AF80030002B00F09F8000235D
S3150800BD804FF0FF32CDE905230AF1010A0493079320
S3150800BD908DF853301A935446052214F8011B53485C
S3150800BDA0F4F7BEFA049AD8B9D10644BF20238DF811
S3150800BDB05330130744BF2B238DF853309AF80030BD
S3150800BDC02A2B15D0079A544600204FF00A0C214614
S3150800BDD011F8013B303B092B4BD9B0B1079214E05F
S3150800BDE0A0EB080309FA03F313430493A246D2E728
S3150800BDF0039B191D1B680391002BBBBF5B4242F0D6
S3150800BE00020207930793B8BF049223782E2B0AD110
S3150800BE1063782A2B32D1039B1A1D1B68039243EAC7
S3150800BE20E37302340593DFF8D4A021780322504641
S3150800BE30F4F776FA38B1049BA0EB0A004022824058
S3150800BE4013430134049314F8011B29488DF828106C
S3150800BE500622F4F765FA00283FD0264B1BBB039B46
S3150800BE60073323F0070308330393099B3B440993DD
S3150800BE706AE70CFB02320C460120A8E700230134CE
S3150800BE80059319464FF00A0C204610F8012B303A54
S3150800BE90092A03D9002BC6D00591C4E70CFB01215A
S3150800BEA004460123F0E703AB00932A46124B04A984
S3150800BEB03046AFF300800746781CD6D16B6ED9079B
S3150800BEC005D4AB899A0502D4A86DFFF77BFBAB892D
S3150800BED05B063FF51FAF09981EE703AB00932A469A
S3150800BEE0054B04A9304600F079F8E4E707470390C4
S3150800BEF01147039000000000ABBC00080D470390F3
S3150800BF002DE9F047164698468A680B69DDF82090B1
S3150800BF109342B8BF1346336091F8432007460C4650
S3150800BF200AB1013333602368990642BF3368023386
S3150800BF303360256815F0060506D104F1190AE36889
S3150800BF4032689B1AAB4226DC94F843302268003BE1
S3150800BF5018BF012392062BD404F143024146384602
S3150800BF60C84701301ED02368226903F00603042B54
S3150800BF7002BFE5683368ED1AA3680CBF25EAE575C4
S3150800BF8000259342C4BF9B1AED1800261A34B54201
S3150800BF901AD1002008E00123524641463846C847D0
S3150800BFA0013003D14FF0FF30BDE8F0870135C6E711
S3150800BFB0E1185A1C302081F84300224494F84510B1
S3150800BFC082F843100233C7E7012322464146384622
S30F0800BFD0C8470130E6D00136D9E76C
S3150800BFDC2DE9FF470F7E0C9E782F914680460C461E
S3150800BFEC9A4601F1430207D8622F0AD8002F00F0AF
S3150800BFFCD180582F00F0B88004F1420684F84270BC
S3150800C00C3AE0A7F16303152BF6D801A151F823F0F2
S3150800C01C75C0000889C0000805C0000805C00008DE
S3150800C02C05C0000805C0000889C0000805C000083E
S3150800C03C05C0000805C0000805C0000887C100082F
S3150800C04CB3C0000841C1000805C0000805C00008B7
S3150800C05CA9C1000805C00008B3C0000805C000083F
S3150800C06C05C0000849C1000833681A1D1B683260F0
S3150800C07C04F1420684F8423001239CE033682068B8
S3150800C08C191D3160060601D51D6803E04506FBD56A
S3150800C09CB3F90050002D03DA2D236D4284F8433092
S3150800C0AC58480A2311E021683368080653F8045BDC
S3150800C0BC02D4490648BFADB26F2F5248336014BF3D
S3150800C0CC0A230823002184F843106668A660002E0C
S3150800C0DC05DB21682E4321F0040121604BD016465E
S3150800C0ECB5FBF3F103FB1157C75D06F8017D2F4627
S3150800C0FCBB420D46F4D9082B0BD12368DF0708D5AC
S3150800C10C236961689942DEBF302306F8013C06F1C3
S3150800C11CFF36921B2261CDF800A04B4603AA214696
S3150800C12C4046FFF7E7FE01304AD14FF0FF3004B026
S3150800C13CBDE8F087236843F020032360324878274C
S3150800C14C84F84570236831681F0651F8045B02D4DD
S3150800C15C5F0648BFADB23160D90744BF43F0200330
S3150800C16C23601DB11023ADE72648E9E7236823F0C1
S3150800C17C20032360F6E71646BDE733682568616930
S3150800C18C181D30602E061B6801D5196002E068067A
S3150800C19CFBD51980002323611646BCE733681A1DA4
S3150800C1AC32601E68626800213046F4F7B3F808B1AD
S3150800C1BC801B606063682361002384F84330AAE718
S3150800C1CC2369324649464046D0470130ADD02368EC
S3150800C1DC9B0713D4E068039B9842B8BF1846A6E79A
S3150800C1EC0123324649464046D04701309DD0013599
S3150800C1FCE36803995B1AAB42F2DCEBE7002504F122
S3110800C20C1906F5E7184703902947039028
S3150800C218B1F90C202DE9F041160705460C4654D409
S3150800C2284B68002B02DC0B6C002B48DDE66A002EF7
S3150800C23845D0002312F480522F68216A2B6030D02B
S3150800C248626DA389590705D56368D21A636B0BB162
S3150800C258236CD21A0023E66A216A2846B047431C8B
S3150800C268A38906D129681D292BD82A4ACA40D60780
S3150800C27827D500226260D9042269226004D5421CA7
S3150800C28801D12B6803B96065616B2F60B9B104F1F8
S3150800C2984403994202D02846FFF7CEF90023636380
S3150800C2A80DE001232846B0470246501CC9D12B6821
S3150800C2B8002BC6D01D2B01D0162B1ED12F600020AF
S3150800C2C822E043F040031BB21BE00F69002FF6D0AB
S3150800C2D893070E6808BF4B690F6018BF0023A6EBC3
S3150800C2E807088B60B8F1000FE9DD216AA66A43469C
S3150800C2F83A462846B047002808DCB4F90C3043F01B
S3150800C3084003A3814FF0FF30BDE8F0810744A8EB4E
S30D0800C3180008E7E701004020D8
S3150800C32038B50B6905460C4613B90025284638BDAD
S3150800C33018B1036A0BB9FEF7ADF9B4F90C30002B46
S3150800C340F3D0626ED00704D4990502D4A06DFFF726
S3150800C35037F928462146FFF75FFF636EDA07054679
S3150800C360E4D4A3899B05E1D4A06DFFF72BF9DDE79B
S3150800C3700EB403B5014603AB054853F8042B006811
S3150800C3800193FFF7A5FC02B05DF804EB03B0704714
S3090800C3900C0D00245E
S3150800C3940EB470B59DB021AC00254FF4017254F863
S3150800C3A4046BADF814201B9502900690F3F7A8FFCA
S3150800C3B40B4B039007900B480B934FF6FF73ADF89E
S3150800C3C416303246234602A900680F95149501943F
S3150800C3D400F04EF91DB0BDE8704003B0704700BFC9
S30D0800C3E48BA700080C0D0024CC
S3150800C3ECF8B50E461446054618B1036A0BB9FEF79E
S3150800C3FC4BF9A369A360A3891A0701D5236943B925
S3150800C40C2146284600F02AF818B14FF0FF3738466F
S3150800C41CF8BD23682269981A6369F6B283423746CF
S3150800C42C05DC21462846FFF775FF0028EDD1A368E1
S3150800C43C013BA36023685A1C22601E706269431C68
S3150800C44C9A4204D0A389DB07E1D50A2EDFD121460F
S3110800C45C2846FFF75FFF0028D9D0D6E776
S3150800C46838B5294B054618680C4618B1036A0BB93E
S3150800C478FEF70CF9B4F90C30190722D4DA0607D4F2
S3150800C48809222A6043F04003A3814FF0FF3033E0C6
S3150800C498580712D5616B41B104F14403994202D099
S3150800C4A82846FFF7C9F800236363A38923F0240302
S3150800C4B8A3810023636023692360A38943F00803E3
S3150800C4C8A38123694BB9A38903F42073B3F5007FC5
S3150800C4D803D02146284600F0B3FBB4F90C3013F014
S3150800C4E801020AD00022A26062695242A261226948
S3150800C4F842B913F08000C5D138BD990758BF62699B
S3110800C508A260F4E70020F7E70C0D002401
S30D0800C51400487047600D002481
S3150800C51C38B5064D0023044608462B60FCF762FC2A
S3150800C52C431C02D12B6803B1236038BDD47901248E
S3130800C53C08B5062000F05AFC0120FCF725FC85
S3110800C54C0148FFF737B800BFD979012471
S3110800C5580148FFF733B800BFD979012469
S3150800C5642DE9F041074614460D4621B9BDE8F041C8
S3150800C5741146FFF723B92AB9FFF760F82546284676
S3150800C584BDE8F08100F074FC8442064602D8B4EB98
S3150800C594500FF4D821463846FFF710F9804608B9F3
S3150800C5A44546ECE7B4422246294628BF3246FFF7F9
S3110800C5B410F829463846FFF741F8F1E771
S3150800C5C038B54B1C144603D14FF0FF35284638BD05
S3150800C5D0938923F020039381636B5268CDB28BB1A4
S3150800C5E0A36B934208DD23685A1E226003F8015C98
S3150800C5F0636801336360E9E7214600F09AFB002887
S3150800C600F1D0E1E72169236851B1994208D213F8BC
S3150800C610011CA94204D1013B013223606260D5E7BF
S3150800C620C4E90F3204F1440363630323A363234677
S30F0800C63003F8465F23600123DCE7E8
S3150800C63A10B50C46496B69B104F14403994201D015
S3150800C64AFEF7F9FF236C63600020606313B1E36B9E
S3150800C65A236010BD2369236000236360A38943F01E
S30F0800C66A2003A3814FF0FF30F3E729
S3150800C6742DE9F04F0C46ADF5237D0021CDE9441193
S3150800C684A649A0910DF10408A549A64FCDF818812D
S3150800C6940646A191009392F80090B9F1000F00F0B4
S3150800C6A4588117F8093013F0080302F1010519D067
S3150800C6B46368002B0FDD23681A78BA5C120701D465
S3150800C6C42A46E8E7459A0132459262680133013AF7
S3150800C6D462602360ECE7A19B214630469847002810
S3150800C6E4E9D0EDE7B9F1250F40F0858041934393EE
S3150800C6F453782A2B02BF1023951C41930A22AA4673
S3150800C7041AF8011BA1F13003092B1ED9DFF818B258
S3150800C71403225846F3F702FE38B1419AA0EB0B0000
S3150800C7240123834013434193554615F8013B782B5F
S3150800C73406D8572B10D8252B5DD057D8002B75D083
S3150800C744032347930A23429388E0439B02FB03117E
S3150800C754303943915546D2E7A3F15802202AEFD837
S3150800C76401A151F822F000BF3FC8000845C70008D8
S3150800C77445C7000899C8000845C7000845C7000802
S3150800C78445C7000845C7000845C7000845C7000847
S3150800C79445C70008AFC8000895C80008F7C70008C9
S3150800C7A4F7C70008F7C7000845C7000851C80008B6
S3150800C7B445C7000845C7000845C7000845C7000817
S3150800C7C4BFC8000859C8000837C8000845C7000884
S3150800C7D445C70008BBC8000845C7000895C800082F
S3150800C7E445C7000845C700083FC80008453B022B53
S3150800C7F4A6D8052331E06368002B0DDD23681A7873
S3150800C8044A4540F0A680013362682360459B013A95
S3150800C81401336260459353E7A19B21463046984706
S3150800C8240028EBD04498002840F08B804FF0FF3066
S3150800C8348BE0419A42F020024192419A42F40072F6
S3150800C844419210226E2B429202D905E000234293AC
S3150800C854032302E008234293042347936368002BC7
S3150800C86439DD419B590604D423681A78BA5C120741
S3150800C87438D4479B022B47DC6B46224641A93046EF
S3150800C88400F06CF8012864D002287FF419AFC9E7D0
S3150800C8940A22D7E72946404600F010FA419B43F09E
S3150800C8A44003419305460123D7E7419B43F04003E0
S3150800C8B441930023D1E70223CFE74198C3063FF506
S3150800C8C4FFAE009B459A191D00911B68C0074CBF13
S3150800C8D41A801A60F4E6A19B214630469847002838
S3150800C8E4BFD09FE7459A013245926268013A002A09
S3150800C8F4626002DD01332360B6E7A19B2146304618
S3150800C90498470028B0D08DE7042B0FDC6B462246E7
S3150800C91441A9304600F07CF8B4E700BFC1C5000859
S3150800C9243BC60008896A04900D4703900A4B002BFE
S3150800C9343FF4C6AE6B46224641A93046AFF30080A3
S3150800C944A0E7A3895B063FF571AF0DF5237DBDE826
S3110800C954F08F4498F9E700BF00000000CF
S3150800C9602DE9F84315468A6880460C4632B98A6925
S3150800C970002A14BF4FF0FF3201228A602268DFF8CE
S3150800C9809090D1065FBF1A68111D196016680027B6
S3150800C990A06988B1012807D12B681A7863699B5C5E
S3150800C9A053B9002F31D022E0022820D12B681B78FA
S3150800C9B019F803301B071AD42368DA065EBF2B68FA
S3150800C9C01B7806F8013B2A686B6801322A60A26860
S3150800C9D0013B013A6B600137A26042B1002BD7DCFC
S3150800C9E0D4F880312946404698470028D0D0236895
S3150800C9F013F0100305D1E2680132E260A26902B1C0
S3150800CA00337023693B4423610020BDE8F88300BFE7
S3090800CA10896A04908D
S3150800CA142DE9F04F9846744B0C468246164693E821
S3150800CA24070087B003AB83E80700704BA169704A17
S3150800CA34032908BF1A46A36801925A1EB2F5AE7FA7
S3150800CA4488BF6FF4AE75274682BF03EB050940F22B
S3150800CA545D13A36057F81C3B43F4506398BF4FF02B
S3150800CA64000923603D464FF0000B316803AB097893
S3150800CA7453F82B000222F3F751FC28B3BBF1010F3C
S3150800CA8459D162682AB92268082142F400726160A1
S3150800CA942260226822F4A0622260A268511EA16064
S3150800CAA492B13268511C3160127805F8012B72680C
S3150800CAB4013A002A726007DCD4F8802131465046D0
S3150800CAC49047002840F085800BF1010BBBF1030F5A
S3150800CAD4CBD163680BB90A23636063684549606907
S3150800CAE4C91A00F0EBF84FF0000BA3682268002B74
S3150800CAF43DD03168606991F800C010F80C00002830
S3150800CB0435D0BCF1300F24D1100522D50BF1010B19
S3150800CB14B9F1000F03D0013309F1FF39A360736833
S3150800CB24013B002B73601BDD336801333360A36854
S3150800CB34013BA360D9E7BBF1020FAED1226802F428
S3150800CB44C061B1F5007FC4D11021616042F48072DE
S3150800CB54A2E722F4106222600B7805F8013BDEE7AF
S3150800CB64D4F880313146504698470028DFD02368E8
S3150800CB74D9050DD5BD4209D915F8011CD4F87C315F
S3150800CB8432465046984705F1FF394D46BD4228D0EE
S3150800CB94226812F0100213D12A706368019E39467E
S3150800CBA45046B047D8F8003021681A1DC8F8002046
S3150800CBB411F0200F1B680FD01860E3680133E36097
S3150800CBC42369ED1B5D442B442361002007B0BDE8AF
S3150800CBD4F08F4FF0000BCAE7CA074CBF18801860DD
S3150800CBE4EBE70120F2E700BF4C6C049079A5000836
S30D0800CBF4B5B900084A47039091
S3150800CBFC70B50C46B1F90E10002996B015461E46AE
S3150800CC0C0DDAA38913F0800F4FF0000114BF4023EF
S3150800CC1C4FF48063002031602B6016B070BD6A46F5
S3150800CC2C00F0ECF80028ECDB019901F47041A1F551
S3110800CC3C0053594259414FF48063EBE75E
S3150800CC488B89F7B59D0706460C4607D504F14703B1
S3150800CC58236023610123636103B0F0BD01AB6A4613
S3150800CC68FFF7C8FF009F054639463046FEF7A4FD7C
S3150800CC7848B9B4F90C309A05EED423F0030343F007
S3150800CC880203A381E2E7A389206043F08003A38116
S3150800CC98019BC4E904075BB1B4F90E10304600F0ED
S3150800CCA8C1F828B1A38923F0030343F00103A3813C
S30D0800CCB8A3891D43A581CFE7FE
S3150800CCC070B50B7804465E2B0BBF4B784A1C8A1C42
S3150800CCD0002108BF0121013804F1FF0500F8011FF2
S3150800CCE0A842FBD10BB9501E70BD81F00101E15479
S3150800CCF01046024612F8015B2D2D05D05D2D16D083
S3150800CD00002DF1D02B46F2E746785D2EFAD0B342D5
S3150800CD10F8DC02301A4601329642A154FBDCF21ABC
S3150800CD20013A5D1CB342A8BF0022AB18E1E71046E2
S3070800CD30DAE732
S3150800CD322DE9F0410C46496B04F1440399421DD191
S3150800CD424FF48061FEF73BFD18B94FF0FF30BDE89E
S3150800CD52F0814FF48063A36394F84630606380F8E9
S3150800CD62FF3394F8453080F8FE3394F8443080F85F
S3150800CD72FD3300F2FD3020600020E8E7A66B77005D
S3150800CD823A46FFF7EEFB05460028DED000EB06081A
S3150800CD92014632464046FEF71DFCC4E90D57C4F863
S3090800CDA20080E9E72F
S3150800CDA61F2938B505460C4604D9162303604FF0E5
S3150800CDB6FF3038BDC26B12B152F821304BB928463E
S3150800CDC600F053F8224601462846BDE8384000F0EA
S3150800CDD63AB8012B0AD0591C03D116230360012041
S3150800CDE6E7E7002142F82410204698470020E0E7A6
S3150800CDF8024B01461868FFF7D2BF00BF0C0D002486
S3150800CE0838B5074D00230446084611462B60FBF73C
S3150800CE18E2FF431C02D12B6803B1236038BD00BF6B
S3090800CE28D479012486
S3150800CE2C38B5064D0023044608462B60FBF7D6FF9B
S3150800CE3C431C02D12B6803B1236038BDD479012475
S3150800CE4C38B5074D00230446084611462B60FBF7F8
S3150800CE5C93FF431C02D12B6803B1236038BD00BF76
S3090800CE6CD479012442
S3090800CE70FBF786BF79
S3150800CE7451F8043C181F002BBCBF0B58C018704748
S3150800CE8808B52DED048BB0EE408B00F019F8B4EE1A
S3150800CE98488BF1EE10FA0CD69FED079BB4EEC98BBA
S3150800CEA8F1EE10FA05D5FEF75BFB89EE090B21238F
S3150800CEB80360BDEC048B08BD0000000000000000FC
S30B0800CEC8B1EEC00B704735
S3150800CED0205350494E4F523A2043686970204944BE
S3150800CEE0200000003A204D5832354C333233330D8A
S3150800CEF00A0000003A204D5832354C323536343562
S3150800CF000D0A00003A20556E6B6E6F776E0D0A009B
S3150800CF10515350494E4F523A20436869702049444C
S3150800CF2020000000426F6F746C6F61646572202880
S3150800CF30537465702031292E2E2E0D0A000000002C
S3150800CF40466C617368204944206572726F72732C4F
S3150800CF502061626F7274696E6720626F6F746C6F9E
S3110800CF606164696E672E0D0A000000006F
S30D0800CF6C8433FF7F0100000079
S3090800CF74D5020008CC
S3090800CF78B1020008EC
S3150800CF7C670100000000000080030000FF000000AD
S3150800CF8C01000000010000000200000083A80290C6
S3150800CF9C9FA802909FA80290A6A8029001A70290AB
S3150800CFACFAA60290D0A802902CA9029030A9029059
S3150800CFBC35A9029081A9029081A90290D2B4029057
S3150800CFCCD9B4029000000000A9A20290000000004B
S3150800CFDC0100000000000000000000000000000036
S3150800CFECDDB40290E5B4029000000000EDB40290A6
S3150800CFFCEDB4029001000000E9B40290F1B402907D
S3150800D00C0200000000000000000000000000000004
S3150800D01CF6B402900000000000000000FCB4029078
S3150800D02C00000000010000000000000000000000E5
S3150800D03C000000004BAF029002B502900000000001
S3150800D04C06B502900FB502900100000026AF0290BB
S3150800D05C13B50290030000008911039017B50290CE
S3150800D06C0400000003AF02901BB5029005000000F7
S3150800D07C14AF02901FB5029006000000F7AE02909E
S3150800D08C23B502900700000059AF029027B502900D
S3150800D09C0900000068AF02902BB502900A00000048
S3150800D0AC76AF02902FB502900800000083AF02906D
S3150800D0BC84AF02900B00000036AF029033B5029095
S3150800D0CC0200000037B502903FB502900C00000034
S3150800D0DC000000000000000000000000C8B8029024
S3150800D0EC0000000001000000CFB80290000000000C
S3150800D0FC02000000D6B802900000000003000000F1
S3150800D10C00000000000000000000000039B5029085
S3150800D11C0000000001000000E8B9029000000000C1
S3150800D12C020000009DA6029000000000030000000B
S3150800D13C08A802900000000004000000000000008F
S3150800D14C0000000000000000EDB90290CEBA029073
S3150800D15CD2BA0290DBBA0290A9BB0290ADBB029080
S3150800D16C17B502900000000001000000FFBD0290F8
S3150800D17C000000000200000003BE02900000000040
S3150800D18C0300000000000000000000000000000082
S3150800D19C07BE0290B6BE0290BABE029080009201FB
S3150800D1AC37FB870776F9A400C10637F736006D11E9
S3150800D1BCB4DCD22AB4DC6D11360037F7C106A400EC
S3150800D1CC76F9870737FB920180000000B940039077
S3150800D1DC0000000001000000E9BF029000000000FA
S3150800D1EC0200000008A802900000000003000000DE
S3150800D1FC000000000000000000000000EEBF0290D6
S3150800D20CA4C00290A4C00290000800000000000010
S3150800D21CFF00000094000000FD000000F60000006E
S3150800D22CF2000000B0010000D0000000220300004C
S3150800D23CA7000000D5040000280000005A050000CD
S3150800D24C0D0000005B050000000000000000000057
S3150800D25CA086010032010000C4E60290000000001E
S3150800D26C00000000CAE60290000000000100000061
S3150800D27C000000000000000000000000CEE602904E
S3150800D28C0000000000000000D3E602900000000039
S3150800D29C01000000D8E60290000000000200000021
S3150800D2ACDEE602900000000003000000E6E60290AD
S3150800D2BC0000000004000000ECE6029000000000EC
S3150800D2CC05000000F1E602900000000006000000D0
S3150800D2DCF8E602900000000007000000FEE6029047
S3150800D2EC000000000800000005E70290000000009E
S3150800D2FC090000000000000000000000000000000B
S3150800D30CCEE602900CE702900000000010E70290AF
S3150800D31C16E70290010000001AE7029022E7029035
S3150800D32C0200000026E7029000000000030000003F
S3150800D33C000000000000000000000000A1A80290F8
S3150800D34C000000000100000029E702900000000020
S3150800D35C0200000031E70290000000000300000004
S3150800D36C38E70290000000000400000040E7029035
S3150800D37C000000000500000048E7029000000000CD
S3150800D38C0600000050E702900000000007000000AD
S3150800D39C54E702900000000008000000EDB402906B
S3150800D3AC000000000900000059E702900000000088
S3150800D3BC0A00000060E70290000000000B00000065
S3150800D3CC66E70290000000000C0000006EE7029071
S3150800D3DC000000000D00000075E702900000000038
S3150800D3EC0E0000007CE70290000000000F00000011
S3150800D3FC81E7029000000000100000000000000009
S3150800D40C000000000000000080A2029086E702904F
S3150800D41C010000008BA202908537039002000000E1
S3150800D42C96A20290723F039003000000A1A20290FC
S3150800D43C8AE702900400000060E702908EE70290EB
S3150800D44C1C00000054E7029092E702901B000000B3
S3150800D45CADA2029096E702901A0000009AE7029095
S3150800D46CA1E702900D000000B6A20290A5E7029073
S3150800D47C0E000000BEA20290A9E702900F00000061
S3150800D48CDEA20290ADE7029006000000B1E702901A
S3150800D49CBAE7029007000000BEE70290CAE70290BE
S3150800D4AC05000000CEE70290D6E7029008000000BF
S3150800D4BCC6A20290DAE7029009000000CFA20290F9
S3150800D4CCDEE702900A000000E2E702908BEE02907B
S3150800D4DC0B000000EAE70290F0E70290100000004B
S3150800D4ECE7A20290F4E7029011000000EFA2029066
S3150800D4FCF8E7029012000000FCE7029004E802909C
S3150800D50C0C000000F8A2029008E802901300000034
S3150800D51CFFA202900CE802901400000010E802909A
S3150800D52C16E80290150000001AE8029022E802900C
S3150800D53C16000000D7A2029026E8029017000000F9
S3150800D54C2AE8029030E802901800000034E80290AD
S3150800D55C3CE802901900000040E8029048E8029066
S3150800D56C1D000000B6350390000000001E000000E8
S3150800D57C0000000000000000000000004CE80290CB
S3150800D58C08A8029008A80290B9400390B9400390E5
S3150800D59C88EE02908FEE02900000000093EE029047
S3150800D5AC000000000100000097EE02900000000049
S3150800D5BC020000009CEE0290000000000300000030
S3150800D5CC000000000000000000000000A4450390C5
S3150800D5DC0000000000000000A1EE02900000000010
S3150800D5EC01000000ACEE0290A5EE029002000000CD
S3150800D5FCA9EE0290B2EE0290030000000CAF029066
S3150800D60C00000000040000000000000000000000FC
S3150800D61C00000000D2B402900000000000000000D8
S3150800D62CB6EE0290000000000100000000000000A9
S3150800D63C0000000000000000BBEE0290C3EE029052
S3150800D64C00000000C7EE0290CEEE0290010000002A
S3150800D65C000000000000000000000000A445039034
S3150800D66C571F0390000000000CAF02907C430390F8
S3150800D67C01000000D2EE029000000000000000003D
S3150800D68CD8EE029000000000010000000000000027
S3150800D69C000000000000000024F0029000000000CA
S3150800D6AC0100000029F002900000000002000000B2
S3150800D6BC30F00290000000000300000037F00290E2
S3150800D6CC00000000040000003FF00290000000007B
S3150800D6DC050000000000000000000000000000002B
S3150800D6EC44F00290A2F10290A6F102900FF9029072
S3150800D6FC000000000100000054E702900000000042
S3150800D70C02000000EDB402900000000003000000C7
S3150800D71C13F9029019F90290040000001DF9029001
S3150800D72C22F90290050000009711039008E7029071
S3150800D73C06000000E9BF029026F9029007000000D7
S3150800D74C2AF90290000000000B0000002FF9029045
S3150800D75C31F902900C00000035F902903BF9029061
S3150800D76C080000003FF9029046F9029009000000F3
S3150800D77CB1E70290BAE702900A0000004AF9029053
S3150800D78C50F902900D000000000000000000000097
S3150800D79C0000000054F90290D9B402900CFC0290D7
S3150800D7ACA445039000000000000000004CFE029007
S3150800D7BC000000000100000051FE0290000000006D
S3150800D7CC0200000056FE0290000000000300000054
S3150800D7DC5CFE02900000000004000000000000003F
S3150800D7EC0000000000000000A445039000000000A3
S3150800D7FC01000000971103900000000002000000D1
S3150800D80C3C1103900000000003000000000000001B
S3150800D81C000000000000000062FE02909DFF0290CE
S3150800D82CA1FF0290A8FF0290EEA10290F1E60290E9
S3150800D83C005A6202005A6202020000000000000050
S3150800D84C102700000A00000001000000000000007C
S3150800D85CA0860100640000000087930300879303E9
S3150800D86CFB44039078070390010000007C070390A3
S3150800D87C8507039002000000890703909007039020
S3150800D88C030000003FF00290940703900400000088
S3150800D89C980703909E07039005000000A2070390C3
S3150800D8ACAA07039006000000AE070390B50703907D
S3150800D8BC0700000000000000000000000000000047
S3150800D8CCB90703906D09039071090390008023072B
S3150800D8DCFFFDF7FD9EFE90FE34FF2DFFD8FFD9FF06
S3150800D8EC85007F001501F1005401F8001F01860020
S3150800D8FC7500B4FF8EFFD5FED0FE52FE9CFE7FFE51
S3150800D90C2CFF71FF6E00E600EF0149020303E202E9
S3150800D91CFA021A026401BBFF4EFE14FC48FAEDF734
S3150800D92C44F650F44FF337F2387237F24FF350F49B
S3150800D93C44F6EDF748FA14FC4EFEBBFF64011A02D6
S3150800D94CFA02E20203034902EF01E6006E0071FFD8
S3150800D95C2CFF7FFE9CFE52FED0FED5FE8EFFB4FF3A
S3150800D96C750086001F01F8005401F10015017F00AF
S3150800D97C8500D9FFD8FF2DFF34FF90FE9EFEF7FDDC
S3150800D98CFFFD2307EC7400240090D0030090D0030D
S3150800D99C880C0390B40C0390B40C0390010000009F
S3150800D9ACE001000001000000C5160390000000000D
S3150800D9BC00000000CA1603900000000001000000D9
S3150800D9CCCF1603900000000002000000D416039046
S3150800D9DC0000000003000000D916039000000000A8
S3150800D9EC04000000DE16039000000000050000008D
S3150800D9FCE31603900000000006000000E8160390EA
S3150800DA0C0000000007000000ED160390000000005F
S3150800DA1C08000000F2160390000000000900000040
S3150800DA2CF7160390000000000A000000FC1603908D
S3150800DA3C000000000B000000021703900000000015
S3150800DA4C0C00000008170390000000000D000000F1
S3150800DA5C0E170390000000000E0000001417039028
S3150800DA6C000000000F0000001A17039000000000C9
S3150800DA7C10000000201703900000000011000000A1
S3150800DA8C2617039000000000120000002C170390C4
S3150800DA9C000000001300000032170390000000007D
S3150800DAAC1400000038170390000000001500000051
S3150800DABC3E17039000000000160000004417039060
S3150800DACC00000000170000004A1703900000000031
S3150800DADC1800000050170390000000001900000001
S3150800DAEC56170390000000001A0000005C170390FC
S3150800DAFC000000001B0000006217039000000000E5
S3150800DB0C1C00000068170390000000001D000000B0
S3150800DB1C6E170390000000001E0000007417039097
S3150800DB2C000000001F0000007A1703900000000098
S3150800DB3C2000000080170390000000002100000060
S3150800DB4C8617039000000000220000008C17039033
S3150800DB5C000000002300000092170390000000004C
S3150800DB6C2400000098170390000000002500000010
S3150800DB7C000000000000000000000000CEE6029045
S3150800DB8C0CE70290000000009E170390A61703905E
S3150800DB9C01000000AA170390B217039002000000B8
S3150800DBACB6170390BF17039003000000000000008F
S3150800DBBC000000000000000023110390C317039017
S3150800DBCC010000002E110390C717039002000000F5
S3150800DBDC3A110390CB1703900300000047110390EA
S3150800DBEC940703900400000054110390CF17039078
S3150800DBFC0500000060110390D3170390060000007F
S3150800DC0C6D110390D7170390070000007A11039043
S3150800DC1CDB170390080000008911039017B50290D2
S3150800DC2C0900000095110390DF1703900A00000005
S3150800DC3CA3110390A31103900B000000AC110390E1
S3150800DC4CCF1703900C000000000000000000000035
S3150800DC5C000000000100000010000000AAAAAAAAF1
S3150800DC6C6E19000000C000C0000000000300000090
S3150800DC7C747801248046039080460390100D002486
S3150800DC8C0000000074780124DC780124447901240E
S3150800DC9C000000000000000000000000000000006A
S3150800DCAC000000000000000000000000000000005A
S3150800DCBC000000000000000000000000000000004A
S3150800DCCC000000000000000000000000000000003A
S3150800DCDC01000000000000004A00000000000000DF
S3150800DCEC000000000000000000000000000000001A
S3150800DCFC000000000000000000000000000000000A
S3150800DD0C4A000000000000000000000000000000AF
S3150800DD1C00000000000000000000000000000000E9
S30D0800DD2C0000000000000000E1
S31590000000000000000000000000000000000000005A
S31590000010000000000000000000000000000000004A
S31590000020000000000000000000000000000000003A
S31590000030000000000000000000000000000000002A
S31590000040064BDA68D20704D5054A5A6002F188321F
S315900000505A60D868C04300F00100704700200052F3
S3159000006023016745094B1A695107FCD418691A6927
S3159000007020F07840D20320F480104FEA50404FEAA7
S31590000080404002D54FF480321A61704700200052EA
S315900000900138054A10F8013F03B97047D1694906FE
S315900000A0FCD59362F6E700BF001001400023B0F53F
S315900000B07A7F07B5019304DB104803B05DF804EB33
S315900000C0E6E7642290FBF2F303F1300102FB13039F
S315900000D00A228DF8041093FBF2F330338DF8053035
S315900000E090FBF2F302FB130030308DF8060001A866
S315900000F0FFF7CEFF03B05DF804FB00BF5C0600007F
S3159000010013B5046899409A400194019C24EA01042D
S31590000110019401990A430192019B036002B010BDBC
S315900001200122054808B511460023FFF7E9FF034B66
S31590000130D86800F0010008BD0C2000520020005243
S3159000014008B50023044801211A46FFF7D9FF40F667
S31590000150F873836108BD00BF003C00400D4B1B2225
S3159000016040F4807082B0DA605861BFF34F8F42F2EC
S31590000170117200209968890606D50190019001991F
S315900001800C2903DD013AF5D102B07047019901318E
S315900001900191F4E70050005210B5084B1B21002046
S315900001A0074CD96018615C61BFF34F8F9A6852070C
S315900001B0FCD593F820209207F3D110BD0050005241
S315900001C005010005030CF7B504278DF8053040BAF4
S315900001D0284B294E0D46144603214FF48032ADF834
S315900001E006008DF8041025489A6111230022776045
S315900001F0FFF786FF0122002330461146FFF780FF66
S31590000200012209231146FFF77BFF3B460DEB0702C0
S3159000021071698907FCD512F8011B013B86F82010FD
S31590000220F6D173691A07FCD5FFF78AFF11230222CC
S315900002300321124875602544FFF762FF01220023CF
S315900002400C381146FFF75CFF012209231146FFF790
S3159000025057FF4369DB07FCD590F8303004F8013B33
S31590000260A542F6D1034B01229A6103B0BDE8F04056
S3159000027066E700BF000C0258003C00400C3C004072
S315900002800B4B1B22DA60FF221A610A4A5A61986167
S31590000290BFF34F8F4FF48072074998684007FCD59B
S315900002A093F82000013A01F8010BF6D1704700BF90
S315900002B00050005203250005000E00242DE9F04F52
S315900002C0B64889B0FFF7E4FEB548FFF7E1FE002493
S315900002D00620B44FFFF742FF6020FFF73FFF254609
S315900002E0FFF75AFFB048FFF7D3FEB048FFF7D0FEAE
S315900002F02846FFF7C5FFAB4A002312F8011B0133CE
S31590000300FF2918BF0134B3F5807FF6D105F58075C6
S31590000310B5F5F01FECD1002C7AD1A548A14625461B
S31590000320DFF894B2DFF8CC82FFF7B2FEDFF8C8A20E
S31590000330A048FFF7ADFE5A464FF480712846FFF766
S3159000034041FFFFF729FF0620FFF708FF1B23C8F898
S315900003500C30FF23C8F81030C8F814A0C8F818500D
S31590000360BFF34F8F4FF48076934BD8F808205207FF
S31590000370FBD513F8012B013E88F82020F5D1FFF725
S315900003800BFF4D450CD364234FF4F01009F540391B
S315900003906B43B3FBF0F0FFF789FE8848FFF778FED2
S315900003A005F58075B5F5F01FC5D18548DFF808824B
S315900003B0FFF76EFE8348FFF76BFE4FF4807142465F
S315900003C030464FF48075FFF7FDFE3046FFF758FF35
S315900003D079493B4611F8010B13F8012B904218BF4F
S315900003E00134013DF6D106F58076B6F5F01FE4D1DD
S315900003F0ACB97548FFF74CFE20222146684603F0BB
S315900004001BFC7248FFF744FEFFF71AFE70B9FEE731
S315900004102046FFF74BFE6E48FFF73AFEFEE7204672
S31590000420FFF744FE6A48FFF733FEFEE7FFF71AFE32
S3159000043060B9684EF36843F08803F360FFF712FEE5
S31590000440F368044623F00803F36000B1FEE7FFF774
S3159000045067FE00B9FEE75448FFF71AFE5E48FFF7BD
S3159000046017FE4FF000635D4A19780133FF2918BFD4
S3159000047001349342F8D1002C7FD14D482646DFF8BF
S315900004805481FFF705FEDFF87491DFF830A15448E8
S31590000490FFF7FEFDFFF7D4FD6A46202106F5F01022
S315900004A0FFF790FEFFF7DEFD00BBD8F80C2006F1B3
S315900004B0006342F00202C8F80C20BFF36F8FBFF3BF
S315900004C04F8F6A4603F1200152F8040B43F8040B50
S315900004D08B42F9D1BFF36F8FBFF34F8FFFF7C2FDFA
S315900004E0D8F80C3023F00203C8F80C30AE420CD387
S315900004F0642005F54C35704305F23335B0FBF9F0C1
S31590000500FFF7D4FD5046FFF7C3FD2036B6F5001F22
S31590000510C2D134484FF00065224EFFF7B9FDFFF780
S31590000520FFFD3148FFF7B4FD05F178404FF4807137
S31590000530324600F5F010FFF745FE38462B4605F596
S3159000054080711D78013310F8012B954218BF013444
S315900005509942F6D1B1F1026F16D1BCB91A48FFF79C
S3159000056097FD2249224BCA6802F4E0621343BFF317
S315900005704F8FCB60BFF34F8FFEE72046FFF796FD78
S315900005801348FFF785FDFEE70D46CDE72046FFF7BA
S315900005908DFD0F48FFF77CFDFEE700BF610600006A
S315900005A07A060000000E00249C060000A4060000B7
S315900005B0BE060000C8060000000F0024F1060000E9
S315900005C0F70600001B0700003B07000047070000E6
S315900005D0E6060000002000526907000000000208AD
S315900005E083070000A1070000C607000000ED00E0A9
S315900005F00400FA050050005202250001FFFF1F007B
S31590000600064B07B50648012200930221054B007858
S3159000061003F036FB03B05DF804FB00BF0106000053
S3159000062065240024B4BB02900A4A13685BB90A4950
S315900006304FF4806088610133642193FBF1F001FBF4
S31590000640103313607047502BF5D103494FF08060FB
S31590000650F0E700BFFC0D0024001002583E393939EE
S3159000066000426F6F746C6F61646572202853746575
S31590000670702032292E2E2E0D0A0020515350493AC1
S315900006802045726173696E6720666C617368202875
S31590000690333073206D6178292E2E2E00446F6E654F
S315900006A02E0D0A0020515350493A205665726966BC
S315900006B079696E672045726173652E2E2E0045729C
S315900006C0617365642E0D0A0020515350493A2050AB
S315900006D0726F6772616D6D696E6720666C61736823
S315900006E02E2E2E0D0A00204572726F72732E0D0AF1
S315900006F000252E2E2E0D0020515350493A2050722F
S315900007006F6772616D6D696E6720666C6173682044
S31590000710436F6D706C6574650D0A00205153504996
S315900007203A20566572696679696E672050726F676E
S3159000073072616D6D696E672E2E2E005665726966B2
S315900007406965642E0D0A0053544D33323A20457232
S315900007506173696E6720666C6173682028313573A2
S31590000760206D6178292E2E2E0053544D33323A2027
S31590000770566572696679696E672045726173652EF2
S315900007802E2E0053544D33323A2050726F67726159
S315900007906D6D696E6720666C6173682E2E2E0D0ADC
S315900007A00053544D33323A2050726F6772616D6DBB
S315900007B0696E6720666C61736820436F6D706C65B7
S315900007C074652E0D0A0053544D33323A2056657295
S315900007D0696679696E672050726F6772616D6D692F
S315900007E06E672E2E2E005274466C6167733A2047C0
S315900007F050532074696D696E67206C6F73740D0A1F
S31590000800005274466C6167733A204750532074695E
S315900008106D696E6720726573746F7265640D0A00F8
S315900008205274466C6167733A204750532074696DD1
S31590000830696E672072657365740D0A005274466C12
S315900008406167733A2041534C2054532044656C742D
S3159000085061203D2025640D0A004C6F63616C4D6FDD
S3159000086064653A2053656E64696E67202725632711
S315900008700D0A004C6F63616C4D6F64653A20546944
S315900008806D656F7574210D0A00544F004C6F63614E
S315900008906C4D6F64653A2053656E64696E67204F40
S315900008A066666C696E65206D6573736167652E0DFE
S315900008B00A004F46464C494E45004C6F63616C4D5D
S315900008C06F64653A2053656E64696E67204F6E6CEF
S315900008D0696E65206D6573736167652E0D0A004FAD
S315900008E04E4C494E45004C6F63616C4D6F64653A52
S315900008F02053656E64696E672053746174696F6E78
S315900009002049442E0D0A004C6F63616C4D6F6465EF
S315900009103A2053656E64696E672050726F636565A1
S31590000920642049442E0D0A004C6F63616C4D6F64D0
S31590000930653A204E65772053746174653A20256434
S315900009400D0A000010B58A1E01F59F744FF40063DE
S3159000095022F8023F9442FBD1B0B940F60E744FF4A0
S31590000960A0604FF430628B800C814C818C814FF467
S3159000097000744880CA80CA810B8248828C82CC825D
S315900009800C8348838B83CA8310BD0000154A5A2373
S3159000099013B51146144C34F81300013B22F8020BA0
S315900009A0F9D200230F4A1148A1F8B630A0235C2152
S315900009B00F4C00930F4B03F037F90F4A162311464D
S315900009C034F81300013B22F8020BF9D200230A4AAD
S315900009D00A48CB85A02318210093094B03F024F9EC
S315900009E002B010BDAE2000245E09002468210024C8
S315900009F02C020024B81E00247C1E0024AC1E002469
S31590000A000C1D0024B44B2DE9F04F1C68B9B0054677
S31590000A100191002C00F03481013C032C00F22D81D1
S31590000A20DFE814F0040008001D0126010020AB4BFE
S31590000A3018600AE0A94A10680130434200F00300AA
S31590000A4003F0030358BF584210602946FFF77AFF18
S31590000A500124A34F4FF40063A91E05F59F753E46EA
S31590000A601846BB4631F8022FA2F50062120126F80D
S31590000A70022B0A88904228BF1046934238BF1346ED
S31590000A808D42EFD1974A1B1ADFF894A211889BB238
S31590000A90954E994292484FF00101AAF8003038BF1E
S31590000AA01380002200F0FCFB356825B98F4B93F834
S31590000AB03330002B53D0DFF83C92A02388498C48E2
S31590000AC04D468C4A03F078F800200021002301332C
S31590000AD035F9022BC2FB8201A02BF8D10023A0226C
S31590000AE003F072F803F090F841EC100B03F074F8F1
S31590000AF051EC100B03F0A4F808227F4903F0A8F8F4
S31590000B000022054608217B4800F0CAFB7B4B1B78E8
S31590000B10092B0CD12A01002312B2013329F8022B9A
S31590000B20A02BFAD101220921724800F0B9FBDFF817
S31590000B30F4C10320724ADCF80030D554013395781D
S31590000B4093FBF0F101EB41015B1A5178CCF8003040
S31590000B5013780B441D446B4BB5FBF0F51D6040229A
S31590000B60002108A8DFF8849103F066F8802200211E
S31590000B7018A803F061F81822002102A803F05CF887
S31590000B803368EDB299F833C01BB9ACF10203012B6F
S31590000B9051D808AA524800214CF20106DFF888E1A4
S31590000BA0BCF1020F30F9023B40F08A8003EBD3731D
S31590000BB05B101380013102322029F1D101230022EA
S31590000BC002A8002603F048F802A818AA08A903F07C
S31590000BD053F8DFF858C118AB6046B3F902100136E6
S31590000BE0B3F9002004334943102E02FB02124CF84D
S31590000BF0042BF2D10023022250F8221001320F2A40
S31590000C000B44F9D1404AB3F5200F1360D4BF0022AC
S31590000C1001223E4BD8BF2E461A603D4BD5BF5A781F
S31590000C201E781A703246D8BF9A789E705A701CB940
S31590000C301C705C709C700026012002F0B9FF354B49
S31590000C4080461B68012B73D8334B1B68002B7CD1D5
S31590000C504FF4A0722249274802F0DEFFACE01F4B0A
S31590000C600B221868013090FBF2F102FB1100DFE6CF
S31590000C702A4A014600F09EFAEAE601460120E5E698
S31590000C801A4B93F83230013B032B3FF6E2AE01A2AA
S31590000C9052F823F0A50C0000AD0C0000B30C000038
S31590000CA0510A000002F09CFF0446D2E602F0A8FF2B
S31590000CB0FAE702F095FF044602F0A2FF0440C8E668
S31590000CC0B3F5804F04DA7345BFF673AF168071E7BC
S31590000CD043F6FF736DE700BF00220024081D002431
S31590000CE040010020FC2100240822002478240024BE
S31590000CF0AC1E0024000000209C02002454240024F2
S31590000D00FF1C00240422002474210024782100244E
S31590000D10FC1C0024841700240C220024DC020024EE
S31590000D20FE210024041D002401C0FFFF7C21002425
S31590000D30023B012B8CD85E4B1B78980603D45D4AF8
S31590000D401268002A84D0D90782D45B4A43F2500EA7
S31590000D5044F6AF7C594B1188BBF8002011FB0EF17D
S31590000D60DFF85CB112FB0C12012112141A80B3F950
S31590000D70000001313BF8022F10FB0EF0A02912FB68
S31590000D800C024FEA224223F8022F33F9022C02EB8F
S31590000D90820202EBD2724FEA620223F8022CE6D16B
S31590000DA0464A4549B2F93E310B8003EB830303EB88
S31590000DB0D3735B10A2F83E31DFF814B10022022102
S31590000DC03E4800F06DFADBF80030023B012B57D815
S31590000DD0374B1B789A0603D4364A1268002A4FD0AE
S31590000DE0DB074DD5A023364A3449364802F0E4FE57
S31590000DF000220321324800F053FA002C47D0BAF86B
S31590000E000030B3F5806F44D3B3F5706F94BF4FF055
S31590000E10020A4FF0030A2C4B1A68524504D05146E9
S31590000E20052002F0E5FE284BC3F800A0002C3AD02E
S31590000E3099F8333083BB5FFA88F600231A46194631
S31590000E4037F9020B01318242A8BF02468342B8BFEE
S31590000E500346A029F4D19B1A1C4A194811688B4263
S31590000E600199C8BF1360E2B2334602F0BDFE224636
S31590000E70DBF80010124839B0BDE8F04F00F0DABC4C
S31590000E804FF4A0720D490E4802F0C6FEB0E7A24696
S31590000E90C1E74FF0010ABEE7012B06D0023B012BBA
S31590000EA088BF0026C9E72646C7E72E46C5E700BF96
S31590000EB080170024182700249802002400000020A0
S31590000EC04001002068210024F81C0024681B00249F
S31590000ED08417002400EB410000234FF4006220F8B1
S31590000EE023200133A02BFAD1704700002DE9F0475B
S31590000EF0DFF8D4C107461D460E4690465F4B4FF02D
S31590000F00000E5F48C3F800E0DCF8001004681A6829
S31590000F10002AF7D1A023022E03FB04F47CD1594B6F
S31590000F20594A1B685949022B04D1594B1B68023305
S31590000F30AB420DD2574B1B6857480D60B3FBF0F38D
S31590000F404FF4D2502344B3FBF0F400FB14331360F8
S31590000F500B681468A022EB1A02FB03444FF4D25399
S31590000F60DFF86891B4FBF3F203FB1244D9F8003032
S31590000F7023B1022E02D00023C9F80030DFF850A129
S31590000F80DAF80010A14203D0611A022002F040FE66
S31590000F90A023424A01212A20B4FBF3F3D1540B44F7
S31590000FA0B3FBF0FC00FB1C333D48D154BB1E4FF401
S31590000FB0D25207F59F7733F9021F20F814100134A7
S31590000FC09F4294FBF2F102FB1144F4D12D4BCAF8E7
S31590000FD000401E602E4B1D60D9F80030D3B9012E0B
S31590000FE03048314913D10368304CA8EB03020B68A3
S31590000FF0EB1A04FB02332E4C2E4AA342B3FBF2F2B9
S3159000100003D9A2F11603E92B01D82B4B5A70C0F8DD
S3159000101000800D60BDE8F0875EB91A4B1A4A1B68CE
S315900010201A4923B91A4B1B680233AB4290D2234B11
S3159000103081E71E4A08F0030302FB03531F4A126816
S31590001040A2EB01091E4A9944914534BF0021012122
S31590001050934202FB1199104934BF0020012002FBF4
S315900010601030B9FBF1FA02F0C7FD164B187801283B
S3159000107002D1494602F0CCFD54446FE7D8080024CB
S315900010808C280024C8080024802800247C2800246A
S3159000109084280024E808002448E8010090280024C9
S315900010A0BA280024742800247028002400CA9A3B89
S315900010B0BFEA210140420F0055240024EC08002489
S315900010C000286BEE5D240024882800243C5D0024D3
S315900010D0782800242DE9F74F06460846517A49B9F3
S315900010E086423DD04FF4A072314603B0BDE8F04F32
S315900010F002F092BD2D2548F6A0484FF0640C2C4F77
S3159000110044F24F6946F6771AD2E900436B434FF49F
S315900011107A75B3FBF5F300250193019B42F2273EC6
S315900011201C44B4FBF8F308FB13447445B4FBFCF37E
S3159000113019D837F91330022924D003292BD0012945
S3159000114034D192F808E01EFB03F393FBFCF31BB239
S3159000115020F815300135A02DDFD11460A0F83E316E
S3159000116003B0BDE8F08F4C4502D8C3F1B403E0E775
S31590001170544594BFB43BC3F5B47337F813305B4210
S315900011801BB2D8E736F815E092F808B01EFB0CFEB5
S3159000119013FB0BE3D9E792F808E01EFB03F336F94D
S315900011A015E0C3F1640B0BFB0E33CEE70023CCE7BF
S315900011B0961500002DE9F74F05460846517A49B92C
S315900011C0854243D04FF4A072294603B0BDE8F04F54
S315900011D002F022BD2D26871E48F6A0484FF0640CDB
S315900011E044F24F6946F6771AD2E9004373434FF4B7
S315900011F07A76B3FBF6F3294E009300F59F7301932D
S31590001200009B42F2273E1C44B4FBF8F308FB1344C0
S315900012107445B4FBFCF31CD836F91330022927D059
S3159000122003292ED0012937D192F808E01EFB03F34B
S3159000123093FBFCF303F500631FFA83FE019B27F8EB
S3159000124002EFBB42DCD11460A0F83EE103B0BDE8EA
S31590001250F08F4C4502D8C3F1B403DDE7544594BFF3
S31590001260B43BC3F5B47336F813305B421BB2D5E783
S31590001270B5F802E092F808B00CFB0EFE13FB0BE3F8
S31590001280D6E792F808E01EFB03F3B5F802E0C3F147
S31590001290640B0BFB0E33CBE70023C9E7E014000089
S315900012A00C4B1B788B4214D1012A05D101464FF481
S315900012B0A072094802F0B0BC821E074900F59F70E3
S315900012C032F9023F1B11824203F5006321F8023B7B
S315900012D0F6D1704754240024405D002438B500228E
S315900012E00C4607210546FFF7DBFF002335F913204F
S315900012F01211C2F5006224F823200133A02BF5D1F8
S3159000130038BD00002DE9F7430D460023604F01AA32
S31590001310694604462846CDE9003302F045FC009B19
S31590001320396803F003035B4A019E691A02FB036660
S31590001330A1F54323A3F29C43C82B02D9042002F0C3
S3159000134067FC3D60544F554A3B6855491360554A72
S31590001350554D16604FF4A0760A68DFF87C8106FB3F
S315900013600356013218F803300A60504A92F80990F1
S3159000137059EA03097FD00121042002F039FC0120AB
S3159000138002F04EFC042100223046FFF789FF484BBD
S3159000139048491B68023B012B07D8474B1B7813F033
S315900013A020035BD1454A126822B90B78003B18BFDF
S315900013B001235B00424ADFF824915372414B18781F
S315900013C0414B33F910303046404E53600B784049CC
S315900013D01372FFF77FFE002205213D48FFF760FF5D
S315900013E03B49324A0846FFF775FE002206213848E7
S315900013F0FFF756FF21463648FFF770FF99F8002011
S315900014003378934208D0334900234FF40060013378
S3159000141021F8020BA02BFAD112BB01212046FFF72F
S3159000142059FD99F8003033704FF4A0723B684FF431
S31590001430006102FB03550022013225F8021BA02A07
S31590001440FAD1002208F803202A22013393FBF2F105
S3159000145002FB11333B6003B0BDE8F0830023A9E79C
S315900014601C4B04F5207233F8021B043424F8021C3A
S31590001470A242F8D1D5E721463046FFF72FFF4946DD
S31590001480042002F0B5FB484602F0CAFBCCE700BF49
S315900014906C28002400CA9A3B682800248C280024D3
S315900014A0D808002488280024BA280024DC080024C0
S315900014B084170024815E00248017002418270024B6
S315900014C0CC080024805E00244C16000024270024BB
S315900014D026270024405D00249028002454240024CC
S315900014E00000240047006B008F00B200D600FA007F
S315900014F01D01400164018701AA01CD01EF0112028D
S315900015003502570279029B02BC02DE02FF022003DB
S31590001510410362038203A203C103E10300041F0493
S315900015203D045B0479049704B404D104ED040905E1
S31590001530240540055A0575058F05A805C105DA05E8
S31590001540F2050A06210638064E06640679068E06C8
S31590001550A206B606C906DB06EE06FF0610072107A9
S31590001560310740074F075D076B0778078407900799
S315900015709C07A707B107BA07C307CC07D307DA07B3
S31590001580E107E707EC07F107F507F807FB07FD0703
S31590001590FF070008000800003C027804B306EE0836
S315900015A0280B610D990FD01106143A166C189D1AD6
S315900015B0CB1CF71E212148236C258E27AC29C72BDF
S315900015C0DF2DF32F0332103418361D381C3A183C91
S315900015D00E3E0040ED41D443B74594476B493D4B91
S315900015E0084DCE4E8E504752FA53A6554C57EB584F
S315900015F0825A135C9D5D1F5F9A600E627A63DE6409
S315900016003A668E67DA681E6A5A6B8D6CB86DDA6EBA
S31590001610F46F04710D720C730274EF74D375AE7619
S31590001620807748780779BC79687A0B7BA37B337C83
S31590001630B87C347DA67D0E7E6D7EC17E0C7F4C7F00
S31590001640837FB07FD37FEC7FFB7FFF7F2C1A161CA6
S31590001650101D141E221F3A205C219222BE230825BB
S315900016600C2610276E28E029522BD82C682E0C3089
S31590001670BA317C33523532371C39243B363D5C3F88
S315900016809641E4434646BC48504B7E4F4E523255A7
S315900016902A58405B745EC6612DE9F3410623A0F19A
S315900016A02107224E0D467B43F35C202B2CD0FCB2B7
S315900016B0392C94BF00240124009003211C48012258
S315900016C01C4B807A02F0DCFA69006CBB062301EBB6
S315900016D0050E4FEA8508184A03FB076620462346FF
S315900016E0A44616F8017B2D2F15D02E2F0ED0202F25
S315900016F017D0013008320628F3D1194420460F4BF3
S31590001700196002B0BDE8F0810124D5E7EF181360A7
S315900017100B445760EDE70EEB0307136043445760A5
S31590001720E7E7C2E900CCE4E70023E6E7481D0000BE
S3159000173065240024590800002475002400750024AF
S315900017402DE9F8430C6807460D462B4E9CB12B4B62
S3159000175032222B49DB7A007813FB02F30122B1FB8C
S31590001760F3F1284B1960284B1A60FFF795FF002379
S31590001770044633602B604FF4A072002123483568ED
S3159000178002F05AFADFF884800023DFF88C90204A22
S315900017904FF0000E05EB030C506858B11168614587
S315900017A008D8604581BF03F00700303039F8100043
S315900017B028F813000EF1010E0832BEF1060FEBD198
S315900017C00133A02BE3D1134BA0351B6835609D42A6
S315900017D00CDD0D4A1368F85C58B101331360094B60
S315900017E01968FFF759FF0023044633602046BDE889
S315900017F0F8830124FAE700BFFC7400249C76002449
S3159000180000530700300A00240475002458750024FC
S315900018102475002400750024981C0000034B1B6857
S315900018200360034B1B780B70704700BF2075002434
S315900018301C7500242DE9F04FA64F85B014463B68E1
S31590001840029001333B6013B9A34B01221A700239FF
S31590001850012917D8A14B1B789B0615D4A04B1E685F
S31590001860003E18BF0126DFF8C882DFF8C89298F8C4
S315900018700A30DFF8C4A24BB99A4B00221A600124B1
S31590001880002546E00026EEE70126ECE736B1D9F8CA
S3159000189000301BB1944B1B68002BEDD0DAF800504A
S315900018A0072DECD801A353F825F000BFCD18000002
S315900018B0DF1800007F18000085190000C31900008A
S315900018C0031A00003D1A00005F1B0000251E854B81
S315900018D04FF0000218BF01251A60012419E0814BD0
S315900018E01A6834B91C600122804B2C461A70052563
S315900018F00FE0013242F228318A4203DC01241A6059
S31590001900254606E000222C4603251A600122774BD5
S315900019101A70DAF80030AB4207D07548012200956C
S315900019200321744B807A02F0ABF9DAF80000724921
S3159000193001280A6800F02B81002A40F04F81012D82
S3159000194005D198F80A30013B012B98BF002498F8EE
S315900019500A30002B00F06681002E40F05C81D9F8A9
S315900019600020002A00F06881644B01221A70002C36
S3159000197040F040810525CAF80050C9F8006005B0CE
S31590001980BDE8F08FDFF880B1DBF8003033B158480E
S3159000199001225B4B0221807A02F072F9594B1A6848
S315900019A032B959495948FFF7CBFE564B186094E720
S315900019B0002C40F0EA8001234C4ACBF8003013709B
S315900019C095E7484AB8F806301168514801F1010B7D
S315900019D000210393C2F800B04FF4A07202F02CF9E4
S315900019E0039B14B13F4B002288E71422B3FBF2F31A
S315900019F09B457FF772AF00233A4A13603A4A1360C9
S31590001A003DE7DFF8E0B04FF4A072B8F8003000215F
S31590001A10DBF800503E4801350393CBF8005002F0B6
S31590001A200BF9002CDED11422039BB3FBF2F39D42FB
S31590001A3022DDCBF80040062501246AE7DFF8BCB02A
S31590001A40002C9BF8003018BF0125BBB1314C2368A0
S31590001A5033B127480122304B0221807A02F010F9E7
S31590001A602C492E48FFF76CFE00283FF436AF002332
S31590001A708BF8003001232360012438E7DFF8BCB0EF
S31590001A809BF8003063B1234C236833B11848012288
S31590001A90234B0221807A02F0F3F81E492148E1E7B0
S31590001AA0DFF89CB09BF8003063B11A4C236833B1D1
S31590001AB00F4801221C4B0221807A02F0E1F8154969
S31590001AC01A48CFE7DFF824B09BF80030D3BB012447
S31590001AD007251EE7207500241C7500248017002416
S31590001AE018270024187500243C5D0024577500249F
S31590001AF065240024280900000C75002455750024DF
S31590001B007308000008750024340A00248908000030
S31590001B10587500242C0A00248C080000B208000096
S31590001B20BA080000DF080000E6080000AB76002443
S31590001B309C76002414750024107500245475002496
S31590001B40567500244A4C236833B14A4801224A4BC1
S31590001B500221807A02F094F84549484882E7484B3A
S31590001B604FF4A072002147481D68B8F802B00135BD
S31590001B701D6002F061F8002C7FF434AF1423BBFB98
S31590001B80F3FB5D453FF737AFA1E70024C1E6B2FA14
S31590001B9082F35B0902F1010C4FF0320EB8F8042083
S31590001BA0C1F800C00EFB02F2944502DC002B3FF414
S31590001BB0C6AE0122DFF8DCC08CF8002098F80AC087
S31590001BC0BCF1020F04BFDFF8C0C08CF800200028DB
S31590001BD048D0002B7FF4B3AE0B60B0E60023D9E774
S31590001BE0002C3FF4C8AE3B68002202210298FFF712
S31590001BF07DF9C0E63B68002202212248FFF776F97C
S31590001C00B8E6002C3FF4B7AE3B68002202211D488F
S31590001C10EDE70025AFE6012B05D11B4B1B78002B7A
S31590001C2008BF002456B1D9F800303BB90123174AB2
S31590001C301370174A13609AE6012BEED06B1E062B93
S31590001C40E7D801A252F823F0E11B0000131C000014
S31590001C50031C0000031C00006F190000031C000009
S31590001C60031C00000BB1052571E60B60FBE700BF76
S31590001C702C0A00246524002407090000B576002468
S31590001C801875002458750024557500245475002441
S31590001C903C5D0024567500240000825A0080825ACA
S31590001CA000007EA500807EA50000412D0040412DBC
S31590001CB00000BFD200C0BFD20000A1160020A1161E
S31590001CC000005FE900E05FE90000510B0010510B46
S31590001CD00000AFF400F0AFF40000A9050008A905D4
S31590001CE0000057FA00F857FA0000D5020004D50212
S31590001CF000002BFD00FC2BFD00006B0100026B0128
S31590001D00000095FE00FE95FE0000B6000001B600AC
S31590001D1000004AFF00FF4AFF00005B0080005B0066
S31590001D200000A5FF80FFA5FF00002E0040002E00BA
S31590001D300000D2FFC0FFD2FF0000000000000000AC
S31590001D4000000000000000002D2E2D2E2D2D2E2D92
S31590001D502E2E2D2E202020202020202020202020B6
S31590001D602020202020202020202020202E2D2D2DA8
S31590001D702D2E2D2E2D2D2E202D2E2D2D2E2D20201F
S31590001D80202020202E2D2E2D2E202D2D2E2E2D2D29
S31590001D902D2E2E2E2E2D2E2D2E2D2E2D2D2E2E2DD4
S31590001DA02E202D2D2D2D2D202E2D2D2D2D202E2EF0
S31590001DB02D2D2D202E2E2E2D2D202E2E2E2E2D20DD
S31590001DC02E2E2E2E2E202D2E2E2E2E202D2D2E2EBC
S31590001DD02E202D2D2D2E2E202D2D2D2D2E202D2DC0
S31590001DE02D2E2E2E2D2E2D2E2D2E202020202020D5
S31590001DF02D2E2E2E2D202020202020202E2E2D2DD3
S31590001E002E2E2E2D2D2E2D2E2E2D202020202D2E99
S31590001E102E2E20202D2E2D2E20202D2E2E2E2020A3
S31590001E202E20202020202E2E2D2E20202D2D2E20AF
S31590001E3020202E2E2E2E20202E2E202020202E2D9D
S31590001E402D2D20202D2E2D2020202E2D2E2E202083
S31590001E502D2D202020202D2E202020202D2D2D2090
S31590001E6020202E2D2D2E20202D2D2E2D20202E2D56
S31590001E702E2020202E2E2E2020202D202020202087
S31590001E802E2E2D2020202E2E2E2D20202E2D2D2034
S31590001E9020202D2E2E2D20202D2E2D2D20202D2D27
S31590001EA02E2E20201449154B30B5B1F90040450728
S31590001EB033F814204FEAD20348BF9B18850748BFD2
S31590001EC003EB5203C50748BF03EB92030C4A10F08D
S31590001ED0080F156814BFEB1A5B1903F30F03136011
S31590001EE0084A125618B2224412B2582AA8BF58224B
S31590001EF022EAE2720A8030BD08100024EC2000002D
S31590001F0004100024DC200000F0B5821E013900F593
S31590001F109F7047F67B75124C32F9023F1E1216F0EF
S31590001F2080071CBF5B421BB2AB42A8BF2B469042B8
S31590001F3003F184031EB2C3F3C71314F903C00CF163
S31590001F40030346FA03F347EA0C1603F00F0343EA3A
S31590001F5006036FEA030301F8013FDDD1F0BD00BF30
S31590001F609E230000431E02399F3010B5044C13F88F
S31590001F70012F34F81220834221F8022FF7D110BD99
S31590001F809E2100002DE9F74FDFF800913A4ADFF8DD
S31590001F9000A10190D9F80000B2F900C0DAF800303B
S31590001FA0364A38B11C12116081F8A13081F8A040F0
S31590001FB081F8A2C04FF0000816684746C646019AB7
S31590001FC03F012F4932F91E20FFB231F81C50D41A26
S31590001FD04FEA550B46BF9C1A08210021EA08A542F4
S31590001FE0DEBF641B521941F00401B4EB550FA2BF3A
S31590001FF0A4EB0B045A4441F002014FEA950BB4EB63
S31590002000950FA4BF41F001015A440C0747EA010716
S315900020104CBF9A1AD2181B4B9342B8BF134647F639
S31590002020FF729342A8BF1346174A5256624412B2A1
S31590002030582AA8BF58221EF0010F0EF1010E1CBFA0
S315900020404FF0010806F8017BBEF1A00F22EAE27C70
S31590002050B5D1CAF80030084BA3F800C0B8F1000F0C
S3159000206001D0064B1E60B0FA80F04009C9F8000016
S3159000207003B0BDE8F08F00BF1010002400100024BC
S31590002080EC2000000080FFFFDC2000001000002400
S315900020900C10002470B5B0F8A0300D1D0D4A461EE8
S315900020A0DBBA00F19F04136090F8A2200A4B1A80C5
S315900020B016F8010F04350009FFF7F4FE25F8080C11
S315900020C0307800F00F00FFF7EDFEA64225F8060CDB
S315900020D0EED170BD0410002408100024FFFFFFFF0E
S315900020E002040608FFFFFFFF020406080700080027
S315900020F009000A000B000C000D000E0010001100E4
S3159000210013001500170019001C001F00220025005F
S3159000211029002D00320037003C0042004900500053
S31590002120580061006B00760082008F009D00AD0024
S31590002130BE00D100E600FD00170133015101730185
S315900021409801C101EE01200256029202D4021C03AC
S315900021506C03C30324048E04020583051006AB06A4
S3159000216056071208E008C309BD0AD00BFF0C4C0EA7
S31590002170BA0F4C110713EE1406175419DC1BA51E43
S31590002180B6211525CA28DF2C5B314B36B93BB241B7
S3159000219044487E4F71572F60CE696274FF7F848268
S315900021A08486848A848E84928496849A849E84A2D9
S315900021B084A684AA84AE84B284B684BA84BE84C1CA
S315900021C084C384C584C784C984CB84CD84CF84D109
S315900021D084D384D584D784D984DB84DD84DF04E1F9
S315900021E004E204E304E404E504E604E704E804E90D
S315900021F004EA04EB04EC04ED04EE04EF04F0C4F0FE
S3159000220044F1C4F144F2C4F244F3C4F344F4C4F484
S3159000221044F5C4F544F6C4F644F7C4F744F8A4F874
S31590002220E4F824F964F9A4F9E4F924FA64FAA4FA2E
S31590002230E4FA24FB64FBA4FBE4FB24FC64FC94FC1E
S31590002240B4FCD4FCF4FC14FD34FD54FD74FD94FDF3
S31590002250B4FDD4FDF4FD14FE34FE54FE74FE8CFEE3
S315900022609CFEACFEBCFECCFEDCFEECFEFCFE0CFF47
S315900022701CFF2CFF3CFF4CFF5CFF6CFF7CFF88FF34
S3159000228090FF98FFA0FFA8FFB0FFB8FFC0FFC8FF60
S31590002290D0FFD8FFE0FFE8FFF0FFF8FFFFFF7C7D5F
S315900022A07C797C757C717C6D7C697C657C617C5D60
S315900022B07C597C557C517C4D7C497C457C417C3E4F
S315900022C07C3C7C3A7C387C367C347C327C307C2EF0
S315900022D07C2C7C2A7C287C267C247C227C20FC1EE0
S315900022E0FC1DFC1CFC1BFC1AFC19FC18FC17FC16AC
S315900022F0FC15FC14FC13FC12FC11FC10FC0F3C0F9B
S31590002300BC0E3C0EBC0D3C0DBC0C3C0CBC0B3C0BF3
S31590002310BC0A3C0ABC093C09BC083C08BC075C07E3
S315900023201C07DC069C065C061C06DC059C055C0509
S315900023301C05DC049C045C041C04DC039C036C03F9
S315900023404C032C030C03EC02CC02AC028C026C0204
S315900023504C022C020C02EC01CC01AC018C017401F4
S315900023606401540144013401240114010401F40070
S31590002370E400D400C400B400A40094008400780063
S315900023807000680060005800500048004000380017
S3159000239030002800200018001000080000000000FF
S315900023A0010102020202030303030303030304046D
S315900023B00404040404040404040404040404050545
S315900023C00505050505050505050505050505050527
S315900023D00505050505050505050505050505060615
S315900023E006060606060606060606060606060606F7
S315900023F006060606060606060606060606060606E7
S3159000240006060606060606060606060606060606D6
S3159000241006060606060606060606060606060707C4
S3159000242007070707070707070707070707070707A6
S315900024300707070707070707070707070707070796
S315900024400707070707070707070707070707070786
S315900024500707070707070707070707070707070776
S315900024600707070707070707070707070707070766
S315900024700707070707070707070707070707070756
S315900024800707070707070707070707070707070746
S315900024900707070707070707070707070707000044
S315900024A0F8B51223254E264FC340264D264C13F0E1
S315900024B0010F3ED04FF47A5CB2FBFCF333600CFB19
S315900024C013233B6000232B604FF4FA43B2FBF3F2E5
S315900024D01144D6F800C040F23F1621602B683F6841
S315900024E0194951F8042B3B446244B3F57A5F25BFF2
S315900024F00132A3F57A530A600A60013EF1D10128B0
S315900025002B60124D09D12A68916921F4831323F423
S31590002510805343F48043936191614FF4A0730A4AC8
S3159000252004210A4801F006F923682A68143B93634C
S31590002530F8BDD4F8FC1433681944CAE7F42600248D
S31590002540F0260024EC26002450DA0030086E002491
S315900025501FB5184B00226946174893F83130013B56
S3159000256018BF01235B0000930123CDE9022201935A
S3159000257000F04CFE08B101F067FB0F4C0021226879
S315900025802046536A03F5432303F5A063D363536A46
S3159000259003F5C32303F52073136401F0D7F90821DB
S315900025A0204601F025F80C21204601F021F804B0D0
S315900025B010BD00BF78240024086E00240421014831
S315900025C001F014B8BC6D00242DE9F0416B4D2C68D8
S315900025D02369190724D5DFF8D8C16FF00803DCF812
S315900025E0000023612F2816DC65490130654B0A6887
S315900025F01B68654E1A44654B37681B680A603B44F6
S31590002600CCF80000312B336081BF0132323B0A6037
S3159000261033600B68E363002203201146FFF740FF07
S315900026202B681A69D2062FD56FF0100258491A6195
S315900026300A681C6C62B1574A57481268A21A8242BD
S3159000264006D900220A6055490A600121544A117040
S31590002650544E554A554916604A4A494811600022D7
S315900026604A490A6004F5432101F5A061016050488A
S31590002670D9632146026034444348026032460420BE
S31590002680FFF70EFF2B681C642A6813699B072ED5EB
S315900026906FF00203474948481361484B556B1C68D5
S315900026A03B4F2C1B1D603B4B0C6001211D60016054
S315900026B03B684348434E016033B93168062901BFF0
S315900026C037490320336008703F4BDFF8D0802344AE
S315900026D0B3F5FA5F0DD90121132001F0C9FA304BF9
S315900026E001221A70002333603B60C8F80030BDE8C1
S315900026F0F081364B1B78412B04D00121162001F036
S31590002700B7FAEFE73368052B2BD80133052B3360E7
S3159000271027D1012302213B60214B19702C4B5B7B07
S31590002720012B1ED1C8F800301B4B322115482B4483
S3159000273013641D4B1C60B4FBF1F3036001FB134162
S3159000274012482B4401600E4919480B600021D3634F
S31590002750224601600C48016029460120FFF7A0FE41
S3159000276003E0D8F80030002BDED13B68002BBED0BA
S3159000277021462846BDE8F04101F02ABA086E0024A9
S315900027800027002408270024F82600240427002484
S315900027901C2700240C270024008793031827002465
S315900027A055240024005A6202C408002400350C0007
S315900027B0FC260024C008002414270024E8260024C0
S315900027C010270024E4260024A0B59DFD1E1C00249D
S315900027D088140024204A1368013313B5136001F05E
S315900027E043FA1E4A13680133312B136003DD00232D
S315900027F0136002B010BD022BFBD1194C2278EAB1BE
S31590002800012A05D117481146174B407801F038FA3E
S315900028102378022B06D101221248144B1146407898
S3159000282001F02EFA2378032B06D101220D48104B86
S315900028301146407801F024FA002323706378002B28
S31590002840D7D001220748009311460A4B407901F0F0
S3159000285017FA00236370CCE720270024E026002493
S315900028605524002465240024E60700000108000092
S31590002870200800003C08000070470000BFF34F8F0F
S315900028800549064BCA6802F4E0621343CB60BFF376
S315900028904F8F00BFFDE700BF00ED00E00400FA0592
S315900028A0036A026A23F0020322F0010270B5026203
S315900028B0446882690D6822F4803222F073022A43BA
S315900028C08D682B43124DA8420FD005F58065A8421E
S315900028D00BD005F57055A84207D005F58065A8423E
S315900028E003D005F58065A8420BD1CD6823F0080387
S315900028F02B4324F44075D1E9054623F00403344371
S315900029002C43446082614A684263036270BD00BF93
S3159000291000000140036A026A23F4007322F4807275
S3159000292070B502624468C2690D6822F4803222F062
S3159000293073022A438D6843EA0523144DA8420FD0AB
S3159000294005F58065A8420BD005F57055A8420FD1C4
S3159000295024F44055D1E90546344345EA04140EE083
S3159000296023F40063CD6843EA052323F48063EFE7FD
S31590002970074DA842ECD005F58065A842E8D04460A2
S31590002980C2614A68C263036270BD00BF0000014025
S3159000299000440140036A026A23F4005322F48052F1
S315900029A030B502624468C2690D6822F0807222F4E2
S315900029B0E64242EA05228D6843EA05330E4DA84267
S315900029C00FD005F58065A8420BD005F57055A84245
S315900029D007D005F58065A84203D005F58065A84225
S315900029E004D124F480444D6944EA85144460C2615C
S315900029F04A680264036230BD00000140036A026ABD
S31590002A0023F4003322F4803230B502624468426D7A
S31590002A100D6822F4803222F070022A438D6843EAD0
S31590002A2005430F4DA8420FD005F58065A8420BD0FF
S31590002A3005F57055A84207D005F58065A84203D0E4
S31590002A4005F58065A84204D124F480344D6944EAA2
S31590002A500524446042654A688265036230BD00BFC2
S31590002A6000000140036A026A23F4001322F48012E4
S31590002A7030B502624468426D0D6822F0807222F48D
S31590002A80E04242EA05228D6843EA05530E4DA8427C
S31590002A900FD005F58065A8420BD005F57055A84274
S31590002AA007D005F58065A84203D005F58065A84254
S31590002AB004D124F480244D6944EA85244460426517
S31590002AC04A68C265036230BD0000014090F83D300F
S31590002AD0012B33D1022380F83D300368DA6842F047
S31590002AE00102DA60164A93421AD0B3F1804F17D09A
S31590002AF0A2F57C42934213D002F5806293420FD0A6
S31590002B0002F5806293420BD002F57842934207D049
S31590002B10A2F56C42934203D002F59432934207D1C8
S31590002B209968084A0A40062A06D0B2F5803F03D033
S31590002B301A6842F001021A6000207047012070471F
S31590002B4000000140070001007047704770477047CA
S31590002B507047704710B5846B626A82420BD101232D
S31590002B602377D2690AB984F83E302046FFF7F1FF01
S31590002B700023237710BDA36A834208D102222277CD
S31590002B80DB69002BF1D1012384F83F30EDE7E36A4E
S31590002B90834208D104222277DB69002BE5D10123F9
S31590002BA084F84030E1E7236B8342DED10822227716
S31590002BB0DB69002BD9D1012384F84130D5E77047E2
S31590002BC010B5846B636A834207D10123237720462D
S31590002BD0FFF7F5FF0023237710BDA36A834201D147
S31590002BE00223F3E7E36A834201D10423EEE7236BE2
S31590002BF08342ECD10823E9E77047036870B5DD6836
S31590002C0004461E69B2070DD5A9070BD56FF00202CF
S31590002C101A61012202779B699A0775D0FFF798FF90
S31590002C2000232377730710D568070ED523686FF0B6
S31590002C30040220461A61022222779B6913F4407F90
S31590002C4068D0FFF785FF0023237731070FD52A0732
S31590002C500DD523686FF0080220461A610422227768
S31590002C60DB699B075CD0FFF773FF00232377F106A0
S31590002C7010D5EA060ED523686FF0100220461A6129
S31590002C8008222277DB6913F4407F4FD0FFF760FF6D
S31590002C9000232377F30708D5E80706D523686FF056
S31590002CA0010220461A6100F0C3FF16F4025F08D0B5
S31590002CB0290606D523686FF4025220461A6100F061
S31590002CC06EFFF20508D52B0606D523686FF4807241
S31590002CD020461A6100F064FF700608D5690606D58D
S31590002CE023686FF0400220461A61FFF785FFB2060F
S31590002CF022D5AB0620D523686FF0200220461A61B4
S31590002D00BDE8704000F04ABFFFF721FF2046FFF76D
S31590002D1020FF85E7FFF71BFF2046FFF71AFF92E794
S31590002D20FFF715FF2046FFF714FF9EE7FFF70FFF0B
S31590002D302046FFF70EFFABE770BD704710B5846B6A
S31590002D40636A834209D10123237784F83E30204673
S31590002D50FFF7F3FF0023237710BDA36A834205D1C3
S31590002D6002232377012384F83F30F0E7E36A834216
S31590002D704FF0010304D1042284F840302277E6E72D
S31590002D80226B824204D1082284F841302277DEE712
S31590002D9084F83D30DBE70000274A0368904212D062
S31590002DA0B0F1804F0FD0A2F57C4290420BD002F545
S31590002DB08062904207D002F58062904203D002F57D
S31590002DC07842904208D123F070034A68134323F463
S31590002DD04073CA6813430AE0184A9042F7D002F546
S31590002DE080629042F3D002F580629042EFD04A69B9
S31590002DF023F0800313438A68C2620A6882620E4A8D
S31590002E0090420FD002F5806290420BD002F570523C
S31590002E10904207D002F58062904203D002F580621C
S31590002E20904201D10A690263026842F0040202608C
S31590002E30012242610360704700000140004001405A
S31590002E4010B5044650B390F83D3003F0FF021BB91D
S31590002E5080F83C2000F0B4FE02232068211D84F8FF
S31590002E603D30FFF799FF0123002084F8483084F81D
S31590002E703E3084F83F3084F8403084F8413084F80E
S31590002E80423084F8433084F8443084F8453084F8EE
S31590002E90463084F8473084F83D3010BD0120FCE779
S31590002EA010B5044650B390F83D3003F0FF021BB9BD
S31590002EB080F83C20FFF748FE02232068211D84F805
S31590002EC03D30FFF769FF0123002084F8483084F8ED
S31590002ED03E3084F83F3084F8403084F8413084F8AE
S31590002EE0423084F8433084F8443084F8453084F88E
S31590002EF0463084F8473084F83D3010BD0120FCE719
S31590002F0010B5044650B390F83D3003F0FF021BB95C
S31590002F1080F83C20FFF719FE02232068211D84F8D3
S31590002F203D30FFF739FF0123002084F8483084F8BC
S31590002F303E3084F83F3084F8403084F8413084F84D
S31590002F40423084F8433084F8443084F8453084F82D
S31590002F50463084F8473084F83D3010BD0120FCE7B8
S31590002F6010B5044650B390F83D3003F0FF021BB9FC
S31590002F7080F83C20FFF7EAFD02232068211D84F8A3
S31590002F803D30FFF709FF0123002084F8483084F88C
S31590002F903E3084F83F3084F8403084F8413084F8ED
S31590002FA0423084F8433084F8443084F8453084F8CD
S31590002FB0463084F8473084F83D3010BD0120FCE758
S31590002FC0036A026A23F0200322F0100270B50262AF
S31590002FD0446882690D6822F0807222F4E64242EAE1
S31590002FE005228D6843EA0513134DA8420FD005F5C7
S31590002FF08065A8420BD005F57055A8420FD124F4F0
S315900030004065D1E90546344345EA84040EE023F051
S315900030108003CD6843EA051323F04003EFE7074D9D
S31590003020A842ECD005F58065A842E8D0446082615C
S315900030304A688263036270BD00000140004401400B
S3159000304010B590F83C300446012B29D00C2A1FD09D
S3159000305009D8042A14D0082A16D062B10120002378
S3159000306084F83C3010BD102A16D0142AF6D1006888
S31590003070FFF7F8FC02E00068FFF712FC0020EEE78D
S315900030800068FFF79DFFF9E70068FFF743FCF5E757
S315900030900068FFF77FFCF1E70068FFF7AFFCEDE70C
S315900030A00220DFE738B590F83C300446012B73D008
S315900030B001200C2A84F83C004ED008D8042A2BD044
S315900030C0082A39D0BAB1002384F83C3038BD102A8A
S315900030D052D0142AF7D12068FFF7C4FC0A69436DD1
S315900030E043F400634365436D23F480634365436D06
S315900030F043EA02234EE02068FFF7D2FB0A69836910
S3159000310043F008038361836923F004038361836931
S31590003110134383610020D6E72068FFF751FF0A69C1
S31590003120836943F400638361836923F480638361D5
S31590003130836943EA0223ECE72068FFF7EBFB0A6911
S31590003140C36943F00803C361C36923F00403C361F1
S31590003150C3691343C361DDE72068FFF71BFC0A6967
S31590003160C36943F40063C361C36923F48063C36195
S31590003170C36943EA0223EDE72068FFF73FFC0A693B
S31590003180436D43F008034365436D23F004034365A1
S31590003190436D13434365BDE7022097E770B5056A13
S315900031A0194E046AB04224F001040462846926D060
S315900031B0B0F1804F23D0A6F57C46B0421FD006F5DD
S315900031C08066B0421BD006F58066B04217D006F5F1
S315900031D07846B04213D0A6F56C46B0420FD006F5AD
S315900031E09436B0420BD044F0010263F3071201F01B
S315900031F00A0125F00A0382611943016270BD24F029
S3159000320003042243F1E700BF00000140F8B590F8AF
S315900032103C3005460C46012B00F082800120082A9E
S3159000322085F83C005CD006D842B3042A36D00023F9
S3159000323085F83C30F8BD0C2AF9D12B68CE68186A0F
S31590003240D1E90027196A20F42040120321F4805115
S3159000325002F420421962D969024321F4407141EA8D
S31590003260072166F30F31D9611A62DA69A16822F4EF
S315900032704062DA61DA6942EA01224FE02868CB6857
S31590003280D1E90012FFF78AFF8369A26823F00C0345
S3159000329083618369134383610020C8E72B68CE68F6
S315900032A0186AD1E90027196A20F0A000120121F0CE
S315900032B0100102F0A00219629969024321F440714B
S315900032C041EA072166F30F3199611A629A69A168FA
S315900032D022F440629A619A6942EA01229A61DBE796
S315900032E02B68E768186A1E6A20F4206026F48076B8
S315900032F0D1E900211E62DE69120226F0030602F46D
S3159000330020623143024367F30711D9611A62DA6981
S31590003310A16822F00C02DA61DA690A43DA61BBE746
S31590003320022087E710B50A43846842EA032224F410
S315900033307F442243826010BD38B590F83C300446F5
S31590003340012B4FF0020300F0AA80012280F83D3055
S31590003350544B80F83C20006885682B4083600B684E
S31590003360702B56D03CD8502B67D01DD8402B7DD093
S3159000337006D8202B0ED00BD833F010020AD001229B
S31590003380012384F83D30002384F83C30104638BD44
S31590003390302BF4D1826822F4401222F070021A4344
S315900033A042F0070282603DE0602BE9D1036A026A2F
S315900033B04D6823F0A00322F01002C96843EA051372
S315900033C00262826922F4704242EA013282610362A9
S315900033D0836823F4401323F0700343F0670320E0DF
S315900033E0B3F5005F20D004D8B3F5805218BF012200
S315900033F0C6E72D498B42CDD005D823F01001B1F503
S31590003400801FBDD1C6E729498B42C3D010318B426C
S31590003410F7E7CB68D1E90121FFF784FF836843F092
S31590003420770383600022ABE7CB68D1E90121FFF7F0
S3159000343079FF836843F48043F3E74A68CD68016A6D
S31590003440036A21F00A0123F001030A4303628369A8
S3159000345023F0F00343EA051383610262836823F441
S31590003460401323F0700343F05703DAE74A68CD68B8
S31590003470016A036A21F00A0123F001030A430362F9
S31590003480836923F0F00343EA05138361026283683C
S3159000349023F4401323F0700343F04703C1E71A4621
S315900034A074E700BF8800CEFF2000100030001000A7
S315900034B010B501F01F010124036A8C408A4023EA6B
S315900034C004030362036A1A43026210BD082908B511
S315900034D018D005D859B1042911D090F8433008E096
S315900034E00C2912D01029F8D190F8423001E090F8CA
S315900034F03E30013B18BF012353B1012041E090F8C3
S315900035003F30F6E790F84030F3E790F84130F0E737
S3159000351008294FF0020338D006D861B1042931D07A
S31590003520022380F8433008E00C2931D01029F7D1D6
S3159000353080F8423001E080F83E3000680122FFF7C3
S31590003540B7FF244B98420FD003F5806398420BD077
S3159000355003F57053984207D003F58063984203D0E1
S3159000356003F58063984216D1436C43F40043436459
S31590003570184B984227D18268174B1340062B1AD1C5
S31590003580002008BD80F83F30D7E780F84030D4E778
S3159000359080F84130D1E7B0F1804FECD00F4B984294
S315900035A0E9D003F580639842E5D003F580639842AD
S315900035B0E1D00B4B0BE0B3F5803FE1D0036843F0CD
S315900035C001030360DCE7074B9842D4D0064B984240
S315900035D0D1D0F3E70000014007000100000400404D
S315900035E0001800400004014000400140FFF76EBF04
S315900035F0082908B518D005D859B1042911D090F8E2
S31590003600433008E00C2912D01029F8D190F84230B6
S3159000361001E090F83E30013B18BF012353B10120E1
S3159000362046E090F83F30F6E790F84030F3E790F8B0
S315900036304130F0E708294FF0020341D006D861B136
S31590003640042936D0022380F84330E8E70C293ED08F
S315900036501029F7D180F84230E1E7026880F83E30D1
S31590003660D36843F00203D36001220068FFF720FF7E
S315900036702A4B98420FD003F5806398420BD003F5FE
S315900036807053984207D003F58063984203D003F5B0
S315900036908063984222D1436C43F4004343641F4BAA
S315900036A0984233D182681E4B1340062B26D10020B8
S315900036B008BD026880F83F30D36843F00403D2E730
S315900036C0026880F84030D36843F00803CBE702687D
S315900036D080F84130D36843F01003C4E7B0F1804FCF
S315900036E0E0D0104B9842DDD003F580639842D9D054
S315900036F003F580639842D5D00B4B0BE0B3F5803F32
S31590003700D5D0036843F001030360D0E7074B984296
S31590003710C8D0074B9842C5D0F3E700BF00000140E0
S31590003720070001000004004000180040000401401A
S315900037300040014038B50D4604461146082D1BD071
S3159000374005D85DB1042D14D094F8430008E00C2DF3
S3159000375015D0102DF8D190F8420001E090F83E0077
S31590003760A0F1020CDCF1000040EB0C0050B10220FD
S315900037701DE090F83F00F3E790F84000F0E790F8EE
S315900037804100EDE7082D2AD005D85DB1042D0FD064
S3159000379094F843000EE00C2D24D0102DF8D194F817
S315900037A0420007E094F83E20012A08D0012038BD57
S315900037B094F83F00421E504250410028F6D000290E
S315900037C0F4D0002BF2D0082D4FF0020262D00CD824
S315900037D095B1042D4AD0022384F84330E6E794F855
S315900037E04000E7E794F84100E4E70C2D67D0102DF0
S315900037F0F1D184F84220D9E784F83E20606A4A4A9B
S31590003800C2634A4A02644A4AC2642268343200F069
S3159000381027FA0028CAD12268D36843F40073D3608C
S31590003820294620680122FFF743FE424B98420FD06B
S3159000383003F5806398420BD003F57053984207D0F6
S3159000384003F58063984203D003F5806398424BD189
S31590003850436C43F400434364364B98425CD1826890
S31590003860354B1340062B4FD10020A0E784F83F201C
S31590003870A06A2D4AC2632D4A02642D4AC264226808
S31590003880383200F0EDF9002890D12268D36843F4DD
S315900038908063C4E784F84020E06A234AC263234ADF
S315900038A00264234AC26422683C3200F0D9F90028A7
S315900038B07FF47CAF2268D36843F40063AFE784F863
S315900038C04120206B184AC263184A0264184AC2649F
S315900038D02268403200F0C4F900287FF467AF22686E
S315900038E0D36843F480539AE7B0F1804FB7D0134B27
S315900038F09842B4D003F580639842B0D003F58063C4
S315900039009842ACD00E4B0BE0B3F5803FACD0036839
S3159000391043F001030360A7E70A4B98429FD00A4BF6
S3159000392098429CD0F3E700BF552B0000C12B0000B6
S315900039303D2D0000000001400700010000040040FA
S31590003940001800400004014000400140082908B5D5
S3159000395029D005D859B104291FD090F843302AE0D0
S315900039600C2926D01029F8D190F8423023E090F80F
S315900039703E3090F84420DBB2012BD2B227D1012AF7
S3159000398025D108294FF0020365D018D809B3042928
S3159000399058D0022380F8433017E090F83F3090F8E3
S315900039A04520DBB2E8E790F8403090F84620DBB24D
S315900039B0E2E790F84130DBB290F84720DCE70C293B
S315900039C052D01029E5D180F8423080F84730012056
S315900039D037E0026880F83E3080F84430D36843F090
S315900039E00203D36001220068FFF762FD234B9842E1
S315900039F01AD0B0F1804F17D0A3F57C43984213D0DC
S31590003A0003F5806398420FD003F5806398420BD0FC
S31590003A1003F57843984207D0A3F56C43984203D0B8
S31590003A2003F59433984207D18268154B1340062BC1
S31590003A3006D0B3F5803F03D0036843F001030360DB
S31590003A40002008BD026880F83F3080F84530D36882
S31590003A5043F00403C5E7026880F8403080F84630AA
S31590003A60D36843F00803BCE7026880F8413080F8D9
S31590003A704730D36843F01003B3E700BF000001401E
S31590003A800700010070B590F83C3004460220012BE7
S31590003A903BD023681D4D84F83D00AB425A68986828
S31590003AA002D01B4EB34203D122F470024E683243C9
S31590003AB00E6822F07002AB4242EA06025A6019D0B2
S31590003AC0B3F1804F16D0134A934213D002F5806219
S31590003AD093420FD002F5806293420BD002F5784262
S31590003AE0934207D0A2F56C42934203D002F59432EA
S31590003AF0934204D1896820F080020A439A60012398
S31590003B00002084F83D3084F83C0070BD00000140F0
S31590003B10000401400004004010B590F83C30024685
S31590003B20012B37D0CB68886823F440731A4C034333
S31590003B30486823F480630343086823F400630343CF
S31590003B40086923F480530343486923F400530343DD
S31590003B50886A23F480430343886923F4702343EAF5
S31590003B6000431068A04203D004F58064A0420CD1B3
S31590003B704C6A23F4700343EA0453CC69096A23F030
S31590003B808073234323F000730B434364002082F831
S31590003B903C0010BD0220FCE70000014070477047D2
S31590003BA070470000000000005FF800F0F57A029080
S31590003BB05FF800F0490D00085FF800F0E198000802
S31590003BC05FF800F0618200085FF800F0D9070008FE
S31590003BD05FF800F0F97402905FF800F089CE000863
S31590003BE05FF800F0E93000085FF800F0512800080F
S31590003BF05FF800F0412F00085FF800F0F9330008F5
S31590003C005FF800F0013100085FF800F0CD0600087B
S31590003C105FF800F0795400085FF800F0D7B5000817
S31590003C205FF800F0C93000085FF800F0519C00087A
S31590003C305FF800F0317B00085FF800F0C1A800083B
S31590003C405FF800F0090800085FF800F0517B000863
S31590003C505FF800F0456300085FF800F0F197000800
S31590003C605FF800F051F501905FF800F0F139000827
S31590003C705FF800F0415400085FF800F0B196000834
S30D90003C805FF800F07166000880
S31590010000064B07B50648012200930221054B00785D
S3159001001019F0D2FF03B05DF804FB00BF0100019017
S3159001002065240024C1BE0290F0B58DB00C463022F5
S31590010030002168461AF074F86A4623460021EBB906
S3159001004023892046194D1A4E1A4F6B60C5F808D070
S315900100506C6306F0E7FA2946304610F041FA88B10A
S31590010060304610F001FE83071BD54FF4FA613868CC
S3159001007000F041FB304610F0DAFAECE7042903D19F
S315900100806FF00B000DB0F0BD586810605889506044
S3159001009009B142F8042C1B6803B9936001310C3203
S315900100A0CDE7204606F062F9EAE700BFC476002460
S315900100B0FC760024AC77002410B504460748084B1B
S315900100C001220321C07819F077FF204600211AF00A
S315900100D02FF8642000F03CFAF7E700BF652400246E
S315900100E0E31703900146084808B505F0A3FE074BB0
S315900100F01A78012A07D100221A70054B1868BDE8B3
S31590010100084000F01EBB08BD584A0390B4770024FE
S31590010110B07700242DE9F7430546114FDFF8448067
S31590010120DFF844904FF0FF31386800F0E4FA044666
S315900101300028F7D198F8003001941BB901A94846D7
S3159001014010F0FAF9019E002EECD02B692946304623
S3159001015098470028EED0304606F008F9EAE700BF46
S31590010160B0770024B4770024FC760024014B1868FC
S3159001017000F0E7BAB0770024014B186800F0E1BAB5
S31590010180AC77002408B510F072FD030605D5034B34
S315900101901868BDE8084000F0D4BA08BDB0770024CD
S315900101A02DE9F041054694B030B94C4B4FF40372AA
S315900101B04B494C4819F070FF47F273434A4E00245D
S315900101C068466B86494B34726B61494BADF8044076
S315900101D0AB61484BC6F804D03360474BDFF83481A6
S315900101E00093464BF360464B33614FF4C0637361A2
S315900101F019F0CEFE304610F01BFC424B21460746C5
S315900102003422184619F08CFF212240F8042C4FF421
S31590010210403202613C4805F0B9FD0623012102A84E
S3159001022085F830307368394E1A7885F82A205A78CD
S3159001023085F82B209A7885F82C20DA7885F82D2068
S315900102401A7985F82E205B7985F82F3040F2DC53A8
S315900102502B8595F8313043F00A0385F83130CDE995
S31590010260024400F025FA0121C8F8000004A8CDE95E
S31590010270044400F01DFA21463060D8F8000000F0E1
S315900102803AFA2146224C306806AE00F034FA0FCC89
S315900102900FC694E807000C3486E80700294606A89D
S315900102A000F02CF90DAE0FCC0FC694E8070086E846
S315900102B0070029460DA800F021F919F025FF3FB94D
S315900102C00121284619F034FF002014B0BDE8F081D1
S315900102D019F066FE19F064FEF6E700BF0518039063
S315900102E0813F039021180390FC76002435C7019035
S315900102F029000190008002400080E10080000030DA
S3159001030000000030C8760024584A0390AC77002448
S31590010310644A0390B07700240DF0BABBF0B58DB066
S3159001032004461422002107A819F0FAFE22683F4BD1
S315900103309A4278D13E4B3E2502270B26D3F8D820F8
S3159001034007A93C48002442F40042C3F8D820D3F8C8
S31590010350D82002F400420192019AD3F8D82042F4AF
S315900103608032C3F8D820D3F8D82002F48032029292
S31590010370029AD3F8D82042F40032C3F8D820D3F8A1
S31590010380D82002F400320392039AD3F8E02042F087
S315900103900402C3F8E020D3F8E02002F004020492AC
S315900103A0049AD3F8E02042F00102C3F8E020D3F892
S315900103B0E02002F001020592059AD3F8E02042F07E
S315900103C00202C3F8E020D3F8E03003F0020306936B
S315900103D0069BCDE907570B9610F04CFC8F2307A986
S315900103E015480B96CDE90737CDE9094410F042FC43
S315900103F043F6031307A911480B96CDE90737CDE9C3
S31590010400094410F037FC224605213D200EF056FA9C
S315900104103D200EF085FA2846224605210EF04EFA29
S3159001042028460EF07DFA0DB0F0BD00BF0080024067
S31590010430004402580008025800000258000402586D
S3159001044013B504460C4805F0C3FC034678B100F198
S3159001045020020A49226001614FF4C061CDE9002171
S3159001046000214122084605F031FF02B010BD044A31
S31590010470012120601170F8E7584A0390E500019038
S31590010480B477002430B50025A2F1200422F8163C59
S3159001049042F8205C22F8185C0568B5B904600C60D6
S315900104A00168A9B983B102F01F010B44BFF34F8FC5
S315900104B00A481344C0F85C222032991A0029F9DCC3
S315900104C0BFF34F8FBFF36F8F30BD0D682C60E6E79A
S315900104D00889184408810968E3E700BF00ED00E048
S315900104E005F044BF08B501F011F9002008BDEFF3FE
S315900104F005830BB101F036BA01F024BA70B5054601
S3159001050046690B4686B02A69B5F90840D0E90010CC
S3159001051076B1AD6965B1842C14BF03340024CDE95D
S315900105200165009400F093FE0590059806B070BDA4
S31590010530842C05AD92B214BF03340024CDE9004555
S3159001054000F0E5FE0128F0D00020EFE701F0B6BEFD
S31590010550012808B538BF012001F03AF8002008BDFE
S315900105601FB50023CDE90233EFF30583D3B102AB77
S315900105700122009303AB02F03DFA012804D04FF01B
S31590010580004005B05DF804FB029B4BB14FF0E023B0
S315900105904FF08052C3F8042DBFF34F8FBFF36F8F87
S315900105A00398EEE703AB012202F062F90128F7D036
S315900105B0E5E730B5002385B0054614460293EFF37F
S315900105C00580C0B9134602AA02F0F2F801280CD0B0
S315900105D0231E18BF01239B01019304AB13E9070066
S315900105E085E80700284605B030BD029B002BB4BFB5
S315900105F086230823F0E78223EEE74168012009B1BB
S3159001060000F050BB00F063BB002307B50193F8B12E
S31590010610EFF30582BAB101AA194600F07EFD0128D1
S3159001062003D0FF2003B05DF804FB019B4BB14FF063
S31590010630E0234FF08052C3F8042DBFF34F8FBFF3E1
S315900106406F8F0020EEE700F0ABFC0128F9D0E8E7C8
S315900106508020E7E7002307B50193EFF30583B3B154
S3159001066001A900F0AEFB012803D0FF2003B05DF88D
S3159001067004FB019B4BB14FF0E0234FF08052C3F83E
S31590010680042DBFF34F8FBFF36F8F0020EEE71A460D
S31590010690194600F055FA0128E7D1F6E710B5EFF3C0
S315900106A005841CB900F0BEFD204610BD8224FBE7EF
S315900106B0034613B55C68084664B1012919D1032331
S315900106C0002200931146234600F0C5F904462046C0
S315900106D002B010BD0129FAD12146032200F009FA90
S315900106E004460028F3D000231A46194600F028FA4A
S315900106F0EDE70024EBE7002307B50193F8B1EFF39B
S315900107000582BAB101AA194600F007FD012803D066
S31590010710FF2003B05DF804FB019B4BB14FF0E02342
S315900107204FF08052C3F8042DBFF34F8FBFF36F8FF5
S315900107300020EEE700F034FC0128F9D0E8E78020AC
S31590010740E7E7FFF787BFFFF7A9BF034613B507C8CA
S315900107500AB1DB682BB9002202B0BDE8104000F067
S31590010760C8B90024009400F076F902B010BD1FB507
S31590010770019100210391EFF30583C3B10B4603AABF
S3159001078001A900F0C1FA012803D0FF2005B05DF858
S3159001079004FB039B4BB14FF0E0234FF08052C3F81B
S315900107A0042DBFF34F8FBFF36F8F0020EEE7012A21
S315900107B001A938BF012200F0C3F90128F5D0E4E779
S315900107C030B5002385B00546144608460391029339
S315900107D011B98023019318E00093EFF30583E3B1F8
S315900107E06A4602A900F099FC431E58425841009B63
S315900107F0000101904BB14FF0E0234FF08052C3F8C6
S31590010800042DBFF34F8FBFF36F8F04AB13E907002E
S3159001081085E80700284605B030BD02A900F022FB05
S31590010820012801D11023D5E7003C18BF0124A4016A
S315900108300194EAE7EFF305830BB100F0CEBC00F02B
S31590010840B9BCFFF72BBF00F108034FF0FF324360AD
S315900108500361C0E90223002303607047002303610B
S31590010860704743689A684B608A60516099600368E3
S31590010870086101330360704730B50C68631C0AD177
S3159001088003695A684A6091608B6059600368086190
S315900108900133036030BD00F10802134652681568B2
S315900108A0A542FAD9EDE70369D0E901128A60516050
S315900108B05968814208BF5A60002202611A68013A5A
S315900108C01A601868704710B5044602F053FAA46B83
S315900108D002F070FAB4FA84F0400910BD70B516466C
S315900108E0026C0446856B42B906689EB9806801F030
S315900108F089FDA6600135A56370BD6EB9406819F092
S315900109004FFC6368226C1344A2689342636024BFD0
S31590010910236863600020EDE7C06819F041FC226C02
S31590010920E36851429B1A22689342E3603EBFA368F3
S315900109305B18E360022EEDD10DB1013DEAE7284641
S31590010940D8E7034608461A6C10B462B1DC68996818
S3159001095014448C42DC605DF8044B24BF1968D9605D
S31590010960D96819F01DBC5DF8044B704770B5044603
S3159001097002F000FA94F8455004F124066DB2002D68
S3159001098001DD636AB3B9FF2304F1100684F845309B
S3159001099002F010FA02F0EEF994F844506DB2002D7F
S315900109A001DD23697BB9FF2384F84430BDE87040AB
S315900109B002F000BA304601F0E7F908B101F0C2FA47
S315900109C0013D6DB2DBE7304601F0DEF908B101F089
S315900109D0B9FA013D6DB2E2E738B50D46044640B924
S315900109E04FF0500383F31188BFF36F8FBFF34F8F8F
S315900109F0FEE702F0BFF92268D4E90F3162604B43FA
S31590010A00D0185B1AA0601A440020FF23E260A0630D
S31590010A1084F8443084F84530A5B9236973B104F15B
S31590010A20100001F0B1F948B14FF0E0234FF0805238
S31590010A30C3F8042DBFF34F8FBFF36F8F02F0BAF94E
S31590010A40012038BD04F11000FFF7FDFE04F12400EA
S31590010A50FFF7F9FEF2E737B50D461C4640B94FF060
S31590010A60500383F31188BFF36F8FBFF34F8FFEE768
S31590010A7043B94FF0500383F31188BFF36F8FBFF3E0
S31590010A804F8FFEE74AB191B94FF0500383F3118826
S31590010A90BFF36F8FBFF34F8FFEE741B14FF0500316
S31590010AA083F31188BFF36F8FBFF34F8FFEE7502308
S31590010AB00193019B502B08D04FF0500383F311887B
S31590010AC0BFF36F8FBFF34F8FFEE70121002D08BF54
S31590010AD02246019B84F846102260C4E90F05204600
S31590010AE0FFF77AFF9DF81830204684F84C3003B012
S31590010AF030BDF8B50D461746064640B94FF050033E
S31590010B0083F31188BFF36F8FBFF34F8FFEE748438F
S31590010B10503002F095FA044670B1002380F84630C1
S31590010B2065B100F15003012120462360C4E90F65A8
S31590010B30FFF752FF84F84C702046F8BD0346F2E762
S31590010B402DE9FF410F461E460446019240B94FF0EA
S31590010B50500383F31188BFF36F8FBFF34F8FFEE777
S31590010B6051B9036C43B14FF0500383F31188BFF32E
S31590010B706F8FBFF34F8FFEE7022E0BD1E36B012BE5
S31590010B8008D04FF0500383F31188BFF36F8FBFF3F3
S31590010B904F8FFEE701F0A2FB054620B300254FF0EB
S31590010BA0000802F0E7F8A26BE36B9A4227D232462D
S31590010BB039462046FFF792FE636A1BB104F1240081
S31590010BC001F0E2F848B14FF0E0234FF08052C3F8BC
S31590010BD0042DBFF34F8FBFF36F8F02F0EBF8012017
S31590010BE004B0BDE8F081019B002BD8D04FF05003A3
S31590010BF083F31188BFF36F8FBFF34F8FFEE7022EFA
S31590010C00D5D0019B1BB902F0D5F80020E8E715B9BC
S31590010C1002A801F01DF902F0CDF800F0E7FD02F00F
S31590010C20A9F894F84430FF2B01D184F8448094F8C4
S31590010C304530FF2B01D184F8458002F0BBF801A91C
S31590010C4002A801F01BF938BB02F094F8A26BE36B92
S31590010C509A420ED102F0AEF8019904F1100001F01A
S31590010C606DF82046FFF782FE00F0CEFD48B10125D2
S31590010C7097E702F09FF82046FFF778FE00F0C4FD53
S31590010C80F5E74FF0E0234FF08052C3F8042DBFF300
S31590010C904F8FBFF36F8FEAE72046FFF767FE00F0AD
S31590010CA0B3FDB2E700220B4613B511460090012021
S31590010CB0FFF7D1FE044638B100231A4619468360E0
S31590010CC00360C360FFF73CFF204602B010BD70B5CC
S31590010CD00646502002F0B4F9044698B10025012148
S31590010CE0006080F84650C0E90F15FFF775FE2B4658
S31590010CF02A462946204684F84C60A5602560E56021
S31590010D00FFF71EFF204670BD2DE9F8438946174629
S31590010D101E46044640B94FF0500383F31188BFF342
S31590010D206F8FBFF34F8FFEE751B9036C43B14FF00D
S31590010D30500383F31188BFF36F8FBFF34F8FFEE795
S31590010D40022E0BD1E36B012B08D04FF0500383F3A6
S31590010D501188BFF36F8FBFF34F8FFEE702F01CF937
S31590010D60EFF311884FF0500383F31188BFF36F8F20
S31590010D70BFF34F8FA26BE36B9A4201D3022E1ED122
S31590010D8094F845503246494620466DB2A36BFFF71B
S31590010D90A5FD6B1C0ED1636A3BB104F1240000F0F2
S31590010DA0F3FF10B10FB101233B60012088F3118845
S31590010DB0BDE8F88301356DB284F84550F5E700201A
S31590010DC0F4E770B50D46044640B94FF0500383F3EE
S31590010DD01188BFF36F8FBFF34F8FFEE7036C43B15B
S31590010DE04FF0500383F31188BFF36F8FBFF34F8F8B
S31590010DF0FEE7036853B9836843B14FF0500383F319
S31590010E001188BFF36F8FBFF34F8FFEE702F0C4F8DF
S31590010E10EFF311864FF0500383F31188BFF36F8F71
S31590010E20BFF34F8FA26BE36B934219D994F8451098
S31590010E300132FF294BB2A2630DD1636A3BB104F132
S31590010E40240000F0A1FF10B10DB101232B60012008
S31590010E5086F3118870BD01335BB284F84530F6E7AD
S31590010E600020F5E72DE9FF410E460446019240B96F
S31590010E704FF0500383F31188BFF36F8FBFF34F8FFA
S31590010E80FEE751B9036C43B14FF0500383F31188D8
S31590010E90BFF36F8FBFF34F8FFEE701F01FFA054641
S31590010EA018B300254FF0000801F064FFA76B47B314
S31590010EB0013F31462046FFF744FDA763236973B18D
S31590010EC004F1100000F060FF48B14FF0E0234FF0BD
S31590010ED08052C3F8042DBFF34F8FBFF36F8F01F08C
S31590010EE069FF012004B0BDE8F081019B002BD9D0A8
S31590010EF04FF0500383F31188BFF36F8FBFF34F8F7A
S31590010F00FEE7019B1BB901F055FF0020EAE715B9F1
S31590010F1002A800F09DFF01F04DFF00F067FC01F083
S31590010F2029FF94F84430FF2B01D184F8448094F83A
S31590010F304530FF2B01D184F8458001F03BFF01A993
S31590010F4002A800F09BFF00BB2046FFF7BCFCB0B1A6
S31590010F50019904F1240000F0F1FE2046FFF706FD09
S31590010F6000F052FC48B94FF0E0234FF08052C3F89D
S31590010F70042DBFF34F8FBFF36F8F012594E7204662
S31590010F80FFF7F4FC00F040FCF7E72046FFF7EEFC94
S31590010F9000F03AFC2046FFF796FC0028EDD0B4E726
S31590010FA0F0B585B00446019140B94FF0500383F3F3
S31590010FB01188BFF36F8FBFF34F8FFEE7056C45B175
S31590010FC04FF0500383F31188BFF36F8FBFF34F8FA9
S31590010FD0FEE701F083F9064620B32E46002701F07D
S31590010FE0C9FEA36B53B3013BA363236813B901F005
S31590010FF0CBFBA060236973B104F1100000F0C4FE2D
S3159001100048B14FF0E0234FF08052C3F8042DBFF35F
S315900110104F8FBFF36F8F01F0CDFE012005B0F0BD6C
S315900110203546DBE7019B002BFAD04FF0500383F353
S315900110301188BFF36F8FBFF34F8FFEE7019B53B9B3
S31590011040002D66D04FF0500383F31188BFF36F8F55
S31590011050BFF34F8FFEE716B902A800F0F9FE01F033
S31590011060A9FE00F0C3FB01F085FE94F84430FF2BF6
S3159001107001D184F8447094F84530FF2B01D184F85E
S31590011080457001F097FE01A902A800F0F7FE50BB4A
S315900110902046FFF718FC00B323683BB901F06AFEBE
S315900110A0A06801F039F9054601F084FE019904F131
S315900110B0240000F043FE2046FFF758FC00F0A4FB05
S315900110C048B94FF0E0234FF08052C3F8042DBFF397
S315900110D04F8FBFF36F8F012681E72046FFF746FCBE
S315900110E000F092FBF7E72046FFF740FC00F08CFBFF
S315900110F02046FFF7E8FB0028EDD065B101F03AFEF6
S31590011100616A19B1236B1968C1F10701A06801F0F1
S3159001111001FA01F04FFE002080E72DE9F843894658
S315900111209046044640B94FF0500383F31188BFF3BC
S315900111306F8FBFF34F8FFEE751B9036C43B14FF0F9
S31590011140500383F31188BFF36F8FBFF34F8FFEE781
S3159001115001F022FFEFF311874FF0500383F31188CB
S31590011160BFF36F8FBFF34F8FA56B0DB394F84460A8
S3159001117049462046013D76B2FFF7E3FBA563731C12
S3159001118011D1236953B104F1100000F0FDFD28B18E
S31590011190B8F1000F02D00123C8F80030012087F37F
S315900111A01188BDE8F883013676B284F84460F5E794
S315900111B02846F4E710B5044640B94FF0500383F33F
S315900111C01188BFF36F8FBFF34F8FFEE701F0D2FD0A
S315900111D0A46B01F0EFFD204610BD40B94FF05003CE
S315900111E083F31188BFF36F8FBFF34F8FFEE7806B49
S315900111F0704700000023094A10B552F83310DC00FD
S31590011200814206D1064A002142F8331022445160A8
S3159001121010BD0133082BF0D1FAE700BFC077002447
S31590011220BC77002410B540B94FF0500383F3118871
S31590011230BFF36F8FBFF34F8FFEE7FFF7DBFF90F89A
S3159001124046301BB9BDE8104001F092BF10BD80B584
S315900112508EB004AFF860B9607A603B607B6B002B0F
S315900112600BD14FF0500383F31188BFF36F8FBFF308
S315900112704F8F3B6200BF00BFFDE7BB6B002B0BD1CD
S315900112804FF0500383F31188BFF36F8FBFF34F8FE6
S31590011290FB6100BF00BFFDE7B0233B613B69B02B0B
S315900112A00BD04FF0500383F31188BFF36F8FBFF3C9
S315900112B04F8FBB6100BF00BFFDE73B69BB6B002B46
S315900112C01ED07B6B002B1BD0BB6B7B627B6A7A6BD0
S315900112D01A637B6A022283F8AD20002303937B6A0B
S315900112E0029307F1140301933B6B00933B687A6871
S315900112F0B968F86800F050F8786A00F0FBF801E0F8
S3159001130000237B617B6918462837BD4680BD80B531
S315900113108CB004AFF860B9603B601346FB80FB88E4
S315900113209B00184601F08CFE78617B69002B0ED0EC
S31590011330B02001F085FEF861FB69002B03D0FB69B3
S315900113407A691A6305E0786901F012FF01E00023DA
S31590011350FB61FB69002B17D0FB69002283F8AD2056
S31590011360FA8800230393FB690293FB6A0193BB6A94
S3159001137000933B68B968F86800F00EF8F86900F0D8
S31590011380B9F80123BB6102E04FF0FF33BB61BB6942
S3159001139018462037BD4680BD80B588B000AFF8604D
S315900113A0B9607A603B603B6B186B7B689B001A4611
S315900113B0A52118F0B5FE3B6B1A6B79686FF0404327
S315900113C00B449B001344BB61BB6923F00703BB61CC
S315900113D0BB6903F00703002B0BD04FF0500383F347
S315900113E01188BFF36F8FBFF34F8F7B6100BF00BF33
S315900113F0FDE73B6BBA695A64BB68002B1FD000238B
S31590011400FB6112E0BA68FB69134419783A6BFB6980
S31590011410134434330A461A70BA68FB6913441B782D
S31590011420002B06D0FB690133FB61FB690F2BE9D9D0
S3159001143000E000BF3B6B002283F8432003E03B6B47
S31590011440002283F83420BB6A062B01D90623BB629E
S315900114503B6BBA6ADA623B6BBA6A1A653B6B0022DE
S315900114605A653B6B04331846FFF7F8F93B6B183313
S315900114701846FFF7F3F93B6B3A6B1A61BB6AC3F1F6
S3159001148007023B6B9A613B6B3A6B5A623B6B00224C
S315900114909A653B6B0022C3F8A8203B6B002283F828
S315900114A0AC203B6B5C334C220021184618F038FE79
S315900114B03B6B0D4A1A663B6B0C4A5A663B6B0C4A60
S315900114C09A663A68F968B86901F02AFC02463B6B5C
S315900114D01A60FB6A002B02D0FB6A3A6B1A6000BF56
S315900114E02037BD4680BD00BF74780124DC78012485
S315900114F04479012480B582B000AF786001F03AFC5E
S315900115002C4B1B6801332B4A13602B4B1B68002B0A
S3159001151009D1294A7B681360264B1B68012B10D190
S3159001152000F034FD0DE0254B1B68002B09D1224BB1
S315900115301B68DA6A7B68DB6A9A4202D81E4A7B6824
S3159001154013601F4B1B6801331D4A13601C4B1A68AD
S315900115507B689A647B68DB6A01229A40194B1B6807
S315900115601343184A13607B68DA6A13469B00134447
S315900115709B00154A1A447B68043319461046FFF7B7
S3159001158070F901F017FC0D4B1B68002B0ED00A4B1E
S315900115901B68DA6A7B68DB6A9A4207D20B4B4FF07B
S315900115A080521A60BFF34F8FBFF36F8F00BF08371A
S315900115B0BD4680BDFC780024FC7700240879002480
S315900115C018790024047900240078002404ED00E0C1
S315900115D080B584B000AF78600023FB607B68002BF8
S315900115E018D0144B1B68002B0BD04FF0500383F38C
S315900115F01188BFF36F8FBFF34F8FBB6000BF00BFE2
S31590011600FDE700F0F3F80021786801F0E5FA00F0C3
S31590011610FBF8F860FB68002B07D1074B4FF080521F
S315900116201A60BFF34F8FBFF36F8F00BF1037BD4660
S3159001163080BD00BF2479002404ED00E080B588B018
S3159001164000AF78607B68BB61BB69002B0BD14FF013
S31590011650500383F31188BFF36F8FBFF34F8FBB6036
S3159001166000BF00BFFDE7244B1B68BA699A4202D1BD
S315900116700023FB773AE001F07DFBBB695B697B61F7
S315900116801E4B1B683B611E4B1B68FB6001F092FB76
S315900116907A693B699A4203D07A69FB689A4202D188
S315900116A00223FB7722E07B69164A934212D1BB69EA
S315900116B09B6A002B0BD1BB6993F8AC30DBB2012B43
S315900116C002D10223FB7711E00323FB770EE002237D
S315900116D0FB770BE07B690C4A934202D07B69002B26
S315900116E002D10423FB7701E00123FB77FB7F1846A8
S315900116F02037BD4680BD00BFFC770024B478002416
S31590011700B8780024E8780024D078002480B58AB08F
S3159001171004AF0023BB6000237B603A46391D07F175
S315900117200803184618F040FD39687B68BA6802923A
S3159001173001930023009300230A4623492348FFF788
S3159001174086FD0346224A1360214B1B68002B02D06B
S3159001175001237B6101E000237B617B69012B1ED113
S315900117604FF0500383F31188BFF36F8FBFF34F8F01
S315900117703B6100BF174B1B685C33174A1360174BCD
S315900117804FF0FF321A60164B01221A60154B002258
S315900117901A60154B00221A6001F07CFB0FE07B6901
S315900117A0B3F1FF3F0BD14FF0500383F31188BFF391
S315900117B06F8FBFF34F8FFB6000BF00BFFDE700BF88
S315900117C01837BD4680BD00BF9C4A03905D1F0190AE
S315900117D020790024FC7700240C0D00241C79002428
S315900117E008790024007900242027002480B400AFD2
S315900117F0044B1B680133034A136000BFBD465DF875
S31590011800047B70472479002480B584B000AF00230F
S31590011810FB600023BB60424B1B68002B0BD14FF042
S31590011820500383F31188BFF36F8FBFF34F8F3B60E4
S3159001183000BF00BFFDE701F09DFA394B1B68013BE4
S31590011840374A1360364B1B68002B61D1354B1B68A9
S31590011850002B5DD02EE0344BDB68DB68FB60FB68C8
S3159001186018331846FFF71FF8FB6804331846FFF73D
S315900118701AF8FB68DB6A01229A402C4B1B681343CA
S315900118802A4A1360FB68DA6A13469B0013449B004D
S31590011890274A1A44FB68043319461046FEF7E1FFBE
S315900118A0FB68DA6A234B1B68DB6A9A4202D3224BA6
S315900118B001221A601C4B1B68002BCCD1FB68002BB4
S315900118C001D000F0DBFC1D4B1B687B607B68002B15
S315900118D010D000F0E9F80346002B02D0164B0122F6
S315900118E01A607B68013B7B607B68002BF1D1134BBF
S315900118F000221A60104B1B68002B09D00123BB6094
S315900119000F4B4FF080521A60BFF34F8FBFF36F8F1B
S3159001191001F050FABB6818461037BD4680BD00BF2E
S3159001192024790024FC780024BC78002404790024CE
S3159001193000780024FC770024107900240C79002487
S3159001194004ED00E080B483B000AF054B1B687B606B
S315900119507B6818460C37BD465DF8047B704700BF1F
S315900119600079002480B582B000AF01F015FB002309
S315900119707B60044B1B683B603B6818460837BD4645
S3159001198080BD00BF0079002480B586B000AFF860B5
S31590011990B9607A6000237B6107233B61FFF726FFDD
S315900119A03A4B1B68BA689A4269D33B69013B3B61E2
S315900119B07A691346DB0013449B001A46FB68981814
S315900119C03A6913469B0013449B00314A1344012202
S315900119D0194600F0AFFB02467B6913447B613B6974
S315900119E0002BE2D17A691346DB0013449B001A4619
S315900119F0FB681344274A11680222184600F09AFBA5
S31590011A0002467B6913447B617A691346DB00134472
S31590011A109B001A46FB6813441F4A11680222184616
S31590011A2000F088FB02467B6913447B617A69134611
S31590011A30DB0013449B001A46FB68134404221749A2
S31590011A40184600F077FB02467B6913447B617A69FD
S31590011A501346DB0013449B001A46FB68134403228A
S31590011A600F49184600F066FB02467B6913447B6179
S31590011A707B68002B03D00B4B1A687B681A60FFF7C3
S31590011A80C3FE7B6918461837BD4680BDFC78002495
S31590011A9000780024B4780024B8780024D078002403
S31590011AA0E87800242027002480B586B000AF002373
S31590011AB07B614F4B1B68002B40F08F804D4B1B6811
S31590011AC001333B614B4A3B6913603B69002B21D142
S31590011AD0494B1B681B68002B0BD04FF0500383F3C7
S31590011AE01188BFF36F8FBFF34F8F3B6000BF00BF6D
S31590011AF0FDE7414B1B68FB60404B1B683E4A1360F8
S31590011B003E4AFB6813603E4B1B6801333C4A1360A7
S31590011B1000F0B4FB3B4B1B683A699A4248D3364B6B
S31590011B201B681B68002B04D1364B4FF0FF321A60AD
S31590011B303EE0314B1B68DB68DB68BB60BB685B686A
S31590011B407B603A697B689A4203D22E4A7B6813601E
S31590011B502EE0BB6804331846FEF7A5FEBB689B6A68
S31590011B60002B04D0BB6818331846FEF79CFEBB6861
S31590011B70DB6A01229A40244B1B681343224A136065
S31590011B80BB68DA6A13469B0013449B001F4A1A44AA
S31590011B90BB68043319461046FEF763FEBB68DA6AE2
S31590011BA01B4B1B68DB6A9A42B9D301237B61B6E76B
S31590011BB0174B1B68DA6A154913469B0013449B0021
S31590011BC00B441B68012B01D901237B61114B1B68C7
S31590011BD0002B07D001237B6104E00F4B1B68013377
S31590011BE00D4A13607B6918461837BD4680BD00BF04
S31590011BF02479002400790024B4780024B87800244C
S31590011C00147900241C790024047900240078002496
S31590011C10FC770024107900240C79002480B586B0D5
S31590011C2000AF3D4B1B68002B03D03C4B01221A6041
S31590011C306EE03A4B00221A60394B1B68394A1360A1
S31590011C40384B1A68384B1B689A4209D9374B1B682F
S31590011C50996D344A1068344A1268821A0A449A6510
S31590011C60304B1B68304A1360304B1B681A682F4BF8
S31590011C701B681B6B9A4208D82C4B1A682B4B1B6816
S31590011C8034331946104618F037FA294B1B68FB6016
S31590011C90FB68B3FA83F3FB72FB7AC3F11F037B6193
S31590011CA024497A6913469B0013449B000B441B6895
S31590011CB0002B0BD14FF0500383F31188BFF36F8F35
S31590011CC0BFF34F8F7B6000BF00BFFDE77A69134674
S31590011CD09B0013449B00174A13443B613B695B6825
S31590011CE05A683B695A603B695A683B6908339A421C
S31590011CF004D13B695B685A683B695A603B695B688A
S31590011D00DB680A4A1360094B1B685C330A4A136005
S31590011D1000BF1837BD4680BD247900241079002470
S31590011D20202700242C79002428790024FC7700248C
S31590011D3004790024007800240C0D002480B584B029
S31590011D4000AF786039607B68002B0BD14FF0500360
S31590011D5083F31188BFF36F8FBFF34F8FFB6000BF83
S31590011D6000BFFDE7074B1B68183319467868FEF7E5
S31590011D7083FD0121386800F02FFF00BF1037BD4663
S31590011D8080BD00BFFC77002480B586B000AF786037
S31590011D907B68DB68DB683B613B69002B0BD14FF0BD
S31590011DA0500383F31188BFF36F8FBFF34F8FFB609F
S31590011DB000BF00BFFDE73B6918331846FEF773FD78
S31590011DC01D4B1B68002B1CD13B6904331846FEF74B
S31590011DD06AFD3B69DB6A01229A40184B1B681343E3
S31590011DE0164A13603B69DA6A13469B0013449B00BB
S31590011DF0134A1A443B69043319461046FEF731FDDE
S31590011E0005E03B69183319460E48FEF72AFD3B69F2
S31590011E10DA6A0D4B1B68DB6A9A4205D901237B610D
S31590011E200A4B01221A6001E000237B617B69184607
S31590011E301837BD4680BD00BF24790024047900245B
S31590011E4000780024BC780024FC77002410790024C3
S31590011E5080B483B000AF7860064B1A687B681A60CD
S31590011E60054B1A687B685A6000BF0C37BD465DF812
S31590011E70047B7047147900240079002480B588B0DA
S31590011E8000AF786039607B68002B0BD14FF050031F
S31590011E9083F31188BFF36F8FBFF34F8F3B6100BF01
S31590011EA000BFFDE73B68002B0BD14FF0500383F346
S31590011EB01188BFF36F8FBFF34F8FFB6000BF00BFD9
S31590011EC0FDE700F057FF1D4B1B68BB617B685B68A4
S31590011ED0BA69D31A7B613B681B68B3F1FF3F02D1A4
S31590011EE00023FB6123E07B681A68154B1B689A42B5
S31590011EF007D07B685B68BA699A4202D30123FB617A
S31590011F0015E03B681B687A699A420BD23B681A685E
S31590011F107B69D21A3B681A607868FFF799FF0023AC
S31590011F20FB6104E03B6800221A600123FB6100F02B
S31590011F3041FFFB6918462037BD4680BD00790024D4
S31590011F401479002480B400AF034B01221A6000BFBC
S31590011F50BD465DF8047B70471079002480B582B048
S31590011F6000AF786000F052F8064B1B68012BF9D947
S31590011F70054B4FF080521A60BFF34F8FBFF36F8FAF
S31590011F80F0E700BF0078002404ED00E080B582B050
S31590011F9000AF00237B600CE07A6813469B001344E4
S31590011FA09B00124A13441846FEF74DFC7B68013399
S31590011FB07B607B68062BEFD90D48FEF744FC0D48F4
S31590011FC0FEF741FC0C48FEF73EFC0C48FEF73BFC45
S31590011FD00B48FEF738FC0B4B054A1A600A4B054A2B
S31590011FE01A6000BF0837BD4680BD00BF0078002447
S31590011FF08C780024A0780024BC780024D078002422
S31590012000E8780024B4780024B878002480B582B0AA
S3159001201000AF19E000F0AEFE104BDB68DB687B6029
S315900120207B6804331846FEF73EFC0D4B1B68013B5B
S315900120300B4A13600B4B1B68013B0A4A136000F075
S31590012040B9FE786800F0E4F8064B1B68002BE1D1E5
S3159001205000BF00BF0837BD4680BD00BFD0780024C1
S31590012060FC780024E478002480B586B000AFF8604F
S31590012070B9607A60FB70FB68002B02D12C4B1B6810
S3159001208000E0FB687B61BB687A691A607B6903F142
S315900120903402BB685A607B69DA6ABB681A617B69EC
S315900120A01A6BBB68DA617B699A6CBB689A607B69CB
S315900120B01A6DBB685A617B699A6DBB689A61FB78A8
S315900120C0052B1AD01A4B1B687A699A4203D1BB68C1
S315900120D000221A7318E0BB68FA781A73FB78032BFF
S315900120E012D1FFF783FB7B699B6A002B02D0BB68F9
S315900120F002221A73FFF788FB06E07869FFF79EFACA
S3159001210003461A46BB681A737B68002B09D07B6914
S315900121101B6B184600F060F803461A46BB681A8492
S3159001212002E0BB6800221A8400BF1837BD4680BD05
S31590012130FC77002480B58AB000AFF860B960134689
S31590012140FB7100237B62BB681B68002B3FD0BB6889
S315900121503B623B6A5B685A683B6A5A603B6A5A685B
S315900121603B6A08339A4204D13B6A5B685A683B6A78
S315900121705A603B6A5B68DB68FB61BB68BB61BB69A4
S315900121805B685A68BB695A60BB695A68BB69083310
S315900121909A4204D1BB695B685A68BB695A60BB694C
S315900121A05B68DB687B617A6A1346DB0013449B00AC
S315900121B01A46FB689918FB7901227869FFF754FF53
S315900121C07B6A01337B627A69FB699A42D5D17B6AD4
S315900121D018462837BD4680BD80B485B000AF78607B
S315900121E00023FB6005E07B6801337B60FB6801336C
S315900121F0FB607B681B78A52BF5D0FB689B08FB6081
S31590012200FB689BB218461437BD465DF8047B704750
S3159001221080B584B000AF78607B685C33184617F060
S3159001222067FF7B6893F8AD30002B08D17B681B6BF9
S31590012230184600F09DFF786800F09AFF19E07B68D8
S3159001224093F8AD30012B03D1786800F091FF10E03F
S315900122507B6893F8AD30022B0BD04FF0500383F38C
S315900122601188BFF36F8FBFF34F8FFB6000BF00BF25
S31590012270FDE700BF1037BD4680BD000080B483B036
S3159001228000AF0C4B1B681B68002B04D10A4B4FF017
S31590012290FF321A6008E0074B1B68DB68DB687B60DE
S315900122A07B685B68044A136000BF0C37BD465DF8D6
S315900122B0047B7047B47800241C79002480B483B0E1
S315900122C000AF054B1B687B607B6818460C37BD4693
S315900122D05DF8047B704700BFFC77002480B483B01F
S315900122E000AF0B4B1B68002B02D101237B6008E0EA
S315900122F0084B1B68002B02D102237B6001E000236F
S315900123007B607B6818460C37BD465DF8047B704749
S31590012310087900242479002480B584B000AF7860D0
S315900123207B68BB600023FB607B68002B5ED0BB683B
S31590012330DA6A314B1B68DB6A9A424ED2BB689B695B
S31590012340002B06DB2C4B1B68DB6AC3F10702BB68CB
S315900123509A61BB685969BB68DA6A13469B00134454
S315900123609B00264A134499422FD1BB6804331846E1
S31590012370FEF799FA0346002B0AD1BB68DB6A012264
S3159001238002FA03F3DA431E4B1B6813401C4A13608F
S31590012390194B1B68DA6ABB68DA62BB68DB6A012291
S315900123A09A40174B1B681343154A1360BB68DA6A48
S315900123B013469B0013449B00104A1A44BB6804338E
S315900123C019461046FEF74DFA04E00B4B1B68DA6A84
S315900123D0BB68DA620123FB6008E0BB681A6D064BA5
S315900123E01B68DB6A9A4201D20123FB60FB6818469F
S315900123F01037BD4680BD00BFFC77002400780024CD
S315900124000479002480B586B000AF78607B683B6123
S3159001241000237B617B68002B70D03B4B1B683A692C
S315900124209A420BD04FF0500383F31188BFF36F8F0D
S31590012430BFF34F8FFB6000BF00BFFDE73B695B6D4C
S31590012440002B0BD14FF0500383F31188BFF36F8F9D
S31590012450BFF34F8FBB6000BF00BFFDE73B695B6D6C
S315900124605A1E3B695A653B69DA6A3B691B6D9A420A
S3159001247044D03B695B6D002B40D13B6904331846D0
S31590012480FEF711FA0346002B15D13B69DA6A1F490B
S3159001249013469B0013449B000B441B68002B0AD1E7
S315900124A03B69DB6A012202FA03F3DA43184B1B6894
S315900124B01340174A13603B691A6D3B69DA623B69AF
S315900124C0DB6AC3F107023B699A613B69DB6A0122C8
S315900124D09A400F4B1B6813430D4A13603B69DA6AA6
S315900124E013469B0013449B00084A1A443B690433E4
S315900124F019461046FEF7B5F901237B617B691846AB
S315900125001837BD4680BD00BFFC77002400780024B3
S315900125100479002480B588B000AF786039607B6813
S31590012520BB6101237B617B68002B79D0BB695B6DB5
S31590012530002B0BD14FF0500383F31188BFF36F8FAC
S31590012540BFF34F8FFB6000BF00BFFDE7BB691B6DFB
S315900125503A689A4202D93B68FB6102E0BB691B6DFE
S31590012560FB61BB69DB6AFA699A4259D0BB695B6DBB
S315900125707A699A4254D12C4B1B68BA699A420BD10B
S315900125804FF0500383F31188BFF36F8FBFF34F8FD3
S31590012590BB6000BF00BFFDE7BB69DB6A3B61BB69FE
S315900125A0FA69DA62BB699B69002B04DBFB69C3F1AB
S315900125B00702BB699A61BB6959693A6913469B00DF
S315900125C013449B00194A1344994229D1BB69043398
S315900125D01846FEF768F90346002B0AD1BB69DB6AF8
S315900125E0012202FA03F3DA43114B1B681340104A96
S315900125F01360BB69DB6A01229A400D4B1B6813433A
S315900126000B4A1360BB69DA6A13469B0013449B001D
S31590012610064A1A44BB69043319461046FEF721F956
S3159001262000BF2037BD4680BDFC770024007800248A
S315900126300479002480B584B000AF78603960396838
S31590012640786817F001FD786817F0C6FCF86007E026
S315900126507A68FB68134420221A70FB680133FB6089
S31590012660FB680E2BF4D97A68FB68134400221A7022
S315900126707A68FB68134418461037BD4680BD000042
S3159001268080B588B000AF78607B6800221A703A4BAB
S315900126901B68BB61384B1A681346DB0013449B00D9
S315900126A0184600F0CDFC78617B69002B5FD007F16D
S315900126B00C031A46B9697869FFF766F9B861FB6840
S315900126C02E4AA2FB03235B09FB60FB68002B4BD0D0
S315900126D00023FB6144E0FA691346DB0013449B0037
S315900126E01A467B6913449A69FB68B2FBF3F33B6123
S315900126F0FA691346DB0013449B001A467B6913441F
S315900127005B6819467868FFF795FF78603B69002BFF
S315900127100ED0FA691346DB0013449B001A467B6977
S3159001272013449A693B691649786817F005FD0DE0DF
S31590012730FA691346DB0013449B001A467B691344DE
S315900127409B691A460F49786817F0F6FC786817F076
S3159001275043FC02467B6813447B60FB690133FB6152
S31590012760FA69BB699A42B6D3786900F001FD00BF58
S315900127702037BD4680BD00BFFC7800241F85EB51F4
S31590012780B44A0390C04A039080B400AF074B1B68CC
S31590012790002B04D0054B1B685A6D01325A65034BC9
S315900127A01B681846BD465DF8047B7047FC7700248C
S315900127B080B586B000AFF860B9607A603B6000F092
S315900127C0D9FA294B1B6893F8AC30DBB2022B1CD09B
S315900127D0254B1B68D3F8A810FA68D2430A40C3F870
S315900127E0A820214B1B68012283F8AC203B68002B63
S315900127F00BD00121386800F0EFF91C4B4FF0805255
S315900128001A60BFF34F8FBFF36F8F00F0D3FA00F0CA
S31590012810B1FA7B68002B05D0134B1B68D3F8A8201F
S315900128207B681A60104B1B6893F8AC30DBB2022BB5
S3159001283002D000237B610AE00B4B1B68D3F8A810EA
S31590012840BA68D2430A40C3F8A82001237B61064B9C
S315900128501B68002283F8AC2000F0ACFA7B6918461D
S315900128601837BD4680BD00BFFC77002404ED00E01B
S3159001287080B58AB000AFF860B9603B601346FB71D2
S3159001288001237B62FB68002B0BD14FF0500383F33E
S315900128901188BFF36F8FBFF34F8FBB6100BF00BF2E
S315900128A0FDE7FB683B6200F065FA3B68002B04D0BC
S315900128B03B6AD3F8A8203B681A603B6A93F8AC3020
S315900128C0FB773B6A022283F8AC20FB79042B2ED846
S315900128D001A252F823F000BF53290190ED280190EF
S315900128E0FF2801900F290190192901903B6AD3F88D
S315900128F0A820BB681A433B6AC3F8A8202CE03B6A20
S31590012900D3F8A8305A1C3B6AC3F8A82024E03B6A46
S31590012910BA68C3F8A8201FE0FB7F022B04D03B6A5C
S31590012920BA68C3F8A82017E000237B6214E03B6ADB
S31590012930D3F8A830B3F1FF3F0DD04FF0500383F396
S315900129401188BFF36F8FBFF34F8F7B6100BF00BFBD
S31590012950FDE700BF00E000BFFB7F012B3AD13B6A48
S3159001296004331846FDF79FFF3B6ADB6A01229A40C2
S315900129701C4B1B6813431B4A13603B6ADA6A134666
S315900129809B0013449B00184A1A443B6A0433194628
S315900129901046FDF766FF3B6A9B6A002B0BD04FF002
S315900129A0500383F31188BFF36F8FBFF34F8F3B6152
S315900129B000BF00BFFDE73B6ADA6A0C4B1B68DB6A16
S315900129C09A4207D90A4B4FF080521A60BFF34F8F44
S315900129D0BFF36F8F00F0EEF97B6A18462837BD4634
S315900129E080BD00BF0479002400780024FC77002480
S315900129F004ED00E080B58EB000AFF860B9603B6041
S31590012A001346FB7101237B63FB68002B0BD14FF0BF
S31590012A10500383F31188BFF36F8FBFF34F8F7B62A0
S31590012A2000BF00BFFDE700F0B7FAFB683B63EFF329
S31590012A3011824FF0500383F31188BFF36F8FBFF369
S31590012A404F8F3A62FB613B6AFB623B68002B04D075
S31590012A503B6BD3F8A8203B681A603B6B93F8AC307C
S31590012A6087F82B303B6B022283F8AC20FB79042B41
S31590012A702ED801A252F823F0F52A01908D2A0190C1
S31590012A809F2A0190AF2A0190B92A01903B6BD3F806
S31590012A90A820BB681A433B6BC3F8A8202DE03B6B7B
S31590012AA0D3F8A8305A1C3B6BC3F8A82025E03B6BA2
S31590012AB0BA68C3F8A82020E097F82B30022B04D0EF
S31590012AC03B6BBA68C3F8A82017E000237B6314E038
S31590012AD03B6BD3F8A830B3F1FF3F0DD04FF05003C5
S31590012AE083F31188BFF36F8FBFF34F8FBB6100BF25
S31590012AF000BFFDE700BF00E000BF97F82B30012B28
S31590012B0046D13B6B9B6A002B0BD04FF0500383F35E
S31590012B101188BFF36F8FBFF34F8F7B6100BF00BFEB
S31590012B20FDE7214B1B68002B1CD13B6B04331846E8
S31590012B30FDF7B9FE3B6BDB6A01229A401B4B1B6882
S31590012B4013431A4A13603B6BDA6A13469B0013448C
S31590012B509B00174A1A443B6B043319461046FDF7FE
S31590012B6080FE05E03B6B183319461248FDF779FE56
S31590012B703B6BDA6A104B1B68DB6A9A4208D93B6C4D
S31590012B80002B02D03B6C01221A600C4B01221A6079
S31590012B90FB6A3B613B6983F3118800BF7B6B1846E7
S31590012BA03837BD4680BD00BF2479002404790024BE
S31590012BB000780024BC780024FC7700241079002446
S31590012BC080B400AF034B1B689B6D1846BD465DF8FC
S31590012BD0047B70472079002480B584B000AF78607B
S31590012BE03960294B1B68FB60284B1B6804331846D8
S31590012BF0FDF759FE0346002B0BD1244B1B68DB6A6C
S31590012C00012202FA03F3DA43214B1B681340204A4F
S31590012C1013607B68B3F1FF3F0AD13B68002B07D065
S31590012C201A4B1B68043319461A48FDF71AFE26E01B
S31590012C30FA687B681344BB60144B1B68BA685A6088
S31590012C40BA68FB689A4209D2134B1A680F4B1B68F4
S31590012C50043319461046FDF70FFE10E00F4B1A6824
S31590012C600A4B1B68043319461046FDF705FE0C4BBB
S31590012C701B68BA689A4202D2094ABB68136000BFC0
S31590012C801037BD4680BD00BF00790024FC77002433
S31590012C9004790024E8780024B8780024B4780024D4
S31590012CA01C79002408480068006880F308884FF072
S31590012CB0000080F3148862B661B6BFF34F8FBFF3FD
S31590012CC06F8F00DF00BF000008ED00E0DFF80C0019
S31590012CD0016841F4700101607047000088ED00E0E1
S31590012CE0002382B001930D4B1B68013308D04FF03E
S31590012CF0500383F31188BFF36F8FBFF34F8FFEE7B6
S31590012D004FF0500383F31188BFF36F8FBFF34F8F4B
S31590012D10019B002BFCD002B0704700BFEC0C002445
S31590012D204FF0807321F0010140F8202C4438036460
S31590012D30034BC16383636FF002030362704700BF65
S31590012D40E12C01900000000000000000000000004E
S31590012D50074B19680868B0E8F04F80F30988BFF30C
S31590012D606F8F4FF0000080F311887047AFF30080AA
S31590012D70FC7700244FF0500383F31188BFF36F8FD4
S31590012D80BFF34F8F0A4A13680133012B13600ED19B
S31590012D904FF0E023D3F8043DDBB243B14FF050033B
S31590012DA083F31188BFF36F8FBFF34F8FFEE77047A1
S31590012DB0EC0C0024084A136843B94FF0500383F38F
S31590012DC01188BFF36F8FBFF34F8FFEE7013B1360FF
S31590012DD00BB983F311887047EC0C002400000000B6
S31590012DE0EFF30980BFF36F8F154B1A681EF0100F22
S31590012DF008BF20ED108A20E9F04F10602DE90900F7
S31590012E004FF0500080F31188BFF34F8FBFF36F8F50
S31590012E10FEF704FF4FF0000080F3118809BC196892
S31590012E200868B0E8F04F1EF0100F08BFB0EC108A9A
S31590012E3080F30988BFF36F8F704700BFAFF30080AF
S31590012E40FC77002408B54FF0500383F31188BFF344
S31590012E506F8FBFF34F8FFEF727FE28B14FF0E02318
S31590012E604FF08052C3F8042D002383F3118808BDD7
S31590012E704FF0E02200234FF47A7113619361044B72
S31590012E801B68B3FBF1F3013B536107231361704751
S31590012E901C0A00244FF0E02337B5D3F8001D384AB9
S31590012EA0914208D14FF0500383F31188BFF36F8F8E
S31590012EB0BFF34F8FFEE7D3F8002D324B9A4208D1DC
S31590012EC04FF0500383F31188BFF36F8FBFF34F8F8A
S31590012ED0FEE72D4B1A78D2B20192FF221A701B7817
S31590012EE02A4ADBB28DF803309DF8033003F0500384
S31590012EF013700723264A13609DF803101368090679
S31590012F000AD4032B11D04FF0500383F31188BFF3EA
S31590012F106F8FBFF34F8FFEE7013B13609DF8033030
S31590012F205B00DBB28DF80330E6E74FF440734FF068
S31590012F30E02400251360019B134ADBB21370D4F889
S31590012F40203D43F47003C4F8203DD4F8203D43F06E
S31590012F507043C4F8203DFFF78BFF0E4B1D60FFF7C2
S31590012F60B5FED4F8343F43F04043C4F8343FFFF7FD
S31590012F7099FEFEF753FE2846FFF7B2FE03B030BD29
S31590012F8071C20F4170C20F4100E400E03479002410
S31590012F9030790024EC0C0024EFF305830F2B0ED926
S31590012FA0114A9B5C114A12789A4208D94FF0500304
S31590012FB083F31188BFF36F8FBFF34F8FFEE74FF007
S31590012FC0E0230B4AD3F80C3D126803F4E063934275
S31590012FD008D94FF0500383F31188BFF36F8FBFF376
S31590012FE04F8FFEE7704700BFF0E300E0347900248D
S31590012FF030790024104B10B51A461B688342FBD3D7
S3159001300054681119884201BF4168104609195160E7
S31590013010446801198B420CD1084909688B4203D047
S3159001302059682144416019689042016018BF106047
S3159001303010BD1946F8E700BF507900244C79002459
S315900130402DE9F0410446FEF7D1FB4249424D0B680A
S315900130500BBB424A5607424E1BBFD01D02F520427A
S315900130604FF4204320F007001CBF131A024600209C
S31590013070134432607060083B23F00703C3E90000F4
S31590013080981A0B60C2E90030364B1860364B1860BF
S315900130904FF000432B602E68264255D1002C46D026
S315900130A004F1080360071CBF23F007030833002BC4
S315900130B04AD02D4F3C689C4246D3294A1568686888
S315900130C0984204D2D5F800C0BCF1000F15D1096819
S315900130D0A94239D02968D2F800801160C21A102A03
S315900130E012D9E81841070BD04FF0500383F311889A
S315900130F0BFF36F8FBFF34F8FFEE72A466546DEE734
S3159001310042606B60FFF776FF6A6800231549A41A3F
S3159001311016430868154A84422B6013683C6003F194
S31590013120010338BF0C6008F108046E601360FEF766
S315900131306BFB63070AD04FF0500383F31188BFF3FB
S315900131406F8FBFF34F8FFEE70024F0E72046BDE86F
S31590013150F08100BF4C7900243879002458790024F5
S315900131605079002444790024487900244079002438
S3159001317010B5044690B31A4A50F8043C12681342AB
S3159001318008D14FF0500383F31188BFF36F8FBFF3CC
S315900131904F8FFEE750F8081C41B14FF0500383F36F
S315900131A01188BFF36F8FBFF34F8FFEE723EA0203B8
S315900131B040F8043CFEF71AFB0A4A54F8043CA4F181
S315900131C0080011680B441360FFF714FF064A136851
S315900131D00133BDE810401360FEF716BB10BD00BF6A
S315900131E038790024487900243C7900240A6810B57E
S315900131F00C320C4601F000FE08B994F9040010BD9A
S3159001320008B50B46114658B1027802F0F002102A21
S3159001321006D108608B600748BDE80840FFF7E6BF16
S31590013220054B40F2A7220549054816F035FF6FF088
S315900132300F0008BD0B490190571803908918039008
S315900132402118039000B589B058B90B4B40F247420B
S315900132500A490B4816F020FF6FF00F0009B05DF890
S3159001326004FB292300908DF80810694605488DF8CE
S315900132700930FFF7BBFFF1E757180390AD1803909C
S31590013280211803900D4A019070B50D4688B01146EC
S3159001329001F050F8044600283DD000906946204838
S315900132A08DF80850FFF7A2FF002835D063682BB13F
S315900132B01C4BA3221C491D4816F0EEFE04F1100585
S315900132C028460AF014FB28B9164BA4221849174828
S315900132D016F0E2FE04F114000AF009FB28B1114B35
S315900132E0A6221449114816F0D7FE04F10C06304671
S315900132F00AF03DFB28B90B4BA9220F490B4816F052
S31590013300CBFE30460AF030FB28460AF0A9FA214650
S31590013310082002F0A1FD0024204608B070BD00BF30
S31590013320B142019057180390C91803902118039040
S31590013330EA180390FF1803902019039000B589B0FD
S3159001334038B129230090694603488DF80930FFF773
S315900133504DFF09B05DF804FBC145019038B50546AE
S3159001336040B1FFF7EBFF044610B9284601F028F863
S31590013370204638BD0446FBE700B589B058B90C4BD9
S315900133804FF49C720B490C4816F086FE6FF00F00B5
S3159001339009B05DF804FB094B0090002908BF194656
S315900133A00748ADF80C2002916946FFF71FFFEFE73A
S315900133B0571803903919039021180390184C0390CC
S315900133C0D946019000B589B058B90C4B4FF4BF72EC
S315900133D00B490C4816F060FE6FF00F0009B05DF8CE
S315900133E004FB094B0090002908BF19460748ADF820
S315900133F00C2002916946FFF7F9FEEFE75718039003
S315900134005419039021180390184C03901947019071
S3159001341000B589B058B9094B40F2BB120849094821
S3159001342016F03AFE6FF00F0009B05DF804FB0090BC
S3159001343069460548FFF7DAFEF6E700BF571803908D
S315900134407219039021180390FD47019000B589B038
S3159001345058B9094B40F2B2320849094816F01CFE98
S315900134606FF00F0009B05DF804FB00900291694678
S315900134700448FFF7BBFEF5E7571803908F190390A1
S3159001348021180390B548019029B102B112688A605A
S315900134908B81FFF7DBBF6FF0050070472DE9F04197
S315900134A088B0DDF8388058B92F4B40F2EE322F496B
S315900134B02F4816F0F1FD6FF00F0008B0BDE8F081CE
S315900134C0047804F0F004102C09D0274B40F2EF3227
S315900134D02849274816F0E0FD6FF00500EDE7057FD6
S315900134E003F0040405F00205254303D0B8F1000F5B
S315900134F0F2D00125002601F1040C374604E05CF870
S315900135003640E719E8D20136B242F8DC002F01D1F4
S315900135100020D2E704DAB8F1000FDDD06FF0004752
S31590013520ADF80C200022009002916946124804924F
S315900135308DF81C30CDE90572FFF758FE0028BCD1F5
S31590013540B8F1000F02D0069BC8F80030002DDFD1EC
S31590013550069BBB42DCD0044B4FF486620749044874
S3159001356016F09AFDD4E700BF57180390AA19039055
S3159001357021180390C619039041490190E8190390C7
S315900135801FB5CDE90212069A02A900920122FFF710
S3159001359085FF05B05DF804FB0321FFF753BE38B5EF
S315900135A0044648B10AF028FA002394F90850237288
S315900135B00AF02EFA284638BD0546FBE7F7B50546CB
S315900135C00E4659B9284B40F2E11228496FF00F0483
S315900135D0274816F061FD204603B0F0BD00230B602D
S315900135E020B9214B40F2E3122249EFE7FFF7D7FFCB
S315900135F004468DF803000028EDD105F114073846ED
S315900136000AF075F910B96FF00E04E4E72B7FDA072B
S31590013610F9D49B0710D501A938460AF057F901301C
S315900136201ED06B6A93B90DF10301019800F016FE55
S3159001363088B19DF90340CEE7AA6901A938460AF0F7
S3159001364023F90130EDD16FF00204C4E70022012184
S3159001365028469847E7E7019B002BD4D03360BAE719
S315900136606FF00604B7E700BF571803900B1A039043
S31590013670211803902B1A03900023F7B5044616469A
S315900136800D46019351B9364B4FF41272354936486E
S3159001369016F002FD6FF00F0003B0F0BD0B6020B97C
S315900136A02F4B40F24A223149F1E700F11007384693
S315900136B00AF01DF938B92046FFF771FF0028EBD1C2
S315900136C06FF00A00E8E7237F06F0040603F0030390
S315900136D0334302D194F9083013B301A938460AF05D
S315900136E0F5F8013011D02378019803F0F003102BEF
S315900136F02BD10DF1030100F0B1FDD8B19DF9030075
S3159001370010F10F0F08BF0020C6E72046FFF747FFCD
S315900137100028C1D1237FDB07D2D46FF00600BBE727
S31590013720A26901A938460AF0AFF80130DBD16FF0F2
S315900137300200B1E7019B1A89636A13B10121204600
S315900137409847019B00202B60A6E730B9044B40F2C5
S3159001375091220749044816F09FFC019B1B68EAE7F2
S3159001376057180390481A039021180390661A0390EC
S31590013770811A0390F0B5044689B010300F4616466B
S315900137800AF0B5F800283CD094F91C20237F002A32
S3159001379012DA03F07F032377636A1BB100220121BA
S315900137A02046984763682BBB2046FFF7F8FE051E17
S315900137B008BF6FF00D0518E0324639462046FFF7EF
S315900137C05BFF054688B932073F6805D487B13989C9
S315900137D06A462046FFF714FD3FB9F306DCD5237FF1
S315900137E06FF0060563F07F032377284609B0F0BD95
S315900137F00121EDE7012120466FF00E05FFF722FD2D
S31590013800F3E76FF00A05F0E7F7B505460E4659B9A5
S31590013810214B40F2633221496FF00F05204816F093
S315900138203BFC284603B0F0BD00270F6020B91A4B28
S3159001383040F265321B49EFE7037803F0F003102B52
S3159001384024D10720019702F0D9FA0446D8B1284627
S315900138503A4601A9FFF78EFF054620B1214607207A
S3159001386002F0FAFADDE7019F37B90B4B40F2793254
S315900138700D490B4816F010FC0023C4E90077A3818B
S31590013880A3603460CDE74FF0FF35CAE73A4603B0FF
S31590013890BDE8F040FFF7F0BE57180390481A039021
S315900138A021180390661A03907B26039010B5034660
S315900138B086B058B9174B40F2045217496FF00F046E
S315900138C0164816F0E9FB204606B010BD21B9114BFA
S315900138D040F205521249F1E701A80DF10302029354
S315900138E00592CDE9031000210AF009F804468DF8F6
S315900138F003000028E7D1049A02A90A4801F07CFA4C
S31590013900044604980AF030F8002CDCD19DF9034066
S31590013910D9E700BF571803908D1A03902118039089
S31590013920B11A0390C94A01902DE9F0470646174608
S315900139301D46BDF820800C4629B9214BE522214927
S31590013940214816F0A9FB06B37368A34228D106F164
S315900139501009484609F0CBFFE8B1072002F04EFA6C
S315900139600446C0B1C0E9007705B12D682146A5602E
S315900139704846A4F80C803D8909F07CFF0146B0B118
S315900139802046BDE8F04701F0E1B80D4BE6220F491C
S315900139900D4816F081FB3846BDE8F04702F0E6BCCB
S315900139A0074BEE220A49084816F076FBCFE7736A71
S315900139B023B12A463046BDE8F0471847BDE8F0875F
S315900139C0D51A0390071B039021180390291B039086
S315900139D0481B039010B544680146204603F066FBE8
S315900139E02046094903F066FB2046084903F07AFB15
S315900139F020460749022203F0ABFB20460549BDE864
S31590013A00104003F087BB00BFF53F01908D3F0190B9
S31590013A10153F0190B540019070B5164604460028B1
S31590013A2044D04378032B06D0224B40F223522249AD
S31590013A30224816F031FB236A4BB9237F5B0706D4E4
S31590013A401C4B40F224521E491C4816F025FB256A50
S31590013A5015B12E712D680C35237803F0F003102BD8
S31590013A6003D116B92046FFF7B5FF237F23F0040251
S31590013A7013F00406227708D14DB90E4B4FF4A66286
S31590013A8010490E4816F008FB01E0002DF5D10022F1
S31590013A90636A2262627013B10221204698470EB181
S31590013AA0002070BD284609F05CFFF9E76FF005002C
S31590013AB0F7E700BFD51A0390661B03902118039070
S31590013AC0851B0390C21B0390D36821B9FA21197003
S31590013AD0906809F046BF002018705368096819600C
S31590013AE0F6E700002DE9F84F8946044630B9874B31
S31590013AF040F273628649874816F0CEFA6378012BB5
S31590013B0006D0824B40F274628349824816F0C4FA19
S31590013B10236A33B97D4B40F2756280497D4816F030
S31590013B20BBFA636833B9794B40F276627C4979483E
S31590013B3016F0B2FA236AD3E905329A4206D3734B49
S31590013B4040F277627749734816F0A6FA236A9B8901
S31590013B5033B96E4B40F2796273496E4816F09CFA0E
S31590013B60236A267F1F7F06F00206DFF8A8B107F0C9
S31590013B7004031E43216A65688A680B691068B5F863
S31590013B80645000EB030A5068A0EB0308B8F5803F38
S31590013B902ABF4FF6FF721FFA88F247F00207AA4230
S31590013BA069D9002E39D0002D39D18B69002B14BFDC
S31590013BB04FF0000A6FF0060A236AD3E905329A425A
S31590013BC077D2636A1BB10022032120469847237F4F
S31590013BD043F010032377BAF1000F7ED1236AD3E91C
S31590013BE005329A4277D0003E18BF0126606806F0EA
S31590013BF069FB043040F087806FF0030A236A1868E6
S31590013C0083F804A0002323626370B9F1000F02D0F8
S31590013C100C3009F0A6FE00206AE047F002072B441B
S31590013C20984206D2394B40F2A3624049584616F063
S31590013C3033FA4FF6FF739D4202D1B8F5803F07D212
S31590013C401FFA88F8A84518D1236A9B89012B14D9A4
S31590013C5047F002074FF0010851463B462A466068F5
S31590013C6005F0E0FD824658B1431CDBB2012BC5D865
S31590013C704FF0FF3A1BE01546D1E74FF00008EBE70E
S31590013C80236A9A6999682A449A611A6915444A6815
S31590013C9095421D6107D19A89013A92B29A8112B1E0
S31590013CA0083118619960B8F1000F7FF463AF002E67
S31590013CB082D16368B3F86420B2F5866F03D3B3F803
S31590013CC06630042B87D9636A002B84D000220321A6
S31590013CD0204698477FE7012688E7BAF1FF3F0FD143
S31590013CE0606806F0EFFA043086D01EB94FF0FF30C7
S31590013CF0BDE8F88F236A9B6913B14FF0000A7DE7FF
S31590013D006FF0060A7AE7002EF7D1EFE7D51A0390FE
S31590013D10DF1B039021180390EC1B0390091C039061
S31590013D20231C0390391C0390781C0390A01C0390CC
S31590013D302DE9F0478A46044630B96B4B40F2A232E0
S31590013D406A496B4816F0A8F9237803F0F003102B13
S31590013D5006D0654B40F2A3326649654816F09CF948
S31590013D606378042B06D0604B4FF4697262496048C0
S31590013D7016F092F9636833B95B4B40F2A5325F490D
S31590013D805B4816F089F9236A33B9574B40F2A6324C
S31590013D905B49574816F080F9236A65681B7A032BAD
S31590013DA003F0010903F002080FD0B9F1000F05D015
S31590013DB02B7D5A1F012A08D9082B06D0B8F1000F7E
S31590013DC04DD06F8B17F0100704D00127002128469C
S31590013DD003F06CF92B7D012B43D10021284603F08A
S31590013DE0B1F9002F5AD0284603F098FD0646236A6A
S31590013DF040B1421C07D15B7A002B55D11FB12846A1
S31590013E0003F0C2FB0026236A1D681E7100232362FC
S31590013E106370CEB937B1636A66601BB132460421CD
S31590013E2020469847B9F1000F05D0636A1BB100226D
S31590013E30204611469847B8F1000F05D0636A1BB129
S31590013E400022022120469847BAF1000F03D005F1CE
S31590013E500C0009F086FD00263046BDE8F0874746FE
S31590013E60B8E7B9F1000F07D00021284603F022F9EF
S31590013E700021284603F066F9B8F1000F03D000211E
S31590013E80284603F02FF94FB100222846114603F038
S31590013E905FF90021284603F03DF9A4E742464946D9
S31590013EA0284603F001FEA1E72B7D012B06D10E4B8F
S31590013EB040F2414213490E4816F0EEF8B8F1000F60
S31590013EC003D01149284603F00DF9012228460F49DE
S31590013ED003F03EF928460E4903F01CF9214628467F
S31590013EE003F0E4F8B8E700BFD51A03909D19039043
S31590013EF021180390CB1C0390E91C03900D1D039090
S31590013F00091C0390201D03908D3F0190153F019050
S31590013F10B540019010B5044630B9194B4FF4B572BE
S31590013F201849194816F0B8F8617801291BD120462D
S31590013F30FFF7D8FD237FDA0613D562688AB1B2F806
S31590013F406410B1F5866F0CD3B2F86620042A08D8AE
S31590013F5023F010032377636A1BB1002202212046C6
S31590013F609847002010BD0429E4D1226A1AB1537AE8
S31590013F700BB1013B537201212046FFF7D9FED9E7D8
S31590013F80D51A0390DF1B03902118039038B5154677
S31590013F900446D0B14178012920D1FFF7A3FD63688A
S31590013FA0D3B1B3F86420B2F5866F15D3B3F8663002
S31590013FB0042B11D8237F23F010032377636A5BB117
S31590013FC02A4602212046984706E0074B40F2931273
S31590013FD00649074816F060F8002038BD0429DED15D
S31590013FE00121FFF7A5FEDAE7D51A0390DF1B0390AF
S31590013FF021180390F8B5054614461F460E4631B969
S31590014000254B4FF496722549254816F045F8F5B992
S31590014010214B40F22D122349214816F03DF8BFB9A4
S315900140206FF00500F8BD64B126892146384609F03E
S3159001403021FC014640B96B6A63B3324628469847DC
S3159001404028E0194C0026F0E74FF0FF30EAE747B138
S31590014050114B4FF497721549114816F01DF8002D22
S31590014060DED06B68B34206D00B4B40F23512104945
S315900140700B4816F011F805F11007384609F037FC90
S315900140800028D0D134B13046218902F097FF2046DD
S3159001409002F06CF90020C5E7D51A0390431D0390F1
S315900140A021180390651D0390D84A0390841D0390AF
S315900140B09C1D03902DE9F0410D46044630B9424BC3
S315900140C04FF4DC724149424815F0E6FF09F094FC41
S315900140D0237F0027667843F0010325726760237773
S315900140E0677009F095FC636A1BB13A460421204634
S315900140F09847636A1BB10022204611469847636A26
S315900141001BB1002202212046984705F10F03DBB22D
S31590014110022B43D82F4A52F8237004F110084046D7
S3159001412009F0E5FB18B13946404609F0A3FB04F1C5
S315900141301408404609F0DBFB18B13946404609F0B0
S3159001414099FB012E02D0F31E012B30D8237F23F049
S3159001415004025B07227735D4236A33B91A4B4FF49D
S31590014160F3721D491A4815F097FF042E236A08BF6A
S3159001417000251D711D680C35284609F0F8FB30B9EC
S31590014180114B40F2EF121549114815F085FF0023A6
S3159001419028462362BDE8F04109F0E3BB2DB10A4BF5
S315900141A07D220F490A4815F077FF0027B5E7236A64
S315900141B043B1054B40F2F7120A490548BDE8F04173
S315900141C015F06ABFBDE8F081D51A0390DF1B039005
S315900141D021180390CC4A0390091C0390CA1D0390A1
S315900141E0BA1D0390E31D03902DE9F0410F46144645
S315900141F00646A8B100F11008404609F078FB78B15F
S3159001420022464FF42071002002F0D0FB054638B1CA
S31590014210072001F0F3FD044628B9284602F0A6F8D6
S315900142200020BDE8F0810C4B01461B69C0E90055A1
S3159001423083603B7C2D898381404609F01BFB0146B7
S3159001424018B1204600F082FCEAE7736A002BE7D0AA
S315900142502A4630469847E3E7F41D012438B50546CA
S315900142600C4629B90C4B85220C490D4815F014FFC3
S315900142700C4B9D4203D1F3230120237038BD0A4B89
S315900142809D4201D1F223F7E7084B9D4201D1F123DB
S31590014290F2E70020F2E700BFD51A0390FD1D0390C7
S315900142A021180390DA4A0390D94A0390D84A039089
S315900142B038B50023056804460371686850B92B78B0
S315900142C003F0F003202B16D0402B04D0102B22D0D4
S315900142D0FA23237138BD217A02F0E8FC22686860DE
S315900142E0506830B1114902F019FC23685B68002BC4
S315900142F0F0D1FF23EDE706F039FE22686860506839
S315900143000028F6D013780A49222B04BF012303749F
S3159001431006F0E6FDE9E703F04BFA6860206843682A
S31590014320002BE6D0FFF756FBDFE700BFE94101908E
S3159001433029390190F8B5054608200E4601F05EFD33
S315900143400446B0B1002305700372436005F0F00096
S31590014350202810D040280ED010280CD0154B40F2B2
S31590014360E5221549154815F097FE2146082001F0DA
S3159001437073FD00241BE004F110070621384609F06D
S315900143805DFA01460028F0D104F10C0009F0B7FA64
S31590014390054618B1384609F063FAE6E704F11400C8
S315900143A009F0AAFA6570A5612577C4E908562046F1
S315900143B0F8BD00BFD51A0390091E039021180390EA
S315900143C038B54368044633B1164B4FF447721649D4
S315900143D0164815F061FE04F1100009F088FA30B123
S315900143E0104B40F223321249104815F055FE04F154
S315900143F0140009F07CFA30B10A4B40F226320D498D
S315900144000A4815F049FE04F10C05284609F0ACFA64
S31590014410284609F0B1FA21460820BDE8384001F056
S315900144201BBD00BFD51A03902F1E03902118039030
S315900144305D1E0390971E039073B500F11005044617
S31590014440284609F054FA58B101A9284609F03EFACE
S31590014450013018D1284609F003FA284609F04CFA9A
S315900144601434204609F043FA58B101A9204609F0BF
S315900144702DFA01301AD1204609F0F2F9204609F0B9
S315900144803BFA02B070BD2378019803F0F003102B2C
S3159001449009D10DF10301FFF7E1FE0028D4D101986E
S315900144A001F064FFD0E700F051FBCDE70DF1030178
S315900144B00198FFF7D3FE06460028D6D1019D2846DE
S315900144C0FFF7BAFF686810B103F05EF86E60284690
S315900144D0FFF776FFC9E70000F8B50F461546044683
S315900144E088B100F11406304609F001FA58B177B94E
S315900144F02F49304609F0BEF9024620B9636A13B1D5
S315900145000146204698476FF005063046F8BD35B10D
S31590014510284B40F22A222849284815F0BDFD616AA8
S315900145202078FFF707FF054668B92149304609F01B
S31590014530A1F9024620B9636A13B10146204698470C
S315900145404FF0FF36E1E74760FFF744FA30462946D8
S3159001455009F090F9064618B36C680021204602F0DE
S31590014560A5FD2046002102F0A5FD2046002102F07E
S31590014570B9FD00222046114602F0EAFD00212046AF
S3159001458005F1100402F0C6FD002320466B6009F088
S3159001459067F9204609F0B0F92846FFF711FFCFE7F2
S315900145A0636A002BB1D00246014620469847ACE794
S315900145B0DA4A0390D51A0390D31E039021180390DB
S315900145C0036870B55D780446DDB11B7803F0F0039E
S315900145D0102B06D03A4B40F25E423A493A4815F0D2
S315900145E05BFD022D23680CD0032D02D11B7F5B0747
S315900145F007D4FB2323712068BDE870400C3009F085
S31590014600B6B9002520682571FFF716FF2268506814
S3159001461058B1137803F0F003202B17D0402B12D00A
S31590014620102B17D0236800225A602068436A13B171
S315900146300022114698472068436A002BDBD000225E
S3159001464002219847D7E702F003FBEBE7C56106F035
S3159001465059FCE7E7136A33B1194B40F294421B496F
S31590014660194815F019FD206804230021437003238E
S3159001467023720462FFF75CFB08B323685B78042B13
S3159001468006D00F4B40F29A4211490F4815F004FD9E
S31590014690104809F095F9206800210C3009F046F987
S315900146A00C4809F088F923685B7843B1044B40F2D2
S315900146B09E4207490448BDE8704015F0EDBC70BDB7
S315900146C0D51A0390FA1E0390211803900E1F03909A
S315900146D0291F039058190124036810B50446586898
S315900146E040B11B7803F0F003202B0BD0402B04D064
S315900146F0102B0CD06FF0050002E0A16802F0F8F9DA
S31590014700207110BDA289A16806F00EFAF8E7A28978
S31590014710A16802F061FBF3E7026870B50446506840
S31590014720002856D0137803F0F003202B12D0402B9B
S315900147300BD0102B13D02B4B40F27D522A492B488C
S3159001474015F0AAFC6FF0050002E0A16802F0D9F914
S31590014750207170BDA289A16806F088FBF8E75378AD
S31590014760032B39D0002B3AD11046FFF733F9206845
S315900147701F4BA289A168406802F046FD0028E7D147
S3159001478022680321137F517013F0020505D043F07F
S3159001479004036FF004001377DAE723F0040314623D
S315900147A01448137709F00CF9206829460C3009F062
S315900147B0BDF8104809F0FFF823685B78032BC8D140
S315900147C0084B40F274520C490848BDE8704015F008
S315900147D063BC6FF00E00BBE76FF00800B8E76FF0AF
S315900147E00900B5E7D51A0390301F0390211803905D
S315900147F0193A019058190124291F0390036837B576
S315900148000446586800284FD01A7802F0F002102A10
S315900148104CD15B78002B43D1037D1BB1FA238DF8E4
S31590014820073031E00DF10702FF2102F02BFB05461F
S3159001483050B32068103009F05AF838B1206810301A
S3159001484009F00EF82068103009F056F82068002318
S3159001485014308DF8073009F04AF830B920680621EE
S31590014860143008F0EBFF8DF807009DF9073083B9F6
S315900148702168022328464B704D6002F017FC23688D
S315900148800B49586802F05EFC9DF80730237103B01E
S3159001489030BD284603F042F8236800225A60F3E7B8
S315900148A0022B01D10023BAE7F523B8E7F023B6E747
S315900148B0D944019010B504460068FEF770FE78B9A8
S315900148C023685868F0B11B7803F0F003202B0DD0C4
S315900148D0402B17D1A268936811681BB902F0B5F9FC
S315900148E0207110BD083202F089F9F9E7A268936840
S315900148F0116813B906F098FAF2E79389083206F02F
S3159001490057FAEDE76FF00A00EAE7F8B50023044697
S31590014910037103685A6892B11B7803F0F003102B68
S315900149200DD185684FF6FF77BD422E46236828BF85
S315900149303E465868B1B202F041FBAD1BF4D1F8BDC9
S3159001494010B504460068FEF72AFE00284AD123686E
S315900149501A7802F0F002102A42D15A78002A43D1ED
S315900149605A68002A43D001225A701B6A33B1214BEF
S3159001497040F223722049214815F08EFB636933B9C1
S315900149801C4B40F224721E491C4815F085FB206889
S3159001499000210462FFF7A6F828B323685B78012B00
S315900149A006D0144B4FF4E5621649144815F074FB82
S315900149B0154809F005F8206800210C3008F0B6FF7B
S315900149C0114808F0F8FF23685B78012B0BD1094B4E
S315900149D040F22C720B490948BDE8104015F05CBBBA
S315900149E06FF00500207110BD6FF00400FAE76FF0CB
S315900149F00A00F7E7D51A03900E1F0390211803902A
S31590014A00451F0390291F03905819012410B5044698
S31590014A100068426843785AB1027802F0F002102A8F
S31590014A2006D1227A032A01D0022B01D0032B02D17F
S31590014A30F523237110BD012B01D1FB23F9E7D30790
S31590014A4001D5FFF7F9FC23681B6A33B1194B40F284
S31590014A50BD721949194815F01FFB206804230021DE
S31590014A6043700462FFF764F90028E3D023685B780A
S31590014A70042B06D00F4B40F2C27211490F4815F024
S31590014A800BFB104808F09CFF206800210C3008F0C1
S31590014A904DFF0C4808F08FFF23685B78002BC9D037
S31590014AA0044B40F2C67206490448BDE8104015F021
S31590014AB0F3BA00BFD51A03900E1F039021180390E5
S31590014AC0291F03905819012473B50025C668044619
S31590014AD003460095124AD0E9000100F01DFD3070A1
S31590014AE0E36893F90030053318D10E4808F068FF52
S31590014AF02946A06808F01AFF0A4808F05CFFE368A7
S31590014B0093F90030053309D1074B40F671020749F5
S31590014B10074802B0BDE8704015F0BEBA02B070BD4C
S31590014B20C93A019058190124D51A0390591F039037
S31590014B302118039010B5072001F060F9044618B1C9
S31590014B401022002115F0ECFA204610BD10B504464E
S31590014B5060B1006820B101F009FC0023C4E900337B
S31590014B6021460720BDE8104001F076B910BD00003E
S31590014B7038B50D46044638B9104B6822104911488C
S31590014B8015F08AFA002038BD006808B101F0EEFBF5
S31590014B904FF420722946362001F052FC20600028FD
S31590014BA0F0D04389AB4205D2044B7222064905489F
S31590014BB015F072FA236858686360E4E77E1F0390E4
S31590014BC0AF1F039021180390C91F039008B540B9F0
S31590014BD00F4BC6220F49104815F05EFA6FF00F0081
S31590014BE008BD19B90A4BC7220C49F4E71AB9084B03
S31590014BF0C8220B49EFE7436833B15B680B604368A2
S31590014C0000205B891380EBE76FF00100E8E700BFB6
S31590014C107E1F0390ED1F03902118039006200390A9
S31590014C202320039008B540B9094BE02209490A4867
S31590014C3015F032FA4FF0FF3008BD43681B68002B20
S31590014C40F8D043601868B0FA80F04009F4E700BFE5
S31590014C507E1F03903C2003902118039083B52C4826
S31590014C6008F0A9FE2B4B1B6813B12B4A1068984785
S31590014C70274D2A4F2A4E05F063FE431C044613D155
S31590014C80284608F09DFE002201A9384608F0FCFD51
S31590014C90284608F090FE019CCCB9334691222149D1
S31590014CA0214815F0F9F9E6E710B905F027FEE2E794
S31590014CB0284608F085FE224601A9384608F0E4FD0B
S31590014CC00446284608F077FE0134EED0E3E72378D0
S31590014CD0012B0FD0022B13D0B3B96068D4E902131C
S31590014CE0984710B1606801F041FB21460A2001F016
S31590014CF0B3F8C0E7D4E90130984721460920F6E791
S31590014D00D4E901309847B6E73346CF22C7E700BFCB
S31590014D105819012464190124601901245C1901248C
S31590014D20552003908520039021180390F8B50746E6
S31590014D3010480E46154608F0DAFD28B90E4BFC22AE
S31590014D400E490F4815F0A8F90A2001F057F80446C4
S31590014D5068B100230146C5600370C0E90176054834
S31590014D6008F088FD28B121460A2001F075F84FF028
S31590014D70FF30F8BD5C19012455200390A3200390C0
S31590014D802118039091F8313013F0180F14BF024A8D
S31590014D90024AFFF7CBBF00BF2DD70190FDCA019004
S31590014DA070B5064610480D4608F0A1FD30B90F4B77
S31590014DB040F25D120E490F4815F06EF9092001F087
S31590014DC01DF8044660B1012301460370C0E90165EF
S31590014DD0054808F04FFD28B12146092001F03CF81D
S31590014DE04FF0FF3070BD00BF5C1901245520039030
S31590014DF0A32003902118039070B5064E0D460446E4
S31590014E00304608F0D8FD2846A047304608F0D8FD30
S31590014E10002070BD5819012437B505460C4600F09F
S31590014E20FCFC124B062112481D60124B1C6008F0C7
S31590014E3005FD30B1104B40F261221049104815F032
S31590014E402BF9104808F0A8FD30B10B4B40F26522C2
S31590014E500D490B4815F020F900224FF480630B4958
S31590014E6000920B4808F0AFFD03B030BD64190124E0
S31590014E705C1901246019012455200390B0200390F8
S31590014E802118039058190124D32003905D4C019069
S31590014E90F420039040BA80B2704700BA7047F0B5DB
S31590014EA00446064616F8015B11F8013B9D4209D06E
S31590014EB045F02000A0F16107192F0AD843F020038D
S31590014EC0984206D1931BE01802D0002DEAD12846CC
S31590014ED0F0BD0120FCE70000F8B504460F46204DD1
S31590014EE000262B6863B12A7AA24209D14FF4887CB5
S31590014EF01C486A6839460CFB0400984700232B60CE
S31590014F0003360C350C2EECD1174B4FF488700021DB
S31590014F101A4600FB0430CDB2AC421BD09D7A022DCD
S31590014F2018D1DE7BC57BAE4214D10423C3734FF4F3
S31590014F30887303FB0424E37B032B0AD80B4D55F8A6
S31590014F40230005F0DFFFE37B002245F823200423AD
S31590014F50E373F8BD013103F588730429DBD1E6E7E4
S31590014F6070190124B0190124A0190124E41D01240A
S31590014F702DE9F04F4FF48873494F87B0804603FB74
S31590014F800073DB7A012B06D9464B40F2FA22464949
S31590014F90464815F081F84FF48874DFF818A104FBA0
S31590014FA008F43D19EB7A5AF823603EB931464046EA
S31590014FB0FFF792FFAE7207B0BDE8F08F10343C4414
S31590014FC0204615F009F800F112014FF420723620AF
S31590014FD089B201F035FA06460028ECD000232889DB
S31590014FE0013C0593CDE90333FFF754FF01230C22CE
S31590014FF0ADF80C008DF80E304FF480730DEB020175
S315900150003046ADF8103001F031FC0C210134002509
S31590015010A34623782E2B0ED1EAB24FF6FE7351FAA0
S3159001502085F5A4EB0B099D421FFA89F909DD3046F6
S3159001503001F09CF9BFE76A1C002BEDD001341546AF
S31590015040E7E73046019101F0E0FC0199ADB24A469D
S315900150504B1C304659469BB201F068FC691C22787C
S3159001506089B2002AD2D13046023501F0CEFC4FF0FA
S31590015070012302A9042202933046ABB201F056FCF9
S315900150804FF488730A48314603FB08773523FA7A39
S31590015090FC7B0AEB820250F8240005F089FEC6E7F4
S315900150A0A019012401210390302103902118039026
S315900150B0E41D012468190124042870B5044606D11B
S315900150C0324B40F21C423249324814F0E5FF324DE0
S315900150D04FF4887303FB0452927A032A4DD8DFE882
S315900150E002F04002214314F06FFF2B4B80B2002255
S315900150F0997A022902D119898142F4D0883203F52D
S315900151008873B2F5087FF3D14FF48873022203FBBB
S3159001511004535A81012218819A812046BDE8704034
S31590015120FFF726BF03FB04531A7B013AD2B21A73D7
S31590015130BAB95A7B0132D2B2042A5A7312D1DA7AA7
S315900151402AB9164A526812B10122DA72E4E70021AD
S315900151502046FFF7C1FE4FF48873002203FB0453E8
S315900151609A7270BD1A73D8E76343EA58002AF2D04F
S31590015170013AEA50002AEED0F3E7044B40F25B4243
S3159001518007490448BDE8704014F086BF0121039099
S315900151904821039021180390A0190124681901242C
S315900151A0622103902DE9F04F1E4613898BB0154667
S315900151B00F2B40F25B8100230C2204A9284601F0B3
S315900151C013FB0C28044640F05181BDF810000027CE
S315900151D0FFF760FEB54B99469A7A022A40F05E81B6
S315900151E01A89824240F05A81BDF81400FFF752FEA7
S315900151F08046BDF81600FFF74DFE9DF912300090DE
S31590015200002B80F23381B8F1010F40F02F814FF4DA
S315900152108878DFF8A0A2326808FB07F809EB080343
S31590015220DB7A5AF823309A4240F0208108F1100631
S31590015230DFF884B24E442146284601F0D3FB00287C
S31590015240C0F214814FF6FF739C4200F00F8100F07B
S31590015250C0020134C02AA4B200F0088132189642E5
S3159001526040F0C0802146284601F0BCFB002806F19B
S315900152700106C0F2FB80DED14FF6FF72944200F038
S31590015280F580661CB6B2964200F0F0803346042251
S3159001529002A9284601F0A8FA042840F0E780BDF853
S315900152A00A30B3F5807F40F0E180BDF80830B3F560
S315900152B0807F40F0DB804FF6FB739E4200F2D680F2
S315900152C09DF81330FEB21B0740F0B08005344FF6BF
S315900152D0FF7AA4B2009B002B00F0AE802B89A342EB
S315900152E040F2AA802146284604F1010B01F07AFB8F
S315900152F0041E1FFA8BFBC0F2B980BBF1000F00F0C0
S31590015300B58004F0C003C02B00F0B4805C442B89B7
S315900153109C4280F2AB80A4B22846214601F062FB02
S315900153200028C0F2A380DDD1544500F09F8004F19E
S31590015330010B1FFA8BFBD34500F098805B460A223E
S3159001534007A9284601F050FA0A2840F08F804FF6B7
S31590015350F5739B4500F28A80BDF81E3004F10B0B64
S31590015360BDF82400B3F5807F1FFA8BFB40F0848053
S31590015370BDF81C30B3F5807F7ED1B0F5806F7BD1BF
S315900153805B46042203A9284601F02EFA04286DD122
S315900153904FF48879454C039B284609FB07F904EBA2
S315900153A0090ACAF8043000F0E1FF0898FFF775FD85
S315900153B0032308F104018AF80A303D4B21449842AF
S315900153C094BF44F8090044F809303046FFF784FD4C
S315900153D054F80930002B3CD19AF80A30032B38D176
S315900153E0534634E021462846019201F0FBFA002803
S315900153F03CDB16F8011BC0B2019A4FF6FF731BF8FE
S3159001540001C00CF0030CBCF1010F1BF800C00CF0AD
S31590015410030C08BF2031BCF1010F08BF2030814237
S3159001542024D19C4222D00134A4B218E74FF4887358
S3159001543003FB0793DA7A7AB1284600F097FF0021A9
S315900154403046FFF749FD4FF4887303FB079300221B
S315900154509A720BB0BDE8F08FDAF80420002AEBD0EF
S3159001546040F2013230469A81FFF726FE284600F037
S315900154707DFFEEE75C4657E7FFF70CFD5844B0F524
S31590015480803FF3DABDF82400FFF704FD009B00EBA3
S315900154900B04013BA4B29BB200931BE7013703F5C2
S315900154A08873042F7FF498AEE0E700BFA01901241A
S315900154B0803A090068190124896A049070470000AE
S315900154C0012804D8044B19B10A6843F82020704783
S315900154D0024A1268F9E700BF68190124184C039033
S315900154E001289ABF024B03EB80000248704700BF28
S315900154F068190124184C039008B50020FFF7DCFDCC
S315900155000120FFF7D9FD0220FFF7D6FD0320BDE864
S315900155100840FFF7D1BD00002DE9F74F05469146AA
S315900155209B468A46002900F0A380002800F0A080BF
S315900155300378002B00F09C8014F04EFDFF2807465F
S3159001554000F296805146284607F050FC0646B0B9BF
S31590015550804C2346A0469A7A032A14D103F110016E
S315900155604FF4807228460193FFF799FC019B50B93D
S315900155704FF4887303FB06835B68CAF800300020FA
S3159001558003B0BDE8F08F013603F58873042EE2D19E
S31590015590714B1B68002B6ED0DFF8B8A100269AF8E4
S315900155A00A30022B28D001360AF5887A042EF6D1D4
S315900155B0DFF8BCA100239AF800109C46A27AD8B2D3
S315900155C0002A79D0032A06D1A27B8A1AD2B26245E1
S315900155D084BF06469446013304F58874042BEDD1B5
S315900155E0032E06D84FF4887404FB0684A37A032B02
S315900155F067D04FF0FF30C3E74FF480720AF1100184
S315900156002846FFF74CFC0028CDD14FF00C0E534B9A
S315900156100EFB00F15A5801EB030C42B943F8019085
S31590015620CCF804B08CF808606FF00400A8E701305C
S315900156300428EDD1B7E74BF829706FE05FFA89F549
S315900156404749384605F04CFC4BF82970454B304696
S31590015650E5731D709AF8003001338AF80030FFF730
S315900156602BFDE1E708F10108B8F1040F2ED1C0E74F
S315900156706FF00F0084E76FF0050081E72E2005F0AB
S3159001568075FC07460028D6D0374D14F09DFC82B2A2
S31590015690B2F5806FF9D32946384605F045FA10F1EF
S315900156A0080F0246F1D00028C8D0384605F02AFCEA
S315900156B000234BF8293031E04FF48872064602FBFD
S315900156C003844FF000084FF00C0E244A0EFB08F0AD
S315900156D0135800EB020C002BC4D14FF0010E42F887
S315900156E00090A1733A46294604F1100084F80AE025
S315900156F027440193CCF804B08CF8086014F050FD5F
S31590015700019B1A4A99463B74934652F8043B002BE7
S31590015710B4D009F10109B9F1040FF6D1114B1D78F5
S3159001572004230135EDB2042D28BF00255BF8252011
S31590015730002A8BD1013B013513F0FF03EDB2F2D173
S3159001574004220649A372E2730C2202FB08F28B50E3
S315900157504FE700BFA019012468190124701901248B
S31590015760A5510190E11D0124184C0390E41D0124DB
S31590015770E01D012430B510F001044FF0000306D06E
S31590015780994220DD10F8012B013962F31F23002283
S31590015790012913DC03D1017861F307039BB213440A
S315900157A09AB202EB134398B200EB134024B1030271
S315900157B0C0F307209BB2184380B230BD30F8025B2C
S315900157C002392A44E4E71A46E9E708B5FFF7D2FF1A
S315900157D0C04380B208BDF8B500260546344645B9A2
S315900157E026B12302C4F307249BB21C43E04380B243
S315900157F0F8BD6F8968683946FFF7BCFF0444A3B2C8
S3159001580003EB1444FB0706D52302C4F3072486F061
S3159001581001069BB21C432D68E1E708B508F0B0F884
S3159001582000F00EF800F0C6FA00F076FB05F09AF853
S3159001583001F0AEFAFFF742FEBDE8084005F04CB81C
S31590015840114B4FF02820114A114910B513604FF4AE
S3159001585020521A6000221A710E4A0A600E49C1F846
S31590015860000801210D4811710D4A136008F094F852
S3159001587040B10C4B40F21F220B490C48BDE8104039
S3159001588014F00ABC10BD00BF00A00030181E012400
S31590015890141E012400C8003000C00030101E0124DF
S315900158A00C1E012481210390B021039021180390AD
S315900158B02DE9F0410446002800F0B48083070CD00E
S315900158C0594B40F273225949594814F0E5FB08F0B7
S315900158D093F8BDE8F04108F09BB8DFF88081A0F11C
S315900158E00805D8F80030AB4205D8524F00F10C03A9
S315900158F03A689A4204D24C4B40F27F224E49E3E7F2
S315900159004E4808F058F814F8043C53B9464B4FF4F6
S3159001591023724B49464814F0BFFB484808F050F8AB
S31590015920D5E734F8082CD8F80010B2F5205F34F892
S31590015930060C10D8B0F5205F0DD86B1A9BB2834236
S3159001594002D0085A984206D10A443868824207D052
S3159001595052889A4204D0344B40F295223949D9E77C
S315900159600023394E04F8043C3368AB4288BF356056
S315900159708D4206D22C4B40F2DF1234492C4814F05A
S315900159808BFB3B689D4206D3274B4FF4F07230490F
S31590015990274814F081FB14F8043C33B1224B40F2B2
S315900159A0E1122C49224814F077FB34F8083CB3F500
S315900159B0205F06D91C4B4FF4F27227491C4814F00C
S315900159C06BFBD8F8003034F8081C5A18954211D060
S315900159D0107978B9386882420CD0306882425A5A26
S315900159E008BF3560B2F5205F24F8082C1EBFE91A6E
S315900159F0D218518034F8062C99188D420DD0087919
S31590015A0058B93068854208BF316034F8081CB1F541
S31590015A10205F99521CBF5B185A800848BDE8F04137
S31590015A2007F0CEBFBDE8F08181210390CB21039091
S31590015A3021180390141E0124EC210390101E0124B9
S31590015A40052203902B2203900C1E01245D220390C4
S31590015A50742203908E220390A9220390181E01248A
S31590015A602DE9F84FCC1C054624F00304A4B20B2C67
S31590015A7004D9B4F5205F02D900251FE00C24A14278
S31590015A80FAD8DFF84481D8F80030AB4203D8464BB8
S31590015A901B68AB4206D8454B40F2D1224449454852
S31590015AA014F0FAFAD8F80030AB4203D83E4A12689D
S31590015AB0AA4206D807F0A0FF07F0AAFF2846BDE83C
S31590015AC0F88FA5F1080635F8087CF61A083FB6B2A4
S31590015AD0BF1BBFB2A74235D3F0D0374807F06BFF53
S31590015AE035F8089CD8F800B00BEB090A9AF80430FF
S31590015AF083BBB9F5205F06D12C4B40F2F5222F4995
S31590015B002C4814F0C9FA2E4806F10803D8F800205B
S31590015B10234404683BF8097099B2544512FA83F309
S31590015B2008BF03600020187157525E8025F8081C43
S31590015B30535AB3F5205F01D01A4451801E4807F09D
S31590015B403FFFBBE7194B4FF439721E49194814F0C0
S31590015B50A3FA91E704F114039BB2BB42EED806F186
S31590015B600803B9F5205F1C44A4B206D10F4B40F24D
S31590015B70163212490F4814F08FFAD8F800301049AE
S31590015B801A190868904288BF0A600021117135F888
S31590015B90081C1953568025F8084C1A5BB2F5205FFC
S31590015BA01CBF9B185C80C9E7141E012481210390B8
S31590015BB0D322039021180390101E01240A230390E7
S31590015BC00C1E0124EA220390181E01242DE9F843A4
S31590015BD040B1C41C24F00304A4B20B2C04D9B4F52F
S31590015BE0205F02D900206BE00C24A042FAD8DFF89E
S31590015BF020916FF00707DFF81C813D4807F0DBFE27
S31590015C00D9F80020D8F80060C4F52050B61AB6B27B
S31590015C10864203D3364807F0D3FEE3E79519915BA5
S31590015C202B79002B61D1BB1B0B44A3425DD304F1AD
S31590015C301402934246D304F108073744BFB2B7F52D
S31590015C40205F06D12B4B40F287322B492B4814F01B
S31590015C5023FAD9F800300021DA1911712988D9531C
S31590015C60568001222F802A71DA5BB2F5205F01D02E
S31590015C7013445F80D8F80030214EAB4225D00834CA
S31590015C801B4807F09DFE33682C44A34206D2194B5C
S31590015C9040F2B9321B49194814F0FEF9AB070DD001
S31590015CA0144B40F2BB321849144814F0F5F9114BD4
S31590015CB040F2BD321549114814F0EEF905F108008C
S31590015CC0BDE8F88301232B71D4E73268D9F8001027
S31590015CD0187938B19A4202D1C8F80020CFE71B88CB
S31590015CE00B44F5E7C8F80030C9E70E4690E700BFC8
S31590015CF0101E0124812103900A23039021180390F9
S31590015D00141E01241B2303904B2303907A230390A3
S31590015D10181E01240C1E012438B5044607F06CFEAA
S31590015D200546A3681C685CB122681A60A30706D071
S31590015D30054B4FF48C720549054814F0ADF9284688
S31590015D4007F066FE204638BD9D230390CD23039030
S31590015D502118039038B58B0705460C4606D0084B9B
S31590015D604FF4B6720749084814F096F907F044FEC5
S31590015D70AB681A6822601C60BDE8384007F048BEDF
S31590015D809D230390F02303902118039043680022EA
S31590015D908168033330B523F0030344880A60944243
S31590015DA000DC30BD0D6801321D6005880B602B4407
S31590015DB0F5E7000038B5054D0E24013C55F8040B66
S31590015DC0FFF7E4FFA4B2002CF7D138BDDC4A03906B
S31590015DD010B5044618B1BDE81040FFF79DBF044BBE
S31590015DE04FF49E720349044814F056F9204610BDAB
S31590015DF09D23039010240390211803900D2808B534
S31590015E0006D8084B53F82000BDE80840FFF784BF39
S31590015E10054B40F257120549054814F03DF900200B
S31590015E2008BD00BFDC4A03909D2303902224039072
S31590015E302118039008B139B97047044B40F2951275
S31590015E400349044814F028B9FFF784BF9D230390B2
S31590015E5010240390211803900D2806D9064B4FF470
S31590015E60D5720649064814F017B921B1054B53F876
S31590015E702000FFF76FBF70479D2303903F24039047
S31590015E8021180390DC4A03906FF00B0070470000D5
S31590015E9010B5044630B90C4B40F26D320B490C48A3
S31590015EA014F0FAF894F8313003F00502052A09D175
S31590015EB062683AB11B0705D5211D2046BDE8104001
S31590015EC006F00ABB10BD00BF5A2403908B240390A1
S31590015ED02118039073B5436815460A6804460E4621
S31590015EE09A4217D02B6001A92846019201F084FBB2
S31590015EF001A9284605F03CF801A9284600F0DAFEEA
S31590015F003368012120466360FFF7C2FFE3690BB155
S31590015F102046984702B070BD70470000F7B5144E01
S31590015F200446002914BF0D463546002A14BF17466C
S31590015F303746002B18BF1E462B68B3B901AA2946CE
S31590015F40FFF7C8FF01233A68A1688A42E16818BF42
S31590015F50A26032688A4218BFE26023B901AA294633
S31590015F602046FFF7B7FF03B0F0BD0023EBE700BF74
S31590015F70184C03902DE9F84F0B9E044650B93A4BB5
S31590015F8040F2271239493A4814F086F800242046FF
S31590015F90BDE8F88F26B9344B4FF494723549F2E740
S31590015FA00025DFF8E080344FC5600585002B08BFDA
S31590015FB03B4680F83150002A08BF3A46456200298F
S31590015FC008BF3946C561DFF8C0C0C0E901550A9DD1
S31590015FD0C0F814C0056298F8005080F834500C9DB2
S31590015FE00561FFF79BFF2046B0470028CED1234E8F
S31590015FF0DFF8749094F8343000273568FF2BDFF87A
S315900160008CB0DFF86CA004BF002384F834305DB9FE
S3159001601094F83430FE2B1CBF0133DDB2336888F817
S31590016020005023603460B2E7A54206D14B4640F258
S315900160308B125946504614F02FF80137FF2F06DD83
S315900160404B4640F28D120E49504614F025F894F8BD
S31590016050342095F83430934203D1013384F83430A7
S31590016060C8E72D68D3E700BF5A240390AE24039066
S3159001607021180390C7240390184C0390B8760124F5
S31590016080FD240390B3760124895E0190E92403905F
S31590016090014B1860704700BFB476012410B50446D1
S315900160A040B90D4B4FF454720C490D48BDE8104060
S315900160B013F0F2BF90F83130DA070CD443F00103B4
S315900160C080F83130C36903B1984720460321BDE872
S315900160D01040FFF7DDBE10BD5A2403902B25039087
S315900160E02118039010B5044640B90E4B40F29B32ED
S315900160F00D490E48BDE8104013F0CEBF90F83130EF
S31590016100DA070DD523F001021B0780F8312001D55E
S3159001611006F01CF9E3691BB12046BDE8104018470B
S3159001612010BD00BF5A240390472503902118039070
S3159001613000B1C1617047000010B5044640B90D4BDE
S315900161404FF478720C490D48BDE8104013F0A4BF86
S3159001615090F831305A070BD443F0040380F831306C
S3159001616005F020FD20460321BDE81040FFF790BEC3
S3159001617010BD00BF5A240390652503902118039002
S3159001618030B9084B40F206420749084813F084BFDC
S3159001619090F831305A0744BF23F0040380F8313028
S315900161A0704700BF5A2403908625039021180390C7
S315900161B0034658B1064A106800B9704790F83420E2
S315900161C00132D2B29A4201D00068F5E7704700BF1A
S315900161D0B876012410B143898B4202D902B111805C
S315900161E07047C91A006889B2F4E7000038B520B142
S315900161F0B1F5803F09D3012038BD134B40F2DF1230
S315900162001249134813F048FFF5E7A9B103898CB2F7
S3159001621013FA81F39BB2A342EDD390F90C50002D62
S315900162200CDA4268511A00F110029142E3D3428985
S3159001623041601444038144810020DDE7002ADAD0CD
S315900162404268511AF3E700BFA92503907B26039074
S315900162502118039008B507F0CFFB084B00221A705E
S3159001626007F0D6FB064B186800B908BD436F1BB102
S31590016270BDE8084001F060B8C068F5E7BC76012436
S31590016280CC76012422F04003012B70B506460D46CB
S31590016290144606D00A4B4FF4A5720A490A4813F0E0
S315900162A0FBFE0C20FFF7AAFD40B100230581458135
S315900162B043730473C0E900360123C38170BD00BFE7
S315900162C0A9250390D925039021180390033070B521
S315900162D020F00304BDF81400049D0E1986424FF078
S315900162E000000BD805B125441A73022219815A73FD
S315900162F001225981DA81C3E90005184670BD002251
S31590016300FFF774BF10B520B1B1F5803F09D30120D5
S3159001631010BD0E4B40F24B220D490E4813F0BCFEB8
S31590016320F5E781B18AB24389934204D2074B40F291
S3159001633055220949F1E79B1A446843810C44038924
S3159001634044609B1A03810020E2E700BFA9250390D0
S315900163507B26039021180390EB2503900B1E02DAFE
S315900163605942FFF7CFBF0122FFF740BF2DE9F04712
S31590016370044650B925462C4B4FF437722B492C487D
S3159001638013F08AFE2846BDE8F0870025DFF898804D
S31590016390DFF8A8A0DFF8989007F02EFBA37B0746BD
S315900163A033B9434640F2F1225146484613F074FE02
S315900163B0A67B3846013EF6B2A67307F029FB002E5E
S315900163C0E0D1627B26689207237B11D5236933B985
S315900163D0154B40F2FF221749154813F05DFE2369CC
S315900163E0204698470135EDB2002ECBD03446D3E7FF
S315900163F003F00F03022B04D121460D20FFF72CFD4C
S31590016400F0E7012B02D121460C20F7E71BB9204674
S31590016410FFF74EFAE6E7434640F20F320649484601
S3159001642013F03AFEDEE700BFA92503907B26039081
S31590016430211803901F260390402603900926039066
S31590016440B2F5C17F2DE9F04704460E46074614D0B2
S3159001645008D822F04003012B07D10020BDE8F04770
S31590016460FFF710BFB2F5207F4DD0374B40F2271280
S315900164703649374813F010FE22E00024DFF8E09009
S315900164802546A0460D20A246FFF7B8FC0446D8B98A
S31590016490304E07F0B1FA012337783370FFB207F027
S315900164A0B7FA4FB921462C48FEF77AFC20B107F08E
S315900164B0A3FA347007F0ACFA15B12846FFF756FFE8
S315900164C000252846BDE8F087FB1C0744C0F80080EC
S315900164D023F0030313370681C3F5147327F00307DB
S315900164E0C0F80C909BB24760B34228BF33464381B4
S315900164F03DB1CAF80000F31A00279EB2002EC1D111
S31590016500DFE70546F7E7C31CCA1C23F0030322F015
S31590016510030213449BB203F11000934280B2CFD38E
S315900165208242CDD8FFF752FB05460028C9D00444D4
S315900165300023068113340360084B24F0030446813B
S31590016540C3604460BDE700BFA9250390522603901E
S3159001655021180390BC7601245562019080000100B8
S31590016560820001002DE9F0470E46044630B9244BCE
S315900165704FF4CC722349244813F08EFD2789B742F4
S315900165803CD93546DFF87880DFF884A0DFF878903B
S315900165906289AA4219D3237B190727D1AA4225D00A
S315900165A0637B9B0722D461682046091B294489B2E3
S315900165B0FFF756FA0446C8B9114B40F2BD1213497A
S315900165C0114813F069FD6481FFDEAA1AF31B95B297
S315900165D02289134423812468002CD9D1434640F261
S315900165E0AF125146484613F057FDD1E720686581B1
S315900165F0258108B1FFF7BAFE00232360BDE8F08735
S31590016600A92503906D260390211803909D2603904A
S315900166108526039000235A1C08B998B270470068E2
S315900166201346F8E710B5044688B107F0E5F9A37B60
S315900166300133A37307F0ECF9A37B43B9044B40F202
S31590016640423204490448BDE8104013F025BD10BDFF
S31590016650A9250390B92603902118039070B50D468C
S31590016660044600B161B9154B40F2593214491548A7
S31590016670BDE8704013F010BD29890B44238114465F
S3159001668022682389002AF7D162899A420FD00B4B4F
S3159001669040F262320C490B4813F0FEFC236833B189
S315900166A0064B40F263320949064813F0F5FC2A89F4
S315900166B0238925601344238170BD00BFA9250390CA
S315900166C0CB26039021180390002703902D27039042
S315900166D010B50C46FFF7C2FF2046BDE81040FFF704
S315900166E0A1BF00002DE9F84F0C46054620B119B11E
S315900166F002890B899A420AD2344B40F2C932344903
S31590016700344813F0C9FC6FF00F00BDE8F88F0026EE
S31590016710DFF8B890DFF8CCB03746DFF8B8A0B5F817
S315900167200A806389A8EB070868689B1B61683844EF
S315900167309845314428BF98464246474413F030FD68
S315900167406B894644BB4206D24B4640F2D9325946F2
S31590016750504613F0A1FC6389B34206D24B4640F2F0
S31590016760DA321D49504613F097FC6389B3426B891F
S315900167709CBF24680026BB4208D12D682DB914B35D
S31590016780124B4FF479721549BAE700277CB16289A9
S3159001679023899A420BD123684BB10C4B40F2E932D3
S315900167A00F490C4813F078FC6FF00500ADE76A8944
S315900167B02B899A4205D12B681BB1044B40F2EE32DC
S315900167C0EEE7002CABD120469FE700BFA9250390A9
S315900167D03D27039021180390842703909F270390C8
S315900167E0AC2703906D2703902DE9F0410F46904613
S315900167F0054650B9194B40F20A42194900261948E3
S3159001680013F04AFC3046BDE8F08129BB134B40F2A8
S315900168100B421549F2E76C893BB19C4205D81B1B8B
S315900168202D689BB2002DF6D1ECE7E41A6968B81988
S31590016830A4B21944444528BF444622462644A8EBAF
S31590016840040413F0ADFCB6B22D681FFA84F8002348
S31590016850B8F1000FE6D1D5E70026F9E7A92503900F
S31590016860D627039021180390F52703902DE9F74F2A
S3159001687088461546044658B9254B40F2B3422549F8
S31590016880254813F009FC6FF00F0003B0BDE8F08FB7
S3159001689021B91F4B40F2B4422049F1E70389934253
S315900168A025D21B4B40F2B5421D491B4813F0F4FB10
S315900168B04FF0FF30E9E734B94B4640F2BD425146BD
S315900168C0584613F0E9FB628908EB06016068BA4203
S315900168D028BF3A46019213F063FC019A2468BF1AC5
S315900168E01644002FE7D1AE420AD10020CDE71746D4
S315900168F00026DFF81C90DFF830A0DFF81CB0F0E737
S31590016900034B4FF499620749034813F0C5FBECE733
S31590016910A925039018280390211803902F280390F6
S315900169204A280390822803906A2803902DE9F3411F
S315900169300F46144619460DF10602FFF74BFC064623
S3159001694038B3BDF80680028908EB04039A4220DB2E
S315900169504389434506D8124B40F2E3421149124806
S3159001696013F09AFB758939467068A5EB0805404482
S31590016970AC42CCBFADB225462A4613F011FC621B40
S3159001698092B25AB17919306802B0BDE8F041FFF779
S315900169906DBF4FF0FF3002B0BDE8F0811046FAE7C7
S315900169A0A9250390982803902118039038B5154688
S315900169B00A462989FFF744FD044650B12946FFF757
S315900169C091FE30B1044B40F224520449044813F02D
S315900169D063FB204638BD00BFA9250390AF280390DD
S315900169E02118039007B50DF10602FFF7F3FB48B1A5
S315900169F0BDF8063042899A4204D94268D05C03B008
S31590016A005DF804FB4FF0FF30F9E713B514460DF12D
S31590016A100602FFF7DFFB30B14289BDF806309A4294
S31590016A2084BF4268D45402B010BD00002DE9F74FDF
S31590016A30294E0546DFF8B4903168706906F0BBF9C6
S31590016A406B680190002093F80980D9F800400746B9
S31590016A5064B3237C434531D1227A32B1736893F87A
S31590016A6034300133DBB29A4228D1019A236802B3BA
S31590016A7023BB637CDB0703D5626833699A421DD1D8
S31590016A80D4F814A0BAF1000F18D0144B2A46214617
S31590016A90A069D5F804B0D04798B137B1E368FB60E7
S31590016AA0D9F80030C9F80040E360012003B0BDE891
S31590016AB0F08F002BDDD072699A42DAD02746E468CE
S31590016AC0C6E76B685B4505D0054BC022054906486C
S31590016AD013F0E2FA0220F1E7F41D0124041E0124C9
S31590016AE0C0280390EF28039021180390C0760124C3
S31590016AF020B119B10B680360002070476FF0050053
S31590016B00704740B139B10B684360437C43F0010350
S31590016B104374002070476FF005007047C0E9051275
S31590016B20704700002DE9F04385B00D4690461F460B
S31590016B30DDF830900446002857D0002A55D0002B16
S31590016B4053D0B9F1000F50D0417C11F0020610D00C
S31590016B506B89132B49D900234946284602971A4631
S31590016B60CDE9003306F016F90446204605B0BDE896
S31590016B70F0832A894FF6EB739A4202D94FF0FF348C
S31590016B80F3E714212846FFF7BAFBF8B131464FF4E3
S31590016B9020722220FFF754FC06460028EED02B895E
S31590016BA013B12946FFF794FD02974246237C494645
S31590016BB030460193A37A0093E37A06F0EBF8AE425E
S31590016BC00446D2D03046FFF7D1FBCEE714212846B2
S31590016BD0FFF798FB38B1064B4FF4F1720549064819
S31590016BE013F05AFACAE72E46DEE76FF00504BCE7C2
S31590016BF0C0280390382903902118039073B50E4647
S31590016C0015460446D8B1D2B1007A90B1FFF7D0FAC1
S31590016C100346B8B1226882B102F0F002E02A0CD0A4
S31590016C202246009231462A462046FFF77BFF02B064
S31590016C3070BD104605F034FFEAE71A1DF1E76FF0D3
S31590016C400500F4E76FF00300F1E7021DFFF7D6BFE9
S31590016C500A4A01461368834204D1C368136000202F
S31590016C60FFF7FAB8002BFAD01A46DB68002BF6D05C
S31590016C708B42F9D1CB68D360F1E700BFC07601248E
S31590016C8038B505460020FFF7B9F8044650B11C22E5
S31590016C90002113F045FAFF232574E372024B1A681B
S31590016CA01C60E260204638BDC07601240846FFF795
S31590016CB0E7BF000010B538B103682BB121B10B685D
S31590016CC013B1064B1B6803B910BD1C680268944248
S31590016CD004BF0A681A60DB68F5E700BFC076012435
S31590016CE0F0B5114C4FF480404FF6FF76238801336F
S31590016CF00E4D00229BB2B34208BF4FF4404355F864
S31590016D00041B096829B90132D2B2042AF7D118466F
S31590016D1006E0CF8A9F4205D1013880B20028E6D19C
S31590016D202380F0BDC968EDE7F40C0024BC4B0390B9
S31590016D3010B5044630B9134B4FF4CE72124913482D
S31590016D4013F0AAF9237D042B03D0072B0CD0032B28
S31590016D5008D1204603F056F960B9052320462375DC
S31590016D6003F0B0FA002010BD204603F04BF908B9A4
S31590016D700923F3E7431CF6D1638B43F0080363833E
S31590016D80F0E700BF5E2903908D29039021180390A7
S31590016D9008B513F019F96FEA8040024B6FEA9040FB
S31590016DA0188008BDF40C002410B5037D0446012B10
S31590016DB005D1064BD4220649064813F06DF92146B2
S31590016DC00220BDE81040FFF747B800BF5E29039047
S31590016DD09929039021180390F8B5234B044600296D
S31590016DE014BF0D461D4648B9204B40F2A9222049B1
S31590016DF0204813F051F96FF00F00F8BD037D4BB1A8
S31590016E001A4B40F2AB221C491A4813F045F96FF020
S31590016E100500F2E732B9FFF763FF024650B96FF00A
S31590016E200100EAE7154850F8041B096871B9013366
S31590016E30042BF8D12B6803B12360114BE2821A68B7
S31590016E401C60E26003F012FD0020D6E7CE8A9642DE
S31590016E5005D10F682FB12E681EB1B74201D0C9680E
S31590016E60E4E76FF00700C8E7184C03905E2903909A
S31590016E70AA29039021180390C0290390BC4B039033
S31590016E80D4760124F8B51646054668B9294B40F2E1
S31590016E90593229492C46294813F0FEF86FF00F0311
S31590016EA006B133702046F8BD077D57B1214B40F2AC
S31590016EB05A3223490024214813F0EEF86FF00E035D
S31590016EC0EEE70320FEF79AFF044600282FD02B69A0
S31590016ED001220361EB8A0275C3826A7D42756A7AE1
S31590016EE007724272EA7AC272AA7A82722A6802603A
S31590016EF03BB1144A1368AB4211D1EB68136000237E
S31590016F00EB602846FFF750FF0F4BA3610F4B1A68B2
S31590016F101C60E26003F0AAFC0023C1E71346002B34
S31590016F20EDD0DA68AA42F9D1EA68DA60E7E74FF07C
S31590016F30FF33B5E75E290390E82903902118039062
S31590016F40152A0390D476012491750190D076012467
S31590016F5070B5044630B9154B40F2A632144915481E
S31590016F6013F09AF8238DE16A668E626A581AB6F51D
S31590016F70866F104494BF851BA0F58665002D0FDAA8
S31590016F80531A002B0EDC8D1AB5F5803F06D3074BAD
S31590016F9040F2B6320849074813F07EF8ABB20020AA
S31590016FA0638570BD00231846FAE700BF5E290390FA
S31590016FB04C2A039021180390702A039070B50C46C1
S31590016FC0054640B9184B40F2CF3218491848BDE8EA
S31590016FD0704013F061B8037D012B06D1124B40F23C
S31590016FE0D2321449124813F057F82B8D191989B2D8
S31590016FF0B1F5066F13D88B4288BF4FF406612846C8
S315900170002985FFF7A5FFB0F5067F0BD36B8B284635
S3159001701043F002036B83BDE8704003F053B94FF41C
S315900170200661ECE770BD00BF5E2903908A2A039042
S3159001703021180390A22A039010B5044648B14068DE
S3159001704008B1FFF793F921460420BDE81040FEF7F9
S3159001705003BF10BD10B500B910BD0468FFF7ECFF72
S315900170602046F8E738B5044630B90D4B40F28262B6
S315900170700C490D4813F010F80420FEF7BFFE0546A3
S3159001708060B12346024604F1100153F8040B8B427A
S3159001709042F8040BF9D16868FFF7C4FA284638BD5F
S315900170A05E290390C82A03902118039000B10161CB
S315900170B07047000038B50D46044658B1037D012B43
S315900170C006D1054B40F2DF720449054812F0E4FF00
S315900170D0C4F8845038BD00BF5E290390E22A03901C
S315900170E02118039038B50D46044658B1037D012BFE
S315900170F006D1054B40F2F3720449054812F0CCFFD4
S31590017100C4F8805038BD00BF5E290390092B0390C7
S315900171102118039038B50D46044658B1037D012BCD
S3159001712006D1054B40F60D020449054812F0B4FF0D
S31590017130C4F8905038BD00BF5E290390302B039060
S315900171402118039018B1037D012B08BF8161704707
S3159001715070B50E461546044640B90B4B40F63D02B6
S315900171600A490B48BDE8704012F096BF037D012B8A
S3159001717006D1054B40F63E020649054812F08CFFB2
S31590017180C4F88C60657770BD5E290390562B039089
S31590017190211803906C2B039008B530B9064B40F635
S315900171A0AF020649064812F077FF064B064A186861
S315900171B012681044186008BD5E2903908A2B0390CB
S315900171C021180390F00C0024D876012438B5044692
S315900171D00D4632B9094B40F6C5020949094812F0E4
S315900171E05BFF4DB12B8D3BB1282B38BF2823283B14
S315900171F09BB29C4228BF1C46204638BD5E2903900F
S31590017200A42B039021180390F8B51F46044650B954
S31590017210404B40F2354240496FF00F053F4812F01E
S315900172203BFF2846F8BD21B93A4B40F236423C49DC
S31590017230F2E7037D4BB1374B4FF4876239496FF0D3
S315900172400905364812F028FFEBE70B680283436085
S31590017250007A002846D0FEF7ABFF0546002856D0A7
S3159001726023680BB943682360E68A002E3ED02046F8
S31590017270FFF792FF00232C4A294620650138E362E5
S315900172806064C4E90932C4E916004FF406634FF409
S315900172900670221DA4F860306086FFF797FF0123E0
S315900172A0608602212046A4F84830C4F8887002F01E
S315900172B015FE05460028B4D1022323752EB11B4A2B
S315900172C01368A3421BD1E3681360194B1A681C60BB
S315900172D0E26003F0CBFA174B012220461A7002F0B6
S315900172E0F1FF9EE7201D05F0DBFBB6E7FFF7F8FC03
S315900172F0E0820028BBD16FF0010592E71346002B7F
S31590017300E3D0DA68A242F9D1E268DA60DDE76FF09C
S31590017310030586E75E290390CB2B039021180390F2
S31590017320E42B0390002C039060086008D476012426
S31590017330CC760124C676012410B50446406F18B167
S31590017340FFF788FE0023636710BD000010B5044661
S3159001735040B9144B40F6510213491448BDE8104008
S3159001736012F09ABE037D012B1AD90A2B18D0806F81
S3159001737018B1FEF7FBFF0023A367636F13B1204695
S31590017380FFF7DAFF4FF6FF73E06E2386FFF762FE93
S31590017390206FFFF75FFE0023C4E91B33A4F8683022
S315900173A010BD00BF5E290390302C039021180390E5
S315900173B038B505460C4631B9294B40F68302294921
S315900173C0294812F069FE35B9254B40F684022749C2
S315900173D0254812F061FE2B68A3421FD1E3682B600A
S315900173E000232046E360FFF7B1FF237D0A2B1DD1D1
S315900173F0E36E6BBB236F33B1194B40F694021C4974
S31590017400194812F049FE636FF3B1154B40F6960297
S315900174101849154812F040FE16E01346002BDFD0AE
S31590017420DA68A242F9D1E268DA60D9E7012B0BD08A
S31590017430638BDA07DCD543F002032046638302F0BF
S3159001744041FF237D012BD3D100232375E38238BDE0
S31590017450034B40F693020849034812F01DFEC9E713
S315900174605E2903904B2C039021180390672C03906F
S315900174709F2C0390B82C0390872C03902DE9FF47FE
S315900174800E46044648B9384B40F23D2237493848B2
S3159001749004B0BDE8F04712F0FFBD037D012B06D184
S315900174A0314B4FF410723349314812F0F5FD237D7B
S315900174B00A2B09D121463048FFF77AFF204604B0BE
S315900174C0BDE8F047FFF770BCD4F85090D4F824A0EB
S315900174D0D4F89070D4F81080E58A002B38D12DBB62
S315900174E000252E46206F08B1FFF7B4FDE06E08B176
S315900174F0FFF7B0FD606F08B1FFF7ACFD56B1238B76
S31590017500524649462046CDE90153231D0093234611
S3159001751002F060FE2046FFF747FC0FB36FF00C01B7
S3159001752040463B4604B0BDE8F0471847134A1368F6
S31590017530A34205D1E36813600023E360D0E71346C5
S31590017540002BF9D0DA68A242F9D1E268DA60F3E762
S3159001755021460B48FFF72CFF0A4B01221A70C1E70F
S3159001756004B0BDE8F08700BF5E290390CF2C03904D
S3159001757021180390E82C0390C8760124D47601242F
S31590017580CC760124C67601240121FFF777BF00004E
S3159001759010B50C4631B9064B40F20F3205490648F3
S315900175A012F07AFD2046FFF7EFFF6FF00C0010BD49
S315900175B05E290390192D03902118039070B50C46FE
S315900175C0054630B9094B4FF410620949094812F042
S315900175D063FD04B970BD22682B68E6689A4202D1B0
S315900175E02046FFF7D1FF3446F3E700BF5E290390AB
S315900175F0362D03902118039038B50D46044680B177
S31590017600036873B10B4B1968FFF7D8FF0A4B2046F5
S315900176101968FFF7D3FF25B12B6813B1074B1B6888
S3159001762003B938BD19682268914204BF2A681A6065
S31590017630DB68F5E7CC760124D4760124D076012453
S315900176400C4B002219680C4B30B404461D68104649
S3159001765019B968B130BCFFF711BF0B7DA34205D1B3
S315900176600B6AEB1A934224BF1A460846C968EFE79C
S3159001767030BC7047CC760124D8760124F8B50446FF
S315900176800220FEF7BBFB0346002836D13F4E3068F9
S31590017690002857D13E4B01463E4D1B682F68002B63
S315900176A05BD108B1FFF770FF0220FEF7A7FB0346F7
S315900176B018BB0920FFF7C4FF0220FEF79FFB034684
S315900176C0D8B90820FFF7BCFF0220FEF797FB0346C7
S315900176D098B922064AD45CB1214601393268002014
S315900176E02E68C9B2002A43D113B11846FFF74CFF51
S315900176F00220FEF783FB034610B39C221846002115
S3159001770012F00EFD4FF4866203464475A0F864208C
S31590017710214A8262FF22C2720622A0F84020C287C5
S315900177201E4A02631B4A126802621D4A12788277C8
S315900177301C4A82641C4AC0F884201C4AC0F89420D2
S315900177401846F8BD438BC568190704D523F008037D
S315900177504383FFF7EDFA28469AE71A6ABA1A8A42DC
S3159001776034BF0A461846DB68114698E77F21B4E78D
S31590017770577D8F4204D307D1156A751B854203D372
S31590017780106A39461346301AD268ABE7CC76012493
S31590017790C8760124D876012460086008FFFF180294
S315900177A0C4760124010030045979019000DD6D0001
S315900177B04020FFF763BF000030B50D4685B0044603
S315900177C030B94B4B4FF4AF724A494B4812F064FCB7
S315900177D0237D002D3FD0042B01D0072B3BD1A36FE6
S315900177E01BB9238DB3F5066F7BD0638BDB0606D46D
S315900177F03F4B4FF4B27241493F4812F04DFC238BF7
S3159001780020460293E38A0193231D00932346626ADD
S31590017810216D02F0DFFC2046FFF798FD384A136888
S31590017820A34210D1E368136000230122E360354B34
S315900178301A70354B1B68A3421DD101F067FE0020DB
S3159001784005B030BD1346002BEED0DA68A242F9D1CD
S31590017850E268DA60E8E7012B1AD0022B39D0002BC7
S315900178603FD1E38A3BB1294A1368A34208D1E36821
S3159001787013600023E3602046FFF796FADFE713468D
S31590017880002BF6D0DA68A242F9D1E268DA60F0E725
S315900178901F49002051F8042F1268A2B90133042B15
S315900178A0F8D121461B48FFF783FD237D012B05D196
S315900178B00F4BDF221849104812F0EEFB21460320A8
S315900178C0FEF7CAFABBE7D56FAC4208BFD067D2685C
S315900178D0E3E721460A48FFF76BFD0A4B01221A702E
S315900178E0C9E7204605B0BDE83040FFF721BA00BF91
S315900178F05E2903906A2D0390211803908A2D039097
S31590017900CC760124C6760124DC760124D476012432
S31590017910BC4B0390D0760124A32D039008B558B1A2
S31590017920037D0121012B1EBF438B43F0100343833B
S31590017930BDE80840FFF740BF044B4FF4F472044989
S31590017940044812F0A9FB6FF00F0008BD5E29039061
S31590017950BC2D03902118039010B50846144649B9D9
S315900179600C4B4FF4D3620C490C4812F095FB6FF017
S315900179700F0010BD3AB11189FFF720FB2046FEF7A3
S31590017980F5FC0020F5E7002BFBD1BDE81040FFF791
S31590017990C5BF00BF5E290390D32D03902118039094
S315900179A0F8B5044650B96FF00F051C4B40F20962C9
S315900179B01B491C4812F070FB2846F8BD866F0023C0
S315900179C0D0F88450777B8367DDB1014632460069F2
S315900179D0A8470546E0B9BB06EED5238DD4F8846059
S315900179E0B3F5066F1CBF01332385002EE4D0002327
S315900179F0214620691A46B0470D30DDD16FF00C054E
S31590017A00DAE701462B4632462846FFF7A5FFE0E71F
S31590017A100D35F3D06FF00405A667CDE75E29039087
S31590017A20EE2D0390211803902DE9F8431B4D1C4F21
S31590017A302B781C4E01332B703C684FF000080CB923
S31590017A40BDE8F8832B78A27F9A4224D0A377638BE3
S31590017A50D90709D543F002032046638302F032FC2D
S31590017A60638B23F003036383638B1A0705D523F096
S31590017A70080320466383FFF75BF9A36FD4F80C9054
S31590017A803BB1204686F80080FFF78AFF3378002BBA
S31590017A90D2D14C46D3E7E468D1E700BFC47601243E
S31590017AA0CC760124C676012438B51546044648B9E4
S31590017AB0164B40F207221649164812F0EDFA6FF06E
S31590017AC00F0038BD037D012B17D081B1438B43F055
S31590017AD01003438322B10121BDE83840FFF76CBE04
S31590017AE0806F10B1FEF742FCA5670020E9E7002AF6
S31590017AF0FBD0042B04D8022B04D86FF00A00E0E7E0
S31590017B00072BFAD100212046E6E700BF5E290390B4
S31590017B10142E0390211803902DE9F04FAB4D87B0A9
S31590017B20AB4A2B68DFF8DC820133AA4E2B601378BF
S31590017B3001331370D8F800400027DFF8B0926CB982
S31590017B40A54FDFF890823E68DFF8BC92DFF89CA2E1
S31590017B50002E40F0BE8107B0BDE8F08F237D33B98A
S31590017B60334640F2BE429D49484612F095FA237D2E
S31590017B70012B06D1334640F2BF429949484612F04D
S31590017B808BFA237D0A2B06D133464FF49862954999
S31590017B90484612F081FA8E4BA27F1B789A4204D105
S31590017BA0D4F80CA027465446C9E7227DA377022A2A
S31590017BB094F8423074D1052B74D94FF0010B237D83
S31590017BC0062B0BD1628BD10608D52A68216A521AE7
S31590017BD0282A84BF0BF1010B5FFA8BFB627A12079D
S31590017BE005D5042B00F01281072B00F00F814FF081
S31590017BF0000A636F63B12B68226A9A1AB4F940300E
S31590017C0003EB4303B2EB430F02D32046FFF794FBFA
S31590017C10237D032B40F027812B68226A9B1A282B00
S31590017C2003D8BBF1000F00F033812046D4F890B011
S31590017C30FFF78CFBD8F80030002F00F01C81A3428F
S31590017C4006D1644B40F26D526749684812F024FAA6
S31590017C50E368FB60BAF1000F0BD0238B20460293A9
S31590017C60E38A0193231D00932346626A216D02F0F4
S31590017C70B1FA23692046D4F80CA00593FFF794F83E
S31590017C805B4C00232370BBF1000F07D06FF00C0102
S31590017C900598D8472378002B7FF44CAF3C4681E773
S31590017CA00B2B89E794F89930002B45D0236F33B18C
S31590017CB0334640F2D4424F49484612F0EDF9E36E0D
S31590017CC033B9444B40F2D5424B49484812F0E4F956
S31590017CD094F89A300B2B3FF670AF94F89920474B56
S31590017CE0134413F8012C94F8983093420BD3B4F8BB
S31590017CF0601089B1204602F025F890B9204602F02D
S31590017D00E1FA30B10DE00133DBB2934284F8983059
S31590017D10EDD24FF0000B52E7204602F0D9FC002835
S31590017D20F7D1002384F8983094F89930062BF0D83F
S31590017D30013384F89930ECE7238E47F6FE7293422D
S31590017D409CBF01332386B4F94030B4F930209A426E
S31590017D50DFDB204602F086F928B1236F002BD8D1BC
S31590017D60E36E002BD5D0237D022B14D0B4F93C20A1
S31590017D70B4F93E30224903EBE20394F842200C2AEF
S31590017D8028BF0C228A5C934047F6FF729342A8BFA4
S31590017D901346A4F84030B4F848000022B4F8603095
S31590017DA0618E83422286A4F8481028BF0346480074
S31590017DB0A4F86A205B0880B2834238BF0346204606
S31590017DC0A4F84A3002F026FCA3E700BFD876012436
S31590017DD0C47601245E290390C87601242E2E039041
S31590017DE0582E0390822E0390162F039021180390FC
S31590017DF0C6760124AF2E0390E12E0390CC4B0390CF
S31590017E00D34B0390CC7601246B2F0390236A4FF4C6
S31590017E10FA702968C91AD4F8943003F5242202F627
S31590017E20B842B2FBF0F2914206D90BF1010B4FF039
S31590017E30010A5FFA8BFBDCE694F89B20DFF818C108
S31590017E400CFB0233B3FBF0F399427FF6D0AE20469A
S31590017E5002F016FC00287FF4CAAE94F89B300133E9
S31590017E6084F89B30C3E6092B7FF4DBAE2B68226A3C
S31590017E709B1AF02BD4E6A34206D0334640F27152B8
S31590017E802F49304812F008F9E368C8F80030E1E666
S31590017E90237F627F0133D4F80CA0DBB29A42237719
S31590017EA03FF680AE284FD4F88C3084F81CB087F812
S31590017EB000B01BB9204602F005FA73E62146206907
S31590017EC098473B78002B7FF435AE00287FF46AAE55
S31590017ED0F0E7337D0A2B06D0434640F2A15249463C
S31590017EE0504612F0D9F82B68326A9B1AF02B10D9AA
S31590017EF03046FFF72BFA7CB93B68B34206D0134B59
S31590017F0040F2B35212490F4812F0C6F8F3683B603B
S31590017F100EE03446F6681BE63B68B34206D10B4B3E
S31590017F2040F2AF520B49074812F0B6F8F368E36096
S31590017F30D6F80CB03046FEF737FF5E4608E600BF2E
S31590017F40412F039021180390C67601245E29039050
S31590017F50C12F03909A2F0390F824010008B5FFF7DB
S31590017F6063FD064A13780133DBB21370DB0703D541
S31590017F70BDE80840FFF7D0BD08BD00BFC576012416
S31590017F80094A1388591C1180084A12681AB108497E
S31590017F9009888B4204D2074A12681344187D7047A8
S31590017FA05B1ADBB2D05C7047F4760124F876012433
S31590017FB0FC76012400770124F8B50D46044630B9C4
S31590017FC01D4B40F21F421D491D4812F065F8E368AA
S31590017FD09889FCF75FFFC20713D41A4EEF6823897D
S31590017FE03068796803442A895B1A9A1A002A0EDA4C
S31590017FF0002B0ADD091A606889B22181FEF7B2FA6F
S3159001800003E02846FFF726F800252560F8BDB889D4
S31590018010FCF740FFC30707D5E36801209F89FCF76A
S3159001802039FFE36807439F812F682846FFF704F8D5
S31590018030002FE9D03D46D1E7E72F03901930039001
S3159001804021180390F0760124F8B5054630B91C4BFA
S3159001805040F27D721B491C4812F01EF81B4B1E887C
S315900180606EB31B4C0023238026E0FFF789FF01287E
S3159001807022D0022808D010B3FFF782FF01281ED91B
S315900180802388023B0344EEE7FFF77AFF042816D1D3
S3159001809023880133B34212DAFFF772FF0702FFF723
S315900180A06FFFBFB240EA07039BB25A1EB2F5067F35
S315900180B028BF4FF406736B862388B342D5D3F8BD98
S315900180C0E72F03903E30039021180390FE7601240A
S315900180D0F47601240C4B10B51B78044613F010006E
S315900180E011D0638BDB0606D4D4F890301BB16FF0B8
S315900180F00E012069984721460448FFF759F9204611
S31590018100FEF752FE012010BDE4760124CC760124BF
S315900181102DE9F84F07460C469046DFF8ACA0DFF8FC
S31590018120AC90002C44D0E36826465868FCF7B5FE1F
S31590018130E368834625899889FCF7ACFEDAF8003026
S3159001814010F00300A5EB030518BF01205D4405441B
S31590018150002D2EDC70682468FEF75CFAB7F866305D
S315900181600546834206D2144B40F2574213491448AE
S3159001817011F092FFB7F866303046B9F800205B1BD4
S31590018180A7F8663033891344A9F80030FEF754FFF7
S31590018190B7F86630002BC4D0002CC4D1B8F1000FCB
S315900181A006D1054B40F261420649054811F074FF2C
S315900181B000263046BDE8F88FE72F0390583003909C
S315900181C02118039080300390EC760124E8760124FF
S315900181D02DE9F84F037D0446032B06D8354B40F223
S315900181E07C423549354811F057FF354A354E12785C
S315900181F0336812F0100F344F00F09780DFF8D0906B
S31590018200B4F86010D9F80020D4E9150CA0EB030E50
S31590018210BEF1000F0CDB984203D1ACEB02000028B3
S3159001822006DB944513D129480068C08988420ED946
S315900182302648B4F862800068C0891FFA80FEA4F8C7
S315900182406000F045C4E9153238BFA4F86200606C4D
S31590018250131A002B00F375813B88002B40F06D813A
S31590018260B4F860306144A56D2B448B4240F0658132
S31590018270B4F93030002BC0F26081904240F05D81BC
S3159001828094F84330FF2B1CBF013384F8433094F8A4
S315900182904330032B1ED9B4F84820638E13449BB206
S315900182A09A4288BF4FF6FF73A4F84830204601F0F2
S315900182B05DFF10E0E72F0390A03003902118039003
S315900182C0E5760124F0760124E676012400770124EF
S315900182D0EC760124EAD0636B3BB3A26BD9F800101C
S315900182E0521A002A21DAB64A9BB2B4F93CC01588D3
S315900182F0CCF3CF01EA1A521A10B21CFA82F2002874
S3159001830012B2B8BF5B1BA287B8BFC918B4F93E3089
S31590018310B8BF08B2A3EBA30303449BB2E38703EB75
S31590018320E203A4F840300023636338883368626AB5
S31590018330002800F05C83217D062900F25883D51A26
S31590018340012D00F1A981C3F10101091A11440029F6
S3159001835000F3A281DFF88092D9F80480B8F1000F7A
S3159001836006D1984B40F294529749984811F094FE51
S315900183704FF6FE739D4206D9924B40F2955294491F
S31590018380924811F089FED9F80430ADB21B89AB42FF
S3159001839006D28C4B40F297528E498C4811F07CFE56
S315900183A0B9F8083000215B1BA9F80830D9F80430D8
S315900183B01B895B1B9BB2B8F80A20AA42C0F0638165
S315900183C029464046FDF79EFF636AD9F80C20336033
S315900183D053603368626A991A0029C0F23282581C36
S315900183E0258D811A491B002900F32B82934240F077
S315900183F02282794DEB68B5F808809889FCF74AFD99
S3159001840010F00300228D18BF012008EB00039BB2E8
S315900184109A423B8041D2EB689889FCF73BFDC207B3
S315900184200FD5EB68B3F80C80404628F47C58FCF7DE
S3159001843031FD00F03E00FCF72DFDEB6840EA0800A7
S315900184409881238D2B81EB689889FCF723FD83070F
S31590018450686842BF2B8903F1FF332B812989FEF787
S3159001846081F8EB68B5F808809889FCF713FD10F050
S315900184700300326818BF0120616A08EB00039BB2C2
S315900184803B801344228D0A44934206D04D4B40F2D1
S31590018490CB5252494D4811F0FFFD636F002B00F00E
S315900184A00A81EB689889FCF7F5FCC00700F1008119
S315900184B0D4F8748030683B880344B8F1000F39D002
S315900184C0D8F80CC0B8F80810DCF804201144591AF1
S315900184D0002980F21D819B1A002B2BDDEB68121A65
S315900184E02A819889FCF7D6FC8307686842BF2B8955
S315900184F003F1FF332B812989FEF734F8EB68B5F840
S3159001850008909889FCF7C6FC10F00300326818BFF2
S31590018510012009EB00039BB23B801344D8F80C2051
S315900185205268934206D0274B40F2FC522C49274879
S3159001853011F0B2FDC4F87480BDE0002384F8433095
S31590018540C9E6216D511A002900F39980618B48077C
S3159001855009D521F004016183B4F84A10A4F84810B2
S315900185600021A4F86A10B4F93C00E18F626401EB32
S31590018570E001227DA4F84010032A4FF00001A4F8EF
S31590018580421039D9B4F848209BB2B4F84A109142B6
S3159001859028D9618B11F4006F618E0CBF02200120E6
S315900185A011FB00F189B2994294BF5018D01883B249
S315900185B09A4201D94FF6FF73A4F848301CE000BFE8
S315900185C0D8760124E72F0390B930039021180390B0
S315900185D0C9300390D830039004770124E830039092
S315900185E01F310390B4F86A100B449BB299422CD870
S315900185F09A422CD9A4F86A302046D4E91B21FFF778
S3159001860087FDE16E024620672046FFF781FD226FC6
S31590018610E066B2FA82F35B095B42238600232377F5
S3159001862008B9A4F86800A049B4F8643009880B44E5
S31590018630A4F86430638B19057FF54DAEDAB968B944
S31590018640638B23F40063638345E64FF6FF739B1AAE
S31590018650A4F86A30638E13449BB2A9E7D4F84C8090
S31590018660C3685868FCF719FCA8EB0008B8F1000F2D
S315900186703FF731AEE4E7D4F84C80D368F1E7204672
S3159001868001F0EEFD27E6AA1AA8F80830A8F80A1014
S3159001869095B2D8F800808EE69B1A002BBEBF638BED
S315900186A043F00203638394E603686367FEF7C4FCB1
S315900186B0606F0028F8D13A88336813446362238D3A
S315900186C0934206D2794B40F207627949794811F083
S315900186D0E3FC238D20463A889B1A2385FEF738FCC6
S315900186E06B681A891AB1744A136000236B60EB6840
S315900186F09889FCF7CFFBC50704D5704A137843F0E8
S3159001870020031370694FDFF8BC81DFF8A8917CE0F4
S31590018710BCF80C00FCF7BEFBC1071BD5EB6898892A
S31590018720FCF7B8FB820715D4EB680120B3F80C90DF
S31590018730FCF7B0FBEB6849EA0000B5F80890988120
S3159001874080B2FCF7A7FB10F0030018BF012081440B
S31590018750A7F80090D8F800904046FEF76DFCC84601
S31590018760A8E633609089B5F808A0FCF793FB636A95
S3159001877010F00300B5F808B018BF01209A44EB68D1
S315900187805044B4F828A060629889FCF783FB10F0F6
S31590018790030018BF01205844824506D23B4640F259
S315900187A02B624146484611F077FCEB68B5F808A074
S315900187B09889FCF76FFB10F00300238D18BF0120F9
S315900187C050441B1A20462385FEF7C2FB69680B8924
S315900187D033B1394B186838B3FDF740FF00236B600E
S315900187E0EB689889FCF756FBC00709D5334A13788D
S315900187F043F020031370237D042B04BF07232375B5
S315900188002B6828466367FEF717FC656F25B1EA6802
S31590018810616A53688B42A4D0638BD90706D523F03E
S31590018820010343F0020303E01960D7E743F0010324
S315900188306383BDE8F88F656F45B92148FEF712FC51
S3159001884060672046BDE8F84F01F00ABD4FF0000879
S3159001885003F1FF3ED5F80CC0DCF80420934215D104
S3159001886017482B8902899A42EBD9FEF7FBFB002820
S31590018870E7D0B8F1000F07D0C8F800002946FFF7F6
S315900188809BFBDEE70D46E5E76067F7E7B8F1000F7A
S315900188901AD1991A00293EDA0948FEF7E3FB002816
S315900188A0CFD06067EAE700BFE8760124E72F03900F
S315900188B05A31039021180390E0760124E47601243D
S315900188C00477012479310390D8F80C104968AEEBFE
S315900188D0010100291FDB811A00291CDC4A48FEF799
S315900188E0C1FB07460028ACD0D8F80C3031685A68DD
S315900188F0B8F8083013445B1A002B07DD891AD8F8AB
S31590018900040089B2A8F80810FDF72CFE29463846CE
S31590018910C8F80070B3E72968A8460029B2D19B1A16
S31590018920002B8EDDBCF80C00FCF7B4FAC20788D494
S315900189303548FEF797FB2860002882D0EB683168AE
S315900189405A682B8913445B1A002B05DD891A6868CE
S3159001895089B22981FDF706FE32683B881344626A23
S315900189609B1A228D9B1A002B7FF76BAF2B68DB68C6
S315900189709889FCF78FFAC30711D52B68DB68B3F892
S315900189800C80404628F47C58FCF784FA00F03E00AF
S31590018990FCF780FA2B6840EA0800DB689881326818
S315900189A0218D2B68891A626A5868114489B2198196
S315900189B0FDF7D8FD2B681D89DB689889FCF76AFA63
S315900189C010F00300326818BF0120616A2B189BB220
S315900189D03B801344228D0A4493423FF432AF0B4BB2
S315900189E04FF4DF620A490B4811F056FB29E7991AB1
S315900189F0002906DB01339B1A228D9B1A002B7FF7E8
S31590018A0018AF638B0DE700BF04770124E72F03901E
S31590018A10E8300390211803902DE9F04F054685B073
S31590018A2028B9724B83227249724811F035FB6B68F3
S31590018A30714E33606B89132B40F2D280DFF8E4815B
S31590018A40D8F80010D8F8140004F0B5F904460028B7
S31590018A5040F0C680D8F8143003F0F003E02B00F014
S31590018A60BF8033689889FCF715FA810A01F0FC01F9
S31590018A70132940F2B5802B898B42C0F0B180A1F1C8
S31590018A8014036A895D4F9BB2DFF89CA18A42DFF895
S31590018A909C913B80CAF8004060D32846A9F80030E3
S31590018AA0FDF730FC3468DFF888B12088FCF7F2F9DD
S31590018AB020803468DFF87CA16088FCF7EBF9608050
S31590018AC034686068FCF7E9F960603468CBF80000B7
S31590018AD0A068FCF7E2F9A0603468CAF80000E08962
S31590018AE0FCF7D8F93368E0819889FCF7D3F9444AC1
S31590018AF000F03F03137083072A896BD1414B1A808B
S31590018B00414F4FF000093C68002C40F095803F4B57
S31590018B10384CD3F80090B9F1000F40F024813C4BCA
S31590018B20D8F804C01A683168D8F814E01446002CB5
S31590018B3040F07C818889FCF7ADF9430750D43368BE
S31590018B40304A18881188DBF8002002905B880A4425
S31590018B500193304B0093043300F0CBBC2B682BB9B7
S31590018B60224BC2222C49234811F096FA1421284609
S31590018B70FDF7C8FB6C892846A9F800402146B7F84D
S31590018B800090FDF7BFFB2868A9EB04074389BFB2A4
S31590018B90BB4225D343683946CAF80030FDF7B2FB8C
S31590018BA02B891C446B89A4EB09042C812BB10F4BA7
S31590018BB0DF221A490F4811F06FFA2B682A891B890F
S31590018BC09A423FF46FAF094BE0221549094811F0DB
S31590018BD063FA67E7531C0B499BB29A420B808FD974
S31590018BE0284605B0BDE8F04FFDF7C0BBE72F0390CF
S31590018BF09E3103902118039000770124FE7601247B
S31590018C00E5760124E6760124CC760124C876012402
S31590018C10D0760124041E0124B6310390C631039007
S31590018C20D2310390F41D0124F8760124FC760124B7
S31590018C30F0760124EC760124237D2BB98F4BFB2210
S31590018C408F49904811F028FA237D0A2B05D18B4B39
S31590018C50FC228D498B4811F01FFA237D012B05D1FA
S31590018C60864BFD228949874811F016FA217AE268E6
S31590018C7039B1D8F8043093F834300133DBB29942E4
S31590018C806ED13368208B1988884269D1E18A5B88D5
S31590018C90994265D16168D8F81030994260D12168BE
S31590018CA0D8F8143099425BD1A24240F0FF83734BBE
S31590018CB040F20D127649734811F0EEF9B9F1000FB1
S31590018CC005D0E368C9F80C303B683C60E360E36823
S31590018CD0A34206D1694B40F215126E49694811F0CB
S31590018CE0DBF96D4900232A89DFF8CC910A81326834
S31590018CF0DFF8C881CA60694A0B60C9F8003088F804
S31590018D0000301380664B4D601B78180742BF6B7B12
S31590018D1043F001036B73A36F624D002B00F02E811C
S31590018D202046FEF73DFE0D3008D0A36F002B00F0D4
S31590018D3025815D4B1B88002B00F02081638D13B933
S31590018D40204601F08DFA00242C60534DC9F800405D
S31590018D50686810B1FDF70AFB6C6005B0BDE8F08F4D
S31590018D60A1461446D0E699F814300A2B06D0434B07
S31590018D7040F21F124D49204611F08EF999F80820BC
S31590018D803AB1D8F8043093F834300133DBB29A42D1
S31590018D9049D13368B9F818101A88914243D15A8843
S31590018DA0B9F8163093423ED1D9F80400D8F810207C
S31590018DB0904238D1D9F80000D8F81420904232D197
S31590018DC0374A107847073FF50BAF374A860714881D
S31590018DD016D5DBF80020D9F82400101A16D4B9F864
S31590018DE02860801B002811DC22444846CDE90131D8
S31590018DF02F4B00930433DAF8001001F0EBF9EFE60C
S31590018E00C10742BF2B4B1B68C9F82030002C3FF499
S31590018E10E7AEB9F81A30484643F00203A9F81A307A
S31590018E2001F050FADCE6D9F80C9074E6207A28B174
S31590018E309CF834300133DBB298420AD1E08A4B88F0
S31590018E40984206D12368734500F03583002B00F0D4
S31590018E503283A146E4686AE69B077FF5C1AE607DE1
S31590018E60FEF70CFC824658BBA369002B3FF4B8AEC3
S31590018E7001464FF0FF3220699847B1E6E72F0390FC
S31590018E80F1310390211803901832039042320390E6
S31590018E90693203909432039004770124E876012491
S31590018EA0E5760124DC760124E6760124BE32039030
S31590018EB0041E0124D8760124E0760124E476012467
S31590018EC0D8F8143032680360D8F810304360E38ADA
S31590018ED0C3821378527843EA0223038303230375EB
S31590018EE0DBF8003001334362C362FEF755F9DBF8D4
S31590018EF00030CAF85800013BCAF85000CAF844003D
S31590018F00CAF854302369CAF85C00CAF87C40CAF89A
S31590018F101030637A03F00C038AF80930237A0AF148
S31590018F2004048AF808303B68C7F800A0CAF80C30E8
S31590018F3001F09CFC0122A34B50461A70FFF784F86E
S31590018F4033682046BAF83260DB89AAF86030AAF80D
S31590018F50623003F0A5FD224601463046FEF736F90A
S31590018F601221AAF83200504600F0B8FF20B14946C6
S31590018F705046FEF783FA33E6504651E7924B2C6002
S31590018F801A7851073CD5217D022922D1226DDAF832
S31590018F9000309A4209D198F8003043F0080388F8D6
S31590018FA00030638B23F00103638398F8003019072F
S31590018FB040F10382D4F890301BB16FF00D01206916
S31590018FC0984721468148FEF7F3F92046FDF7ECFED6
S31590018FD0B9E6626ADBF800309A4207D09B1AE4D46C
S31590018FE0228D9B1A002BE0DC638B10E00029D2D1F5
S31590018FF0774B4FF44E727749774811F04DF8CAE79F
S315900190009207638B06D5227D023A012A02D943F053
S315900190100203C9E7D80620465EBF704B1B682362E0
S315900190200023A4F89A30FFF70FF8237D023B072B14
S31590019030BBD8DFE813F008009A00250129017101D8
S3159001904025018A01A901604B1B7803F01202122AAD
S315900190506BD1626CDAF8001001328A4265D1DBF885
S3159001906000306264591C3268013B678E6162E1622D
S31590019070D28963650423A4F86020E6182375A4F8C1
S315900190806220304603F00CFD324601463846FEF723
S315900190909DF841F21C134200608681009A42164661
S315900190A038BF1E46B6EB800F33D98BB2A4F8483041
S315900190B0B4F8663033B9464B4FF45B72484946482B
S315900190C010F0EAFFB4F86630266F013BA4F86630DB
S315900190D01EBBE66E36B93E4B4FF45D7241493E4832
S315900190E010F0DAFF3368E3663046FDF7A5FF236F8C
S315900190F0B3B94FF6FF732386D4F88830002B3FF42B
S3159001910073AF00222146206998470D307FF46CAFEA
S3159001911019E69A4288BF93B2C8E733682367E3E7B3
S315900191200023238684F84230E6E7D9067FF53DAFE2
S3159001913033682D4A18881188DBF800200290204662
S315900191405B880A440193294B00930433DAF80010A3
S3159001915001F040F894F84230052B3FF626AF0023F4
S315900191602046238601F072FA1FE7174B1B78DA0621
S3159001917078D5636CDAF80010DB43CB4261D4236D6A
S31590019180CB1A002B5DDC04232375E36F1BB92046B4
S31590019190FEF7FAF9D7E59B6933B90D4B4FF46A722D
S315900191A013490D4810F078FFE36F9B69002BEED0C1
S315900191B00022214620699847E0B10D303FF4C3ADB6
S315900191C0E5E700BFC6760124E5760124CC76012435
S315900191D0E72F0390EB32039021180390D876012460
S315900191E00B33039021330390E6760124041E012468
S315900191F0343303902046FEF7EBFF9A4A13880BB15E
S31590019200013B1380618E41F21C134A0088009A42F9
S31590019210164638BF1E46B6EB810F0ED983B2A4F817
S31590019220483098F800309E067FF5BFAE638B43F0C9
S315900192300203638307232375B7E69A4288BF93B2E5
S31590019240EDE73368884A1E881088DBF8002002967D
S315900192505B88024420460193844B0093043300F0CB
S31590019260B9FFA2E69F077FF5A0AE636ADBF80020FF
S31590019270013B93427FF499AE204600F037FF94E686
S315900192802046FEF7A5FFCCE72046FEF7A1FF98F80A
S31590019290003098062FD5764A638B127843F00203F5
S315900192A0D10625D5216DDAF80020914220D1E26EC2
S315900192B0F2B963832046FEF749F83B689C4209D18F
S315900192C0E3683B6008E0DA68944202D1E268DA60CA
S315900192D002E01346002BF6D1664B01221A700A233F
S315900192E02375654B1A681C60E26001F0BFFA5CE673
S315900192F0638308239FE75E4B1B78DA067FF555AEAD
S31590019300226DDAF800309A427FF44FAEE36E002B6D
S315900193107FF44BAE06238EE72046FEF759FF98F869
S3159001932000309B067FF541AE638B204643F00203E6
S315900193306383FEF70BF83B689C42C1D0002BCBD0E0
S31590019340DA689442C2D01346F8E72046FEF740FF0A
S31590019350474B1B78DE067FF528AE226DDAF8003092
S315900193609A427FF422AEE36E002B7FF41EAE204626
S31590019370FDF7ECFF3B689C42A2D0002BACD0DA689B
S315900193809442A3D01346F8E72046FEF721FF384BC7
S315900193901B78D8067FF509AE216DDAF8002098F88A
S315900193A0003091427FF401AEE26E002A7FF4FDAD6A
S315900193B043F0100388F80030F7E52A4B1A882AB152
S315900193C0D4F88030F3B90023264A13802046FEF75D
S315900193D081FE00287FF4B7ACD9F8003033B3A36F80
S315900193E033B1264B4FF4F3722549264810F054FEBB
S315900193F0638BD9F8002013F0100309D01046FCF7BF
S31590019400B5FFC4E62146206998470D30DBD19AE431
S31590019410D4F8846006B321462069B04710F10D0F48
S315900194203FF491AC10B1D9F80030A36798F80030A9
S315900194309A0605D5A36F3BB35A7B42F020025A7325
S31590019440002320462B60FEF745FE00287FF47BAC77
S31590019450204600F037FF76E4334621463046FEF744
S315900194607BFADBE7E8760124E6760124041E0124E3
S31590019470E5760124C6760124C8760124E72F039068
S315900194805233039021180390238DD4F88460B3F559
S31590019490066F1CBF01332385002ED1D000232146B0
S315900194A020691A46B0470D30CAD14CE4B9F1000F84
S315900194B07FF407AC15E4B9F1000F05D0E368C9F85C
S315900194C00C300E4BE2601C600D4B1B785A073FF532
S315900194D087AB13F010093FF4BFAC0A4BDBF80020C1
S315900194E018880B88024402934B880193064B00938C
S315900194F00433DAF8001020467FE400BFD0760124C9
S31590019500E5760124E6760124041E0124024A1378A5
S3159001951043F0100313707047E476012410B50446A6
S3159001952030B9064B40F29A520549064810F0B4FDFF
S315900195306368987B013818BF012010BD6C33039086
S315900195409F330390211803902DE9F843DDF820808D
S3159001955007460C4615461E469DF82890B8F1000F11
S3159001956005D11D4BE9221D491D4810F095FDAC42D0
S3159001957030D29DF824309A070CD4B8F81A305B068D
S3159001958028D4B9F1000F05D0D8F86C3013B9D8F8B2
S315900195907030FBB104F21B2121F00301A94228BFCF
S315900195A0294689B24FF420723846FCF749FF0546A1
S315900195B068B1036833B1084B40F20B120949084868
S315900195C010F06AFD6B891B1B33802C816C812846B8
S315900195D0BDE8F8832146E5E76C330390C4330390E5
S315900195E021180390E33303902DE9F0470E469046F8
S315900195F099469DF820A0074628B92D4BA3222D49BF
S315900196002D4810F049FD2EB9294BA4222B492A4801
S3159001961010F042FD4FEA8A050420FCF7EFFB044661
S3159001962005F0040530B93046FCF7A0FE002420462B
S31590019630BDE8F087002380F80AA0C0E90036338997
S31590019640AB4205D21A4BB0221D491B4810F024FD9E
S315900196503389304614215B1B2381FCF750FE064665
S3159001966018B12046FDF7E8FCE0E76368AD02F88A99
S31590019670D3F804A005F5A045C4F80CA0FBF70AFCA5
S31590019680AAF80000D4F80CA0388BFBF703FCE76826
S31590019690AAF802004846FBF700FC786048EA050004
S315900196A0E768FBF7F7FBE368B8819E74DE74BEE763
S315900196B06C330390F733039021180390173403907A
S315900196C03834039014312DE9F04189B20646174694
S315900196D022204FF420729846FCF7B2FE054648B315
S315900196E04389132B06D8154B40F22372144915481A
S315900196F010F0D2FC6C684046FBF7CCFB2080BDF89D
S315900197001800FBF7C7FB676060803046FBF7C5FB27
S31590019710A0609DF81C0040F4A040FBF7BBFBA08124
S31590019720BDF82000FBF7B6FB0023E0812374637438
S31590019730A374E3742846BDE8F08100BF6C330390AF
S315900197404D340390211803907FB50D461646044675
S3159001975030B90D4B40F242720C490D4810F09CFC09
S31590019760638D32462946029310230193238B0093EE
S31590019770E38A606AFFF7A6FF18B1628D636A1344A4
S31590019780E36204B070BD00BF6C3303907B340390E9
S315900197902118039030B9044B40F25672034904489C
S315900197A010F07ABC704700BF6C330390A0340390DD
S315900197B021180390F0B5044685B017461E460D460E
S315900197C031B9154B40F287721449154810F064FC73
S315900197D064B1207A50B1FCF7EBFC68B96FF00304E1
S315900197E02846FCF7C3FD204605B0F0BD304603F090
S315900197F057F90028F2D064B1E37AA47A062202904E
S3159001980039462846CDE90042324603F0C3FA04466A
S31590019810E6E7FF23F2E700BF6C330390C63403906B
S31590019820211803902DE9F04F91B0924604460A9380
S3159001983000230891ADF83E3058B9A94B4FF4CF7239
S31590019840A849A94810F028FC6FF00F0011B0BDE8A7
S31590019850F08F438E0793B0F86230079A5B08934274
S3159001986028BF1346002B18BF1A46089B079223B9A7
S315900198709B4B40F2AD129D49E3E7037D9A1E022A66
S3159001988002D9072B40F04C82BAF1000F1AD0B4F8E6
S315900198906430534506D2638B43F0800363834FF064
S315900198A0FF30D3E7B4F86620082AF4D8236F02B3C1
S315900198B043B9E36E33B98A4B40F255128C498A48C3
S315900198C010F0EAFBB4F86630E56E0693DDB9B4F8AC
S315900198D06870002F00F0B781814B40F24A2285498A
S315900198E0A8468148A94610F0D7FB2E462F460595E6
S315900198F0A0E013B9E36E002BE4D0794B4FF4AC7230
S315900199007D49DCE7059D2B68A8460593002BF9D187
S31590019910AE7A2B89B600079A06F0040633449A422A
S3159001992006DA6F4B4FF4F37274496F4810F0B4FB3B
S315900199302F89079BB4F86890DF1BADF83E90BF1B4B
S31590019940BFB2B9F1000F5AD0B94506D9644B4FF45D
S31590019950FC726B49644810F09FFBD1454E4628BF77
S315900199605646BE4228BF3E46A9EB06091FFA89F321
S31590019970ADF83E30002B37D1BF1BBFB2564580F0B4
S315900199805B81002F00F05C81B8F80890B9F1000F67
S3159001999000F05781AAEB06090A9BB945A8BFB946BB
S315900199A0D9071FFA89F52DD501233A462946002074
S315900199B002930A9BCDE900430DF13E03FFF7C4FDE7
S315900199C08346002800F0A981089B2A464068991988
S315900199D010F0E6FB5846FCF71DFE069B4FF000097A
S315900199E003449BB2069320E0B24500F031813C4B93
S315900199F04FF4007243493C4810F04EFBBCE74D468C
S31590019A004E46BBE7D8F804B05B46DBF800B0BBF135
S31590019A10000FF9D11A7B3F2A1DD85A895B681344E6
S31590019A20089A9A4217D176B9A94677194546CDF83B
S31590019A3014B0BFB20A9B4FF0000B03F00103CDF8AF
S31590019A402CB00C93C9E0264B40F231222E49264880
S31590019A5010F022FBE8E7012229460020FCF7F0FCF2
S31590019A608346002800F05981089B33444360B2E74E
S31590019A70AAEB0703079A9BB2934228BF13469BB260
S31590019A8009930C9B002B43D0BBFA8BF30999362093
S31590019A905B0902930A9BCDE900430DF13E03FFF763
S31590019AA053FD0546002853D04389099A934206D21D
S31590019AB00B4B40F2662215490B4810F0EDFA686897
S31590019AC0DDE90832D91910F06BFB2846FCF7A2FDA7
S31590019AD0069B03449BB2092B069361D9284635E030
S31590019AE06C330390EF34039021180390063503905D
S31590019AF0373503902136039071350390A335039042
S31590019B00BA350390DA350390F835039050360390C1
S31590019B10BDF83E3033B1844B40F27122834984487B
S31590019B2010F0BAFA012209993620FCF789FC78B12E
S31590019B30089A00210D903A4442604FF420723620E3
S31590019B40FCF77EFC0D9B054630BB1846FCF70EFCD8
S31590019B50638B43F080036383059B13B11846FCF72F
S31590019B6005FCBBF1000F02D05846FDF773FAB4F825
S31590019B706630002B3FF493AE236F002B7FF48FAEAC
S31590019B80E36E002B7FF48BAE674B40F22732694927
S31590019B90674810F081FA82E61946FCF75FFD94E773
S31590019BA0E36D0022294620463B440092FFF71CFDB7
S31590019BB005460028CCD0BBF1000F3BD00B9B33B9A7
S31590019BC0594B40F2AB225C49594810F065FA0B9B10
S31590019BD01D60099B0B953B449FB25745FFF448AFD7
S31590019BE046B1D8F80470002F36D1B8F808301E4423
S31590019BF0A8F80860BDF83E30A4F86830059B002BA4
S31590019C003BD0B8F1000F06D1474B4FF438724B4910
S31590019C10474810F041FA0599D8F80400FCF71EFD63
S31590019C20059AB8F8083012891344A8F80830C8F88C
S31590019C3000B04AE08346CCE737464FF00009F9E693
S31590019C40B9463746F6E6B9463E46B8460597F1E631
S31590019C504FF0000BD946C3E73B8933443B813B68C0
S31590019C604BB97B68324678890899184410F098FA6E
S31590019C707B8933447B813F68B5E7B9F1000F1FD0EB
S31590019C80B8F1000F02D0D8F8043033B9264B40F220
S31590019C90E6222B49264810F0FFF9D8F804301A89A4
S31590019CA019684A4492B21A8141B95A894A445A81E9
S31590019CB0B8F808309944A8F80890B8E70B46EEE74B
S31590019CC0B8F1000FB3D1C4F86CB0E36D5344E365BA
S31590019CD0B4F86430A3EB0A03A4F86430069BA4F8A5
S31590019CE0663053B1236F43B9E36E33B90E4B40F2ED
S31590019CF0123210490E4810F0CFF90DB1EB680BB93D
S31590019D000020A3E50A9A9207FAD49C890820FBF7CA
S31590019D10C1F8EB6804439C81F2E74FF0000B17E71B
S31590019D206FF00A0092E500BF6C3303908E36039074
S31590019D30211803901A3703909C360390AD36039001
S31590019D40E53603902DE9F74F0D46064630B95D4B42
S31590019D5040F24B325C495D4810F09EF9F46E002C4E
S31590019D6000F0AC805DB9574B40F253325849574891
S31590019D7010F092F96FF0050003B0BDE8F08F2389DA
S31590019D80AB4240F29680738EAB420FD24D4B40F26E
S31590019D905B3250494D4810F07FF9238933B9494BCD
S31590019DA04FF457724C49494810F076F994F80AB035
S31590019DB04FF42072B4F808A036204FEA8B07AAEB2D
S31590019DC0050107F004071FFA81F817FA81F189B2A4
S31590019DD0FCF736FB8146002870D06068228903899A
S31590019DE0D9F804109B1A424639442B449BB2FCF78E
S31590019DF0FBFC40455FD1E3689889FBF74BF810F07F
S31590019E000808C7B216BF4FF0080807F03F0707F0DA
S31590019E103707FB07E36848BF48F00108586848BF11
S31590019E2007F0FE07FBF739F842462B1849463046AC
S31590019E30CDF800B0FFF7D8FB804600283BD060688C
S31590019E40A5EB0A05FCF7E6FBB6F866301FFA85F92D
S31590019E501B1A6068A6F86630038913FA85F5A9B2CC
S31590019E60FCF780FB238938469944E368A4F8089067
S31590019E709D89FBF70FF8E368054360689D81FCF7C0
S31590019E80C9FBB6F866301844A6F86600D8F80400FF
S31590019E90FCF7C0FBB6F8663018442368A6F866004E
S31590019EA0C8F80030C4F80080D8F800300BB9A6F88D
S31590019EB06830002060E74846FCF758FA4FF0FF30CB
S31590019EC05AE700BF6C3303903837039021180390FB
S31590019ED05A3703907C370390893703902DE9F743DE
S31590019EE011F0030804460E4606D13E4B40F211424C
S31590019EF03D493E4810F0D0F834B93A4B40F21342FE
S31590019F003B493A4810F0C8F8C6F340074FF420721F
S31590019F1036204FEA87094946FCF792FA054640B939
S31590019F20638B4FF0FF3043F08003638303B0BDE84A
S31590019F30F08343894B4506D22A4B40F239422D494B
S31590019F402A4810F0A9F8294600973246E36D204633
S31590019F50FFF74AFB05460028E2D0C3689A0706D068
S31590019F60204B40F242422449204810F095F82B8923
S31590019F7033B11C4B40F2434220491C4810F08CF8F7
S31590019F80E36EDBB9E5660023A4F86830B8F1000FFB
S31590019F9008D0E36D0133E365F30742BF638B43F06A
S31590019FA0200363836868FCF735FBB4F86630184480
S31590019FB080B2A4F8660038B90020B7E71A461B6844
S31590019FC0002BFBD11560DEE7236F002BF4D1E36EF6
S31590019FD0002BF1D1034B40F265420949034810F039
S31590019FE05BF8E9E76C330390973703902118039058
S31590019FF0EC3703900B380390443803905C38039008
S3159001A00086380390F8B5044630B9134B40F2EB32DB
S3159001A0101249134810F040F8E56E4DB12F462D6860
S3159001A020002DFBD1FB689889FAF734FF430705D0D9
S3159001A03020460121BDE8F840FFF750BFFB6801209B
S3159001A0409E89FAF727FFFB68064328469E81638B14
S3159001A05043F020036383F8BD6C330390AE380390CD
S3159001A060211803902DE9F041044630B91C4B40F27A
S3159001A07063621C491C4810F00FF8256F45B96FF0C3
S3159001A0800500BDE8F081FFF749FA0028F7D12D6860
S3159001A0902B682846002BF6D1FFF740FA0646002892
S3159001A0A0EDD1E36E2B60236FC4E91B30638B43F4D0
S3159001A0B000636383EB685868FAF7EFFEEB6807462F
S3159001A0C0B5F808809889FAF7E5FE10F0030347443E
S3159001A0D0304618BF012366633B44E364D1E700BF72
S3159001A0E06C330390C838039021180390F8B5044651
S3159001A0F030B91B4B40F2C1621A491B480FF0CCFF95
S3159001A100256F15B96FF00500F8BD2846FFF706FAD9
S3159001A1100028F7D12B6804F16C062367336883B95D
S3159001A12033682B6035602B680BB9A4F8683094F8C6
S3159001A13042300020FF2B60631CBF013384F842300C
S3159001A140E2E7DB685868FAF7A8FEEB6807465868B5
S3159001A150FAF7A3FE3F1A002FE2DA3668DEE700BF70
S3159001A1606C330390EC3803902118039038B504466C
S3159001A17030B9154B40F2F962144915480FF08CFF2E
S3159001A180236FFBB1638B5B071CD42046FFF7AEFFB1
S3159001A190C0B9B4F86010B4F848302086994228BF07
S3159001A1A01946638E5D004A10B5EB510F2B4488BF5B
S3159001A1B02A461344A4F84A20A4F84830638B43F006
S3159001A1C00403638338BD00BF6C3303900439039055
S3159001A1D0211803902DE9FF47DDF8308006460F469A
S3159001A1E01446BDF834901D46BDF838A033B9184BC6
S3159001A1F040F2C472174918480FF04EFFB8F1000F9C
S3159001A20006D1134B40F2C572144913480FF044FF1F
S3159001A2103846FAF742FE142346F208010246CDF873
S3159001A22000A02046CDE901314B460021FFF74AFABD
S3159001A230044650B1FFF7AEFA43462A4621463046C8
S3159001A24004B0BDE8F047FFF7B5BA04B0BDE8F087B2
S3159001A2506C33039021390390211803903B39039075
S3159001A26038B5044630B9144B40F2EA721349144892
S3159001A2700FF012FF206DFAF710FE002102462046DC
S3159001A280FFF762FA054630B9638B6FF0010043F030
S3159001A2900303638338BDFFF77DFA231D22462946C2
S3159001A2A02046FFF787FA638B18B143F003039BB2FD
S3159001A2B0EFE723F00303FAE76C33039056390390E3
S3159001A2C0211803902DE9F04F044687B030B98E4B93
S3159001A2D040F2E1428D498E480FF0DEFE237D012B3F
S3159001A2E006D1894B40F2E3428A4989480FF0D4FE60
S3159001A2F0894B1B68A34200F06F81E56EB4F84880E4
S3159001A300B4F860604DB9638B980740F1618120463E
S3159001A31007B0BDE8F04FFFF7A3BF207A04F1040917
S3159001A32040B3FBF745FF0746002800F06E8123688E
S3159001A3300BB943682360EB68B045586828BFB046AF
S3159001A340FAF7ABFD2B89626C9B1A0344434515D9E9
S3159001A350B4F860304345D6D1236F002BD3D194F80E
S3159001A3609930002BCFD14FF4807284F89A30A4F8AB
S3159001A3709820C8E7484602F093FBD4E70023266F5E
S3159001A38084F8993026B133463668002EFBD11E46A5
S3159001A390DFF874A1DFF878B1DCE0237D022B09D0D8
S3159001A3A0EB6810209B890493FAF774FD049BEA6885
S3159001A3B0034393812846FFF7B1F8002870D1EB68E3
S3159001A3C0606A0493FAF769FD049B9860EB68608D67
S3159001A3D00493FAF75FFD049B628DD881636A1344F7
S3159001A3E0E362AA7AEB68D2074AD403F11402B4F96C
S3159001A3F03030002BBCBF00232386636B4BB9474992
S3159001A400EB680968049261635868FAF746FD049A05
S3159001A410A0636968EB684868B1F80AC0181A4B607E
S3159001A42080B2ACEB000CA1F80AC0B1F808C0ACEB55
S3159001A43000000881002119745974A97A11F0010F4D
S3159001A4400CBF142118210B449A4206D0534640F270
S3159001A4501C62334958460FF01FFE062302974A465F
S3159001A46021460193A37A0093E37A686802F092FCFD
S3159001A470B0B1638B43F08003638307B0BDE8F08F7F
S3159001A4804A4639464FF406700493FCF79FFE40F016
S3159001A4900170FAF702FD049B03F118025861A6E7D1
S3159001A4A02B68E366237D022B1EBF638B23F0030388
S3159001A4B06383EB685868FAF7F0FC2989EB68049195
S3159001A4C005909889FAF7E6FC10F00303DDE904128A
S3159001A4D018BF01230A441344226DD21A002AEA684E
S3159001A4E0B8BF23652B8904939089FAF7D3FC830728
S3159001A4F003D1049B002B00F0848000232B60236FF3
S3159001A50083B925672E4622E06C3303907639039002
S3159001A510211803908E390390DC760124D876012494
S3159001A520CB390390EB685868FAF7B7FCF268049058
S3159001A5305068FAF7B2FC049B1B1A002B5FDA04F100
S3159001A54070031A68002A49D11A682A601D60E56E5F
S3159001A550002D3AD0EB685868FAF79FFC636CC01AE5
S3159001A5602B89184440452ED8EB689889FAF792FCC6
S3159001A570410706D5534640F23652254958460FF0C3
S3159001A5808BFD236F002B3FF408AF628B12F0440FC3
S3159001A5907FF403AFE36E43B1196800297FF4FDAEF2
S3159001A5A01989638E9942BFF4F8AEB4F86430002BE2
S3159001A5B03FF4F3AEB4F86630082B3FF6EEAE12F0E8
S3159001A5C0A00F7FF4EAAEE36E13B90023A4F86830C6
S3159001A5D0638B23F08003638300204EE7D268059353
S3159001A5E05068FAF75AFCE96804904868FAF755FCFE
S3159001A5F0049A059B121A002AA6DA1B68A1E7356010
S3159001A60080E72846FCF718FDA1E76FF0030034E7D1
S3159001A610B439039010B5044630B9094B4FF4D3625F
S3159001A620084909480FF038FD94F842302046FF2B2F
S3159001A6301CBF013384F84230BDE81040FFF742BE9B
S3159001A6406C330390DE3903902118039010B50446BC
S3159001A65030B9084B40F2AD62074908480FF01CFD2E
S3159001A6602046FFF7FFFC20B92046BDE81040FFF7D2
S3159001A670D1BF10BD6C330390013A0390211803901A
S3159001A68070B5044630B90F4B40F624020E490F4877
S3159001A6900FF002FD206D0138FAF7FFFB002102460B
S3159001A6A02046FFF751F8054648B1FFF773F8231D89
S3159001A6B0224629462046BDE87040FFF77BB84FF009
S3159001A6C0FF3070BD6C3303901D3A039021180390AF
S3159001A6D02DE9F041064630B92C4B40F64F022C49F4
S3159001A6E02C480FF0D9FCF56E002D49D096F89A308A
S3159001A6F0FF2B1CBF013386F89A30EB689889FAF7DD
S3159001A700C9FB10F00104EB68304618BF2C895A68D2
S3159001A7101CBFB4FA84F4640984F00101FFF714F8BC
S3159001A720074680B3D0F80480FCB1B8F80C401120EC
S3159001A730FAF7B0FB24F47C54A4B22043A8F80C0099
S3159001A740EB685868FAF7A9FB336D01301B1A002B99
S3159001A750B8BF30653846FFF71DF8331D3246394686
S3159001A7603046BDE8F041FFF725B8686808F1140155
S3159001A7702A8903899B1A01229BB2FCF735F8DFE7F8
S3159001A7802846BDE8F0814FF0FF30FAE76C3303902D
S3159001A790383A03902118039070B504460B200E4663
S3159001A7A01546FBF72BFB38B9104BBE2210491148C1
S3159001A7B0BDE870400FF070BC00230F4A44600360FF
S3159001A7C01368C0E902650BB9106070BD5968611ACA
S3159001A7D0002901DA0360F7E719461B681BB15A682D
S3159001A7E0A21A002AF8DA03600860EEE75B3A039052
S3159001A7F08F3A0390211803901C77012470B5436812
S3159001A80004469847F5F788FD074B0546266818686C
S3159001A810224606493044431B002BB8BF7019BDE848
S3159001A8207040FFF7B9BF00BF18770124FDA70190CB
S3159001A830B0F1804F70B504460D46164606D3084BC7
S3159001A84040F22912074908480FF026FCF5F764FDF6
S3159001A850324629462044BDE87040FFF79DBF00BFB0
S3159001A8605B3A0390CC3A039021180390084B1A68EF
S3159001A87062B9084A126812B9074A126832B10122BE
S3159001A8800649FA201A600022FFF7D2BF704700BF2F
S3159001A89014770124CC760124C8760124A1A80190CD
S3159001A8A008B5FDF75BFB084B1B6813B9074B1B6893
S3159001A8B033B100220649FA20BDE80840FFF7B8BF38
S3159001A8C0044A136008BD00BFCC760124C8760124E2
S3159001A8D0A1A801901477012470B5064D0124064E66
S3159001A8E055F8080F013431462A46FFF7A1FF062C89
S3159001A8F0F6D170BDE04B0390FDA701902DE9F04193
S3159001A900F5F70AFD0C4E0446DFF83080316889B1BF
S3159001A9104B68E21A002A0DDB0A680B20C8F8003052
S3159001A9203260D1E90257FBF797FA002DEED03846FF
S3159001A930A847EBE7BDE8F0811C770124187701243D
S3159001A94010B5074C23683BB1F5F7E6FC23685B68C5
S3159001A950181A48BF002010BD4FF0FF30FBE700BF2B
S3159001A9601C77012408B50FF02FFB6FEA8040024B4C
S3159001A9706FEA9040188008BDF60C00242DE9F04F3F
S3159001A980884685B0054628B95E4BCF225E495F4819
S3159001A9900FF082FBB8F1000F05D15A4BD0225C49DA
S3159001A9A05A480FF079FB6B89072B05D8284605B0D5
S3159001A9B0BDE8F04FFBF7DABC564F00266C68396854
S3159001A9C0B246786902F0F7F9DFF858B181462088E6
S3159001A9D0FAF760FA02906088FAF75CFADBF80040C1
S3159001A9E003903CB9002E48D1D8F804207B699A424D
S3159001A9F043D0DBE7638A039A934250D1B8F1000FB3
S3159001AA0005D1404B8822444940480FF045FB227AB4
S3159001AA1032B17B6893F834300133DBB29A423ED13E
S3159001AA202368B9F1000F35D03BB17A69511C04D036
S3159001AA305A40D8F808100A4231D1227C52070FD4D5
S3159001AA40002E2FD0B9F1000F0AD07A69013207D1C1
S3159001AA50D8F804203168914202D09A4208BF26461E
S3159001AA60A38A029A93421AD1636813B13A699342BF
S3159001AA7015D1BAF1000F17D1264608212846FBF7C2
S3159001AA8041FCD0B11F4B4FF4B87224491F480FF0C7
S3159001AA9003FB8BE7002BD0D07A699342CDD0A246A7
S3159001AAA0E4689EE72646DBE7E368CAF80C30DBF8F4
S3159001AAB00030CBF80040E360DEE76EB1B469002C5C
S3159001AAC03FF474AF029B2A4631460093144BF069CA
S3159001AAD0A04705B0BDE8F08FB9F1000F7FF466AFDE
S3159001AAE07B6903F0F003E02B3FF460AFB989284608
S3159001AAF0083109B2FBF732FC0321284601F0AEFF7B
S3159001AB0054E700BF023B0390313B03902118039019
S3159001AB10493B0390F41D0124623B0390873B0390CC
S3159001AB20041E0124207701242F4B2DE9F0410029A1
S3159001AB3014BF0F461F4650B92C4B40F2B7322C49E1
S3159001AB402C480FF0A9FA6FF00F00BDE8F0812A4E5C
S3159001AB503468214651B97AB13D6823467BBB3B683F
S3159001AB604282036000293BD00020EEE7814201D06A
S3159001AB70C968EFE70121EEE7DFF880C04FF4804224
S3159001AB804FF6FF7EBCF800307345254616BF01335C
S3159001AB904FF440439BB20DB91A4607E0B5F81280BF
S3159001ABA098450AD1013A92B2002AEDD1ACF800301B
S3159001ABB0002AD4D16FF00700C7E7ED68EBE783422F
S3159001ABC00CD0B3F812C0944508D1D3F800C0AC4567
S3159001ABD0F0D0002DEED0BCF1000FEBD0DB68BDE7D5
S3159001ABE0C4603060C0E700BF184C0390023B0390ED
S3159001ABF0A23B03902118039020770124F60C0024A0
S3159001AC002DE9F04F85B00E46904699460746DDE907
S3159001AC100EBA60B93E4B40F2D1223E496FF00F0514
S3159001AC203D480FF039FA284605B0BDE8F08F21B9B5
S3159001AC30374B40F2D2223949F0E722B9344B40F2F0
S3159001AC40D3223749EAE7BAF1000F04D1304B4FF4DA
S3159001AC5035723449E2E7BBF1000F04D12C4B40F237
S3159001AC60D5223149DAE7428A3AB132894FF6F773FA
S3159001AC709A4209D94FF0FF35D5E70146FFF754FFC0
S3159001AC8005460028F1D0CEE708213046FBF737FB81
S3159001AC9000283AD04FF4207208212220FBF7D0FBEE
S3159001ACA004460028E6D0338913B13146FBF710FDEF
S3159001ACB06389072B06D8164B40F20D321B4916486D
S3159001ACC00FF0EAF96568788AFAF7E4F82880484639
S3159001ACD0FAF7E0F800236880AB71EB712089FAF7F7
S3159001ACE0D9F81123A8804246CDF808B05146019370
S3159001ACF02046BB7A0093FB7A01F0D0FFB442054619
S3159001AD0091D02046FBF732FB8DE73446D0E700BF62
S3159001AD10023B0390B83B039021180390D73B0390D5
S3159001AD20F73B0390193C03903B3C03905C3C0390AA
S3159001AD3073B5069C50B9184B4FF4207217491848B1
S3159001AD400FF0AAF96FF00F0002B070BD21B9124B46
S3159001AD5040F281221349F2E722B90F4B40F2822247
S3159001AD601149ECE724B90C4B40F283220F49E6E7EF
S3159001AD7005681DB105F0F006E02E05D1251DCDE93A
S3159001AD800045FFF73DFFDFE76668B54201D105460D
S3159001AD90F5E76FF00300D7E7023B03908A3C0390F7
S3159001ADA021180390A53C0390C13C0390DF3C03908E
S3159001ADB0F7B50E4615461F46044650B9154B4FF446
S3159001ADC00672154915480FF067F96FF00F0003B039
S3159001ADD0F0BD21B90F4B40F219221149F2E722B980
S3159001ADE00C4B40F21A220F49ECE7007A50B1FBF76F
S3159001ADF0DFF958B100903B462A4631462046FFF787
S3159001AE0097FFE4E7104601F04BFEF2E76FF003007F
S3159001AE10DDE700BF023B0390FC3C039021180390B1
S3159001AE20143D03902D3D0390024610B548B90B4B46
S3159001AE3040F2D5120A490B480FF02EF96FF00F0028
S3159001AE4010BD21B9054B4FF4EB720749F3E7838A9D
S3159001AE500432BDE81040FFF7ABBF00BF023B039041
S3159001AE60483D0390211803905E3D039070B50D46C1
S3159001AE701646044648B9154B40F2354214491548D1
S3159001AE800FF00AF96FF00F0070BD21B90F4B40F228
S3159001AE9036421149F3E7428A72B12B680F4A6360D1
S3159001AEA0237C116843F00403A68223740B464BB9A5
S3159001AEB0E16014600020E7E70146FFF735FE0028C0
S3159001AEC0EBD0E1E7A342F5D0DB68F0E7023B0390D4
S3159001AED0753D0390211803908E3D039020770124B0
S3159001AEE030B9054B40F28A42044905480FF0D4B86F
S3159001AEF0C0E90612704700BF023B0390AA3D03903A
S3159001AF0021180390014630B90D4B40F2A1420D49EB
S3159001AF100D480FF0C1B80D4A1368834204D1C36836
S3159001AF2013600120FAF798BF002BFAD01A46DB6816
S3159001AF30002BF6D08B42F9D1CB68D360F1E700BFF5
S3159001AF40023B0390C03D0390211803902077012482
S3159001AF5010B50120FAF752FF044628B120220021AC
S3159001AF600FF0DEF8FF23E372204610BDFFF7F0BF26
S3159001AF7010B538B103682BB121B10B6813B1064BEB
S3159001AF801B6803B910BD1C680268944204BF0A6825
S3159001AF901A60DB68F5E700BF2077012443798B427D
S3159001AFA01FBF00234171837103817047F8B5871CD8
S3159001AFB004460D461646442F06D9074B40F2AE522B
S3159001AFC0064907480FF068F8330AB8B22B55013491
S3159001AFD0A4B22E55F8BD00BFD83D03900D3E039007
S3159001AFE021180390F8B51E46023304460D4650FAD1
S3159001AFF083F31746442B06D9064B40F29A520649DB
S3159001B00006480FF049F8631CA01C2F559BB280B2DD
S3159001B010EE54F8BDD83D0390483E03902118039015
S3159001B020432870B504460D46164606D9054B40F29F
S3159001B030A652054905480FF02FF8601C2E5580B28F
S3159001B04070BD00BFD83D03908A3E039021180390AE
S3159001B050F8B5071D04460D461646442F06D90B4BE7
S3159001B06040F2B7520A490B480FF016F8330E320CDC
S3159001B0702B55631CB8B29BB2EA54A31C0334320A13
S3159001B0809BB2A4B2EA542E55F8BD00BFD83D0390A9
S3159001B090BF3E0390211803902DE9F8430E46904642
S3159001B0A09946054650B93C4B40F269723B493C483A
S3159001B0B00EF0F2FF00273846BDE8F88321B9364BEA
S3159001B0C040F26A723749F2E74FF420724FF49A715F
S3159001B0D03620FBF7B5F907460028EBD04389B3F53F
S3159001B0E09A7F06D22C4B40F271722F492C480EF062
S3159001B0F0D3FFB8F1030F02D17379032B07D1B3793B
S3159001B1002A4C13B90EF060FF2060236833607C6887
S3159001B1104FF49A72002120460FF002F80123237012
S3159001B120637095F83030A3703068F9F7B6FE4FF436
S3159001B130C873606023FA08F3DB0706D4B8F1030FEE
S3159001B14005D17379043B012B01D86B68E36005F156
S3159001B150290304F11B022F3513F8011FAB4202F8A4
S3159001B160011FF9D16FF07D026323F034002004F8BA
S3159001B170032C532204F8043C04F8022C352204F8DB
S3159001B180013C01232146FFF72DFF42462146FFF759
S3159001B19047FFA9F800008EE7D83D0390F93E03904A
S3159001B1A021180390183F0390363F0390247701248A
S3159001B1B00346104630B45C1CFF25A2B2CD5411FA59
S3159001B1C084F100251446432C0BD9442AC3F143013B
S3159001B1D003F1F10388BF0021194430BC89B2FBF712
S3159001B1E0C1B9013401F8015BA4B2ECE72DE9F04352
S3159001B1F00023446A85B0074606212046E361012271
S3159001B200FFF7CCFE0DF10E0321463846FFF744FFBA
S3159001B2100546B0B3466802233922BDF80E00F036D2
S3159001B220DFF8AC904FF004083146FFF7DBFE3A8D1C
S3159001B2303146FFF7BBFE042337223146FFF7D2FE94
S3159001B240ADF80E0008F1FF3819F8012B3146BDF81B
S3159001B2500E00FFF7E5FE18F0FF08ADF80E00F1D1EC
S3159001B2602A463146FFF7A4FF164B17482946174A37
S3159001B270CDE9007343230068FFF7C2FC2846FBF72C
S3159001B28075F8A3790020FF2B1CBF0133A371A27916
S3159001B290052A97BF01234EF660239340C3EB4312D1
S3159001B2A098BF03EB82034FF4FA729CBFDB009BB20B
S3159001B2B003F2F3139BB2B3FBF2F3238105B0BDE81E
S3159001B2C0F08300BF184C03902C770124144C039003
S3159001B2D0104C039038B5446A054608210022204651
S3159001B2E0FFF75CFE04F11C01284601F089F9A37968
S3159001B2F0FF2B1CBF0133A3710123238138BD0000AD
S3159001B30013B5044648B93C4B40F215423B493C487B
S3159001B31002B0BDE810400EF0BFBE406A20B9364B70
S3159001B32040F217423749F2E700234382836A5A1C57
S3159001B33006D01E33B3F5701F3FD34FF6FF7383824A
S3159001B340C36A591C0BD01E33B3F5701F3CD23B2BED
S3159001B3503DD93C22B3FBF2F39BB24381C381036B8C
S3159001B3605A1C0BD01E33B3F5701F32D23B2B33D9F7
S3159001B3703C22B3FBF2F39BB2838103828389428998
S3159001B3809A4202D30BB100234381C37933B3036A43
S3159001B390426A0093019222B9C269134043F08073C5
S3159001B3A001930A216A46FFF7F9FD00F11C0101ABF1
S3159001B3B02046FAF7B3FD02B010BD3B2B8ABF3C2263
S3159001B3C00123B3FBF2F3BAE74FF6FF73C5E7012307
S3159001B3D0C3E74FF6FF73CFE70123CDE790F91C2022
S3159001B3E0037F002A06DABF2B4FF6FF7388BF6FF0F3
S3159001B3F07F43CDE7FF23CBE7D83D0390763F03907C
S3159001B400211803908F3F039038B5154D2B78F3B9DA
S3159001B410144C23682BB1144BE522144914480EF0B1
S3159001B4203BFEFFF795FD2060B0B1427A114942F09B
S3159001B430200242724422FFF777FB43220D4920688E
S3159001B440FFF714FD00220C492068FFF749FD2B7880
S3159001B450002001332B7038BD4FF0FF30FBE700BF62
S3159001B460287701242C770124D83D0390A73F039098
S3159001B47021180390184C039095B7019038B50A4D51
S3159001B4802B782BB9094BFF2209490A480EF004FE85
S3159001B4902C78013CE4B22C7024B9074D2868FFF74B
S3159001B4A031FD2C6038BD00BF28770124D83D03902B
S3159001B4B0CC3F0390211803902C7701242DE9F0437A
S3159001B4C0446A85B0032107462046FFF767FD0A4681
S3159001B4D00DF10E0321463846FFF7DEFD064600289C
S3159001B4E043D0456802233922BDF80E00F035DFF8C6
S3159001B4F0BC902946FFF776FD4FF410722946FFF767
S3159001B50055FD042332222946FFF76CFD8046E069FA
S3159001B510F9F7C3FC2946024640464FF00408FFF767
S3159001B52097FD042337222946FFF75CFDADF80E00FF
S3159001B53008F1FF3819F8012B2946BDF80E00FFF7DF
S3159001B5406FFD18F0FF08ADF80E00F1D1324629468D
S3159001B550FFF72EFE134800974323134A314600689E
S3159001B560FFF7E6FB3046FAF701FFA379FF2B1CBFE5
S3159001B5700133A371A379092B96BFC3EB431242F210
S3159001B580107303EB82034FF4FA729CBFDB009BB2FC
S3159001B59003F2F3139BB2B3FBF2F3238105B0BDE83B
S3159001B5A0F08300BF2C770124144C0390104C039028
S3159001B5B037B50023224D0446C0E90833EB7813B121
S3159001B5C0204BDB6883622B79002B31D01D4B1B6995
S3159001B5D0E3626B79002B2ED01A4B5B6923630B695F
S3159001B5E0E361AB792BB1174B9869F9F756FC0123B7
S3159001B5F02062E371EB7923B1124BD869F9F74DFCCF
S3159001B60060622B7A93B10F4C206AF9F746FC01A937
S3159001B61001900020F9F754FF6B7A3BB1606AF9F714
S3159001B6203CFC01A901900120F9F74AFF03B030BD16
S3159001B630A36A5B08CCE7A36AC3EBC303DB08CDE738
S3159001B640307701243C7701242DE9F043074685B0F4
S3159001B65048B9484B40F277124749484805B0BDE88A
S3159001B660F0430EF019BD446A24B9424B40F2791267
S3159001B6704349F2E701212046FFF790FC03220DF1A1
S3159001B6800E0321463846FFF707FD0646002852D09D
S3159001B690456802233922BDF80E00F035DFF8F090A7
S3159001B6A02946FFF79FFC3A8D2946FFF77FFC042335
S3159001B6B032222946FFF796FC8046E069F9F7EDFBC1
S3159001B6C0294602464046FFF7C3FC04233622294603
S3159001B6D0FFF788FC8046A069F9F7DFFB2946024609
S3159001B6E040464FF00408FFF7B3FC0423372229465E
S3159001B6F0FFF778FCADF80E0008F1FF3819F8012B29
S3159001B7002946BDF80E00FFF78BFC18F0FF08ADF83F
S3159001B7100E00F1D132462946FFF74AFD194B1A48D8
S3159001B72031461A4ACDE9007343230068FFF768FA58
S3159001B7303046FAF71BFEA379FF2B1CBF0133A37189
S3159001B740A279052A97BF01234EF660239340C3EB56
S3159001B750431298BF03EB82034FF4FA729CBFDB004E
S3159001B7609BB203F2F3139BB2B3FBF2F3238105B0C1
S3159001B770BDE8F083D83D0390F03F039021180390E4
S3159001B7800B400390184C03902C770124144C039092
S3159001B790104C03909A4B2DE9F04F5F688BB093460E
S3159001B7A052687B6A0193002B67D01B79002B64D07A
S3159001B7B0BBF80A302B2B60D91378022B5DD197F801
S3159001B7C0304007F1290102F11B000023DDB2AC42A2
S3159001B7D001D9062B4AD15068F9F75FFB019B1B688B
S3159001B7E098424AD1874A0023136053601381BBF86C
S3159001B7F00A202B2A41D9BBF808A04FF0F0090393F0
S3159001B800D846B8F1000F38D0B8F80A3099453AD2EF
S3159001B810D8F8043005934B46534503D2059AD25C2A
S3159001B820FF2A3BD1774A1378002B40F05B81039B2B
S3159001B830002B40F05F815378FBB17349DBF80450DC
S3159001B8400B79052B40F07381019B5B79012B40F0BD
S3159001B8506281786A2946FFF7ABFE97F83130384610
S3159001B8601B0740F16181FFF735FD06E011F8016F85
S3159001B870013310F8015FAE42A8D058460BB0BDE82F
S3159001B880F04FFAF773BDA9EB0309AAEB0303D8F8B6
S3159001B89000801FFA89F91FFA83FAB2E7991C89B2D7
S3159001B8A08B420491E9D8591CB8F80A0081420CDA06
S3159001B8B0059818444478062A17D8062A19D8DFE835
S3159001B8C002F0B71C182418182F00D8F80040002C45
S3159001B8D0F1D060680478EEE7082A0AD8DFE802F02A
S3159001B8E06268777D090909838900333AD1B20829BB
S3159001B8F0F2D94FF0FF3600251FE0042C00F0B180FD
S3159001B900424B40F22E62424906E0032C00F2AC8093
S3159001B9103E4B40F233623F493F480EF0BDFBACE7E8
S3159001B920A10704D0394B40F239623C49F4E7082C1F
S3159001B93025464FF0080628BF082523444FF6FD7289
S3159001B94093429ADC002D00F0C280002309932D4B7F
S3159001B950F3180693049B092E029306D92B4B4FF4A9
S3159001B960CF622F492C480EF097FB069B1B78002B34
S3159001B97040F0AD80042D2A46029B09A928BF0422D6
S3159001B98040460792FAF730FF079A82427FF475AFE5
S3159001B990042D40F29280AA0778D01C4B40F2816226
S3159001B9A02049B9E7042C62D0184B40F24162AAE7CC
S3159001B9B0012C04D0154B40F24F621B49ACE7B9F10B
S3159001B9C0F00F57D0114B40F251621849A4E7012C60
S3159001B9D056D00E4B40F25562EFE7042C4DD00B4BEF
S3159001B9E040F259628FE7042C4AD0084B40F25D62CF
S3159001B9F089E7042C47D0054B40F2616283E700BF8B
S3159001BA00F41D0124307701243C770124D83D03901D
S3159001BA10254003902E40039021180390784003907F
S3159001BA2060400390714003904040039049400390D9
S3159001BA308BB2B8F80A209A423FF6EEAE9B1AAAEB61
S3159001BA4002029BB21FFA82FA5345BFF416AFD8F899
S3159001BA500080B8F1000F41D14D4B40F29D624D49A6
S3159001BA605AE72546062668E70726042565E725460B
S3159001BA70032662E7254600265FE7254602265CE710
S3159001BA802546264659E72546052656E7069B4FF055
S3159001BA9001020998043D03F8012B0693F9F7FDF984
S3159001BAA03D4BEDB2029A43F82600029B04339BB2BA
S3159001BAB09A423FF6E2AE01364DE70CD10998F9F775
S3159001BAC0ECF9364B01229A55334B43F82600049BE9
S3159001BAD01C44A3B2ADE79DF82400F2E7D8F8042000
S3159001BAE0059299E62C4B00211B681170012B0DD004
S3159001BAF0022B06D100234FF06C0A4FF02C090393C9
S3159001BB007EE6032B7FF493AE012303934FF0EC0A69
S3159001BB104FF06C0974E6033B022B3FF6AEAE786AA2
S3159001BB202946FFF745FD3846FFF7EAFBA5E6062BC2
S3159001BB3015D1019B5B79DA1E022A02D9012B7FF47A
S3159001BB409CAE786A0C21FFF729FA154B38461A46AE
S3159001BB501946FAF7E3F93846FFF748FB8DE6022BCB
S3159001BB607FF48BAE019B5B79062B7FF486AE93783F
S3159001BB707C6A002B3FF481AE039B88682381F9F799
S3159001BB808CF9A0612B693846E361FFF75DFD74E698
S3159001BB90D83D0390864003903C7701243077012469
S3159001BBA0184C039038B5456A0446FDB16B79052B5F
S3159001BBB009D8022B09D8CBB100232046AB71BDE839
S3159001BBC03840FFF713BB0A2B06D100232046AB71F1
S3159001BBD0BDE83840FFF772BC0C2BEDD9044B40F20F
S3159001BBE06D32044904480EF057FAE5E738BD00BFB7
S3159001BBF0D83D0390BD400390211803902DE9FF4154
S3159001BC00064648B9264B40F28B322649264804B05F
S3159001BC10BDE8F0410EF040BA446A002C3DD06379FC
S3159001BC20082B3AD10A68E3699A4236D10C2120460B
S3159001BC30FFF7B4F904220DF10E0321463046FFF7C2
S3159001BC402BFA054610B3476804233222BDF80E003D
S3159001BC50F0373946FFF7C6F98046E069F9F71DF9DD
S3159001BC60394602464046FFF7F3F92A463946FFF729
S3159001BC709FFA0E4B0E4829460E4ACDE9006343239F
S3159001BC800068FEF7BDFF2846FAF770FBA379FF2BF4
S3159001BC901CBF0133A3711423238104B0BDE8F08145
S3159001BCA0D83D0390813F039021180390184C03903F
S3159001BCB02C770124144C03902DE9F043446A85B006
S3159001BCC00746052120460322FFF768F90DF10E0379
S3159001BCD021463846FFF7E0F90546002853D04668D5
S3159001BCE002233922BDF80E00F036DFF8A4904FF00A
S3159001BCF004083146FFF776F93A8D3146FFF756F942
S3159001BD00042337223146FFF76DF9ADF80E0008F19D
S3159001BD10FF3819F8012B3146BDF80E00FFF780F96F
S3159001BD2018F0FF08ADF80E00F1D131462A46FFF71B
S3159001BD303FFA16480097432304F1180229460068F2
S3159001BD40FEF7F6FF06462846FAF710FBA37930462A
S3159001BD50FF2B1CBF0133A371A379092B96BFC3EBAC
S3159001BD60431244F6206303EB82034FF4FA729CBFAD
S3159001BD701B019BB203F2F3139BB2B3FBF2F3238144
S3159001BD8005B0BDE8F0834FF0FF36DFE72C7701244D
S3159001BD90104C039050B1406A40B140790A2806D0C0
S3159001BDA0043801288CBF00200120C0B270470120C1
S3159001BDB0FBE700002DE9FF41446A0646002C4CD072
S3159001BDC06379002B49D0A36903930023C4E9063311
S3159001BDD0C4E90833C4E90B33A362E3812361A382E7
S3159001BDE0FFF7D8FF48B30DF10A03072221463046E3
S3159001BDF0FFF752F9054600B3476804233622BDF88A
S3159001BE000A00F0373946FFF7EDF880460398F9F7BF
S3159001BE1044F8394602464046FFF71AF92A4639460A
S3159001BE20FFF7C6F90E480096432303AA29460068F0
S3159001BE30FEF77EFF2846FAF799FA0A4B30461946DD
S3159001BE401A46FAF76BF800212046FFF7A7F82379EF
S3159001BE501BB1FFF713FB0023237104B0BDE8F081FA
S3159001BE602C770124184C039070B5044650B9244B95
S3159001BE7040F2E72223496FF00F0623480EF00CF9A2
S3159001BE80304670BD90F83130DA0704D41C4B4FF42C
S3159001BE903A721E49EFE7038D456AB3F5107F02D2D8
S3159001BEA04FF0FF36ECE7DDB93420F9F78FFE054602
S3159001BEB00028F5D060623422002128460EF030F930
S3159001BEC0FFF7A2FA06460028EAD101232B7194F8CE
S3159001BED031305B070AD402212846FFF75FF8CFE796
S3159001BEE02B79002BE7D0FFF7C9FAE4E72046FFF755
S3159001BEF07DF90028C4D02046FFF75CFFD0E700BF4C
S3159001BF00D83D0390813F039021180390D14003902F
S3159001BF10584B2DE9F0431D6885B015B905B0BDE8BC
S3159001BF20F0836C6A7CB163796BB1A18A69B1628ADB
S3159001BF30013292B29142628207D12846FFF73AFFC7
S3159001BF402846FFF791FF2D68E7E7228A002A72D0EB
S3159001BF50511E012A21826ED1013BDBB2092BF2D807
S3159001BF6040F2192222FA03F3DA07ECD5042120468E
S3159001BF70FFF714F803220DF10E0321462846FFF729
S3159001BF808BF80646B0B3476802233922BDF80E00F6
S3159001BF90F037DFF8EC904FF000083946FFF722F8BA
S3159001BFA02A8D3946FFF702F8042337223946FFF7DF
S3159001BFB019F8ADF80E0008F1010819F8012B394668
S3159001BFC0BDF80E005FFA88F8FFF72AF8ADF80E0073
S3159001BFD0B8F1040FEFD132463946FFF7E9F8264812
S3159001BFE000954323254A31460068FEF7A1FE304667
S3159001BFF0FAF7BCF9A379FF2B1CBF0133A371A3797F
S3159001C000092B96BFC3EB431242F2107303EB8203E3
S3159001C0104FF4FA729CBFDB009BB203F2F3139BB20F
S3159001C020B3FBF2F3628A2381A38A9B1A012B8ADDE1
S3159001C0305B10238287E7E289002A84D0511E012A68
S3159001C040E18180D1013BDBB2092B3FF67CAF40F217
S3159001C050112222FA03F3DB077FF575AF2846FFF726
S3159001C0602BFEA389628A9B1A012BC4BF5B10E381C5
S3159001C07069E700BFB87601242C770124144C03900C
S3159001C080104C0390284B10B51C6804B910BD636A17
S3159001C09023B11A89012A03D9013A1A812468F4E74E
S3159001C0A0FCD100221A815A79013A0B2AF6D801A1BC
S3159001C0B051F822F0EDC001909DC001901BC10190F5
S3159001C0C09DC001909DC00190E5C001909DC00190D9
S3159001C0D007C101909DC001909DC001909DC00190A6
S3159001C0E0E5C001902046FFF781F8D7E79B79204676
S3159001C0F0052B02D8FFF7A8FAD0E7FFF75BFE20469B
S3159001C100FFF7B2FECAE79B792046012B02D8FFF7CB
S3159001C110E1F8C3E7FFF7F4F8C0E79B792046012BD6
S3159001C120E1D8FFF7CBF9B9E7B876012470B51826AF
S3159001C130074C05464643A05918B1FAF717F900235B
S3159001C140A351182303FB05440023237570BD00BF3B
S3159001C150687701242DE9F74F00234FF00A0E054623
S3159001C16099469B469C4674467746F046CDE9002112
S3159001C1703A4A0A2C18B292F814A01AD1BAF1000FC1
S3159001C1805ED055B129685668B14206D10099002909
S3159001C19049D09168009EB14245D0BAF1010F518ABA
S3159001C1A049D11668002E41D08C4505D88C468646D5
S3159001C1B002E0BAF1000FE4D1013318320A2BD8D13B
S3159001C1C0019B012B46D1092C12DD092F3ADC18234C
S3159001C1D0224A7B43D35833B1214B40F26D12214908
S3159001C1E021480DF059FFB84644464046FFF79EFF59
S3159001C1F01A4F182303FB04731B7D33B1184B4FF46D
S3159001C200C2721A4918480DF047FF25B118232A68BA
S3159001C21003FB04735A601823204603FB047700231B
S3159001C2207B82009BBB6003B0BDE8F08F8B45C3D882
S3159001C2308B468046C0E78945BED889460746BBE707
S3159001C2400446B9E7B8F1090FCEDDBEF1090F01DC5D
S3159001C250F046C9E74FF0FF30E5E700BF6877012464
S3159001C260F240039029410390211803904041039095
S3159001C2702DE9F347DDF82CA0884691461E460746E0
S3159001C28030B92D4B40F257422C492D480DF004FF01
S3159001C2904FF420721C210E20FAF7D2F80546002899
S3159001C2A047D043891B2B06D8234B40F2624225493E
S3159001C2B023480DF0F1FE6C68BDF83400F8F7EAFDFD
S3159001C2C0E08097F83030062B06D01B4B40F269423E
S3159001C2D01D491B480DF0E0FE336842462946384613
S3159001C2E0A360B3880026A381DAF80030C4F812302F
S3159001C2F0BAF80430E3820A9B1B68C4F80E300C9B93
S3159001C3001B682670A3610123E67063700823A370EE
S3159001C310062323710423637140F6060300934B466B
S3159001C32001F054FA2846FAF721F8304602B0BDE8F2
S3159001C330F0874FF0FF30F9E7F2400390813F039089
S3159001C34021180390694103909A41039070B506466E
S3159001C350074D00242B7D2BB1AB68B34202D1204609
S3159001C360FFF7E4FE013418350A2CF3D170BD00BFF6
S3159001C370687701242DE9F047074686B00C4649B9FE
S3159001C380504B40F28A225049504806B0BDE8F047DA
S3159001C3900DF082BE46683388B3F5807F08D1337934
S3159001C3A0062B05D17379042B02D17388082B05D0FE
S3159001C3B0384606B0BDE8F047F9F7D8BFD6F80E3043
S3159001C3C006F108084D680593B36915B94FF0020A4D
S3159001C3D003E09D425DD10125AA4694F83030062BA3
S3159001C3E006D0384B40F2A912394938480DF054FE1F
S3159001C3F00598002840D0214600F0DDFC81460028B2
S3159001C4003AD1059B03F0F003E02B35D022465146F5
S3159001C41005A8FFF79FFE031E2EDB18202D4A4FF02D
S3159001C420020E00FB03F102EB010C8CF814E04FF0C5
S3159001C4300C0ECCF8084013FB00E3D8F8000003EB90
S3159001C440020ED050B8F80430AEF8043052F801A07C
S3159001C450ACF81290BAF1000F0ED04FF4006342F887
S3159001C4600190204604F12A0200935146434601F079
S3159001C470ADF95046F9F77AFFF388B3F5807F0AD084
S3159001C480B3F5007F18D03846F9F770FF06B0BDE8CE
S3159001C490F08700259AE7002DF5D0022204F12A03B0
S3159001C4A02046039205AA1946CDE90182221D0092E2
S3159001C4B04246FFF7DDFEE6E705A92046FFF79EFB1C
S3159001C4C0E1E700BFF2400390813F0390211803906A
S3159001C4D0FA410390687701241FB50246012400F1C1
S3159001C4E02A030432CDE902140449009201911946B6
S3159001C4F0034AFFF7BDFE04B010BD00BF1C4C03906C
S3159001C500224C039038B5124C0025227D6AB1638A7C
S3159001C51001339BB2B3F5967F638203D2012A09D187
S3159001C520042B0CD92846FFF701FE013518340A2D44
S3159001C530EBD138BD032A07D104232375F5E7211DD5
S3159001C540A068FFF7C9FFF0E7042AEED10223F4E7CA
S3159001C550687701242DE9FF47244F1823064689461B
S3159001C56003FB027314461B7D012B06D8204B40F228
S3159001C570EE22204920480DF08FFD182304EB440547
S3159001C58006F12A0A03FB0474ED00237D05F10C08DC
S3159001C590022BB8440BD1638AB3F58E7F13D9291D2B
S3159001C5A030463944FFF798FF08B9032323754FF4B2
S3159001C5B000635246494630460093434601F006F9D8
S3159001C5C004B0BDE8F087B3F5877FF0D30123043536
S3159001C5D04246514603932F44084B304602970193A6
S3159001C5E0331D00935346FFF743FEDDE76877012439
S3159001C5F0F24003901E420390211803901C4C039025
S3159001C6002DE9F3478846064601461546D8F80000B7
S3159001C61000F0D1FB00286DD1D8F8003003F0F0027C
S3159001C620E02A67D0002B65D0324601214046FFF7BC
S3159001C63091FD071E03DA78B202B0BDE8F087BBB26E
S3159001C6407E2B06D9354B40F2C132354935480DF02E
S3159001C65023FDFFB2DFF8D490182303FB07931A7DCD
S3159001C660002A4AD101229E601A7541463046FFF74B
S3159001C67033FF002DE0D0182303FB0792127D012A88
S3159001C6800ED9294A03FB07932946304617704FF472
S3159001C69000620C33009206F12A0201F097F8CBE77B
S3159001C6A0CAD12C461D4EDFF88880DFF878A06289C2
S3159001C6B023899A4208D1236833B1334640F2F13245
S3159001C6C0414650460DF0E8FC237B5B061AD424685C
S3159001C6D0002CECD12846F9F7A5FF182404FB07F3A3
S3159001C6E059F8030008B1F9F741FE7C43002049F857
S3159001C6F00450A1E76FF00F009EE7002DB5D04FF0E3
S3159001C700FF30B8E72A464FF420710E20FAF74EF91A
S3159001C71005460028E1D14FF0FF308DE7F2400390B6
S3159001C7204E4203902118039064770124687701247F
S3159001C7305C420390F0B50E4685B01546044630B975
S3159001C740424B40F21E32424942480DF0A5FC36B9A1
S3159001C7503E4B40F21F3240493E480DF09DFC35B9A3
S3159001C7603A4B4FF448723D493A480DF095FC2146B3
S3159001C770286800F020FB002862D12B6803F0F002B4
S3159001C780E02A1CD10123ADF808305E238DF80A30DA
S3159001C7906B7803F07F038DF80B30AB788DF80C3006
S3159001C7A0EB788DF80D3002AB4FF40062314620469E
S3159001C7B0009204F12A0201F009F805B0F0BD626811
S3159001C7C0A1685A400A4209D09BB24FF6A962934298
S3159001C7D004D0E368002B35D004F10C0520491820CC
S3159001C7E0204B0A7800FB0233187D01280DD99868F1
S3159001C7F0A0420AD128685B68984206D13146204604
S3159001C80005B0BDE8F040FFF7A5BE164B0022187D96
S3159001C810012809D99868A04206D12F68586887429D
S3159001C82002D1D2B20A70E9E7013218330A2AEED15F
S3159001C83032462946204605B0BDE8F040FFF7E0BEF6
S3159001C840094BB1E76FF00300B7E700BFF2400390E1
S3159001C850813F03902118039093260390DB41039027
S3159001C8606477012468770124224C0390F0B504463D
S3159001C87087B00F46164624214FF420722220F9F7ED
S3159001C880DFFD0546002839D04389232B06D81C4B5A
S3159001C8904FF4B4721B491C480DF0FEFB60680023EF
S3159001C8A06C6800F11C01237104F108026371A37194
S3159001C8B0E37103462770667053F8046B8B4242F816
S3159001C8C0046BF9D1C36805A8059300F0E9F807460A
S3159001C8D088B1002669892046A670E670F8F775FF3B
S3159001C8E00123608005AA314628460297CDE9006367
S3159001C8F0FF2300F04FFA2846F9F738FD07B0F0BD4F
S3159001C90076420390AB420390211803902DE9F043B0
S3159001C910DFF8448185B004460F46D8F8089099F817
S3159001C920005005F00F05AD00132D18D94389032B3F
S3159001C93015D943681B78082B11D1D8F8140000F04B
S3159001C940F003E02B0BD0D8F8001000F034FA30B990
S3159001C9502389072B03D92046F8F73DFF28B12046B6
S3159001C96005B0BDE8F043F9F701BD05F10E06204685
S3159001C9703146F9F7C4FC002857D02389E91889B2C2
S3159001C9808B42ECD84FF420720E20F9F759FD0646EA
S3159001C9900028E4D0428905F108039A4203D2304631
S3159001C9A0F9F7E4FCDBE749462A4640680DF0F8FBC7
S3159001C9B029463046F9F7A6FC30B1224BB6222249D8
S3159001C9C022480DF069FBEAE721463046F9F78AFEDF
S3159001C9D00028E4D120463446F9F7C8FC294620467A
S3159001C9E06668F9F78CFC0028B9D161684FF6F77241
S3159001C9F0D8F81430CB60D8F810300B61738830704A
S3159001CA00204693424FF000028CBF093308339BB204
S3159001CA107380FF238A720B72CA7201210297CDE944
S3159001CA2000210B4900F0B6F999E731462046F9F70E
S3159001CA3069FC0028D2D0034BC722064903480DF062
S3159001CA402BFB8CE776420390D742039021180390F3
S3159001CA50081E01240C430390F41D01240A46032168
S3159001CA60FFF704BF0A460B21FFF700BF08B590F800
S3159001CA703130014613F001000AD04B684BB1074A99
S3159001CA805069834207D000F096F9003818BF01200B
S3159001CA9008BD1846FCE70120FAE700BFF41D012402
S3159001CAA0144B0246186830B578B9134B1B685BB1C5
S3159001CAB093F8311001F00501052905D1596819B18D
S3159001CAC012787F2A18BF184630BD90F83110CD07DD
S3159001CAD00DD54C070BD543684BB1146885686340F7
S3159001CAE02B42F1D08B0702D4C3689C42ECD00068EC
S3159001CAF0DAE700BFB8760124B47601242DE9F04730
S3159001CB00D0F8048004460E4698F800904FEA19131F
S3159001CB10042B05D02046F9F729FC0020BDE8F087C3
S3159001CB20B8F8020009F00F09F8F7B4F923894FEA2A
S3159001CB3089090546834203D901462046F9F712FD34
S3159001CB4063894B45E6D32389AB42E3D3B9F1130FFE
S3159001CB50E0D9D8F810304F4D6B6103F0F003D8F857
S3159001CB600C20E02B2A610ED196F83130DB0705D4E3
S3159001CB7098F80930112B6FD0002719E07368002BB4
S3159001CB80F6D0374614E03046FFF770FF002860D1A3
S3159001CB902B7D7F2BECD0404B1F68002FE8D0B742FE
S3159001CBA001D13F68F9E73846FFF760FF0028F8D0D2
S3159001CBB0286948B1314600F0FEF80028AAD12B69C0
S3159001CBC003F0F003E02BA5D0002FA3D0B8F80630E0
S3159001CBD023F0C0033BB1204600F0F0FA044600284A
S3159001CBE09BD0D0F80480C5F8088031462046C5E927
S3159001CBF0007698F8003003F00F039B00AB81F9F7AC
S3159001CC0015FF0128824633D049462046F9F77AFB2B
S3159001CC1098F80930062B33D0112B25D0012B34D01F
S3159001CC20BAF1020F11D03946686900F0C4F860B9BB
S3159001CC306B6903F0F003E02B07D049462046F9F7DC
S3159001CC408DFB02212046FFF709FF2046F9F78EFB5F
S3159001CC500EE0002E95D18BE708EB09035B88B3F5BF
S3159001CC60884F89D13746AFE731462046FDF786FE94
S3159001CC700023C5E90033AB60AB81C5E904334CE7CA
S3159001CC8031462046FBF7C8FEF2E731462046FFF7CC
S3159001CC903DFEEDE7F41D0124B87601242DE9F34715
S3159001CCA09846837B04468946012B16460C9F06D0EF
S3159001CCB0324B4FF45572324932480DF0EDF9002E50
S3159001CCC04ED014212046F9F71AFB20B16FF00100DE
S3159001CCD002B0BDE8F08763896568132B06D8274BA8
S3159001CCE04FF46272284927480DF0D6F99DF82C30F9
S3159001CCF085F808804FF000086B723368DFF890A0D2
S3159001CD002B6145232B709DF828306B702089F8F79D
S3159001CD10C1F885F80680688085F80780BAF8000022
S3159001CD20F8F7B8F8BAF80030A8800133AAF80030BD
S3159001CD30B9F1000F11D1154B1B68EB6085F80A808C
S3159001CD4085F80B803B8D9BB122899A4210D9324648
S3159001CD503946204600F002FCBAE7D9F80030ECE7F4
S3159001CD606389132BB2D9636801AE1B690193E9E715
S3159001CD707B693246214638469847A9E73E43039058
S3159001CD8072430390211803907E430390184C0390AD
S3159001CD9058780124F0B4069C9DF810509DF81460C3
S3159001CDA01AB109B10F6807B9211D0495CDE905643A
S3159001CDB0F0BCFFF773BF431E0246033312D891F8B6
S3159001CDC0313013F0020010D04B6893420CD0896831
S3159001CDD053400B4208D1CB4322EA0102D31A58425F
S3159001CDE0584170470120704700207047F0B585B0D3
S3159001CDF00C460246037869460420DFF814E18C4616
S3159001CE001EF8035015F0040579D0302B18D15378BC
S3159001CE1003F0DF05582D0DBF9378013208270232B2
S3159001CE2008BF1027013200251EF8036016F0040F83
S3159001CE3008D005FB0733A3F1300513780132F3E7E8
S3159001CE400A27EFE7102F0DD116F0440F0AD006F0FE
S3159001CE5003060A33022E14BF412661269B1B43EA21
S3159001CE600515EAE72E2B05D1013820D0137841F824
S3159001CE70045BC5E713B116F0080018D0A1EB0C01BD
S3159001CE808910481C042833D8DFE800F0110B0313EE
S3159001CE902100B5F1807F32D2009BFF2B2FD845EA36
S3159001CEA003651CB12846F7F7F8FF2060012005B00D
S3159001CEB0F0BDB5F5803F22D2009AFF2A1FD8019B7B
S3159001CEC0FF2B1CD81B0443EA02631D43E9E7FF2DA0
S3159001CED015D80099FF2912D8019BFF2B0FD8029ADA
S3159001CEE0FF2A0CD81B0443EA016343EA0223ECE7C9
S3159001CEF0044BF922044905480DF0CEF8D1E70020FC
S3159001CF00D5E700BFAB430390921D03902118039080
S3159001CF10896A04902DE9F74F036800200DF1040CFE
S3159001CF200E46044680464FF00A0E01931CF8017B8B
S3159001CF300025BA46B7FBFEF30EFB1379DFB22B46FB
S3159001CF40BAF1090F05F1010509F1300903F1080B51
S3159001CF50EDB2EB440BF8089CEBD8074635460CF836
S3159001CF60018CFF2B00F101000FD197421ADA01349F
S3159001CF702E462E23E4B206F8013B042CD6D100238B
S3159001CF8008462B7003B0BDE8F08F5E1E9742F6B24D
S3159001CF9008DA083307466B4413F8083C05F8013B59
S3159001CFA03346DEE70020EDE710220149FFF7B2BFD5
S3159001CFB05A78012438B50C4B04460D461A688242BC
S3159001CFC007D102681A6021460520BDE83840F8F776
S3159001CFD043BF31B9054B40F24512054905480DF05D
S3159001CFE05BF823682B60EEE76C780124E4430390A9
S3159001CFF01D4403902118039081422DE9F84F044670
S3159001D0000E4605D12F4BAB222F4930480DF044F8EF
S3159001D01046B13368A34205D02A4BAD222C492B4801
S3159001D0200DF03AF867687B689A8892BB1A6804F1A2
S3159001D0301C01626004F1080252F8040B8A4243F81B
S3159001D040040BF9D101213846FFF70CFD3846F9F763
S3159001D050E1FA05463846F9F789F96768DFF8648099
S3159001D060DFF87890DFF864A0AFB92046194C3146C5
S3159001D070FFF7A0FF2388AB4205D2124BD222164965
S3159001D08012480DF009F8238828465B1B2380BDE8DA
S3159001D090F88F0025E1E77B683846D3F800B0F9F7B9
S3159001D0A0B9FA0544B5F5803F05DB4346CC2249469E
S3159001D0B050460CF0F1FF3846ADB25F46F9F756F996
S3159001D0C0D2E700BFE44303903644039021180390BE
S3159001D0D0424403906A780124714403905444039026
S3159001D0E02DE9F04105460F460026DFF86C80D8F809
S3159001D0F0003073B300242146A4462046D5F80CE0AF
S3159001D1005A69724509D1D5F810E09A69724504D1E8
S3159001D110B3F80CE0AA88964508D00134B0B1C27F25
S3159001D12093F81FE096459CBF614618461A689C463F
S3159001D13052B910B1FFF760FF0644BE4201DA012CE5
S3159001D140D5DC3046BDE8F0811346D7E761461846EF
S3159001D150ECE71C46F1E700BF6C78012410B5044654
S3159001D16030B9084B40F2CE22074908480CF094FF9B
S3159001D170606908B1F9F7FAF821460620BDE8104032
S3159001D180F8F76ABEE4430390934403902118039001
S3159001D19038B5094B0024186800B938BDC37F0568B6
S3159001D1A023B1013BC37704462846F5E72146FFF7AD
S3159001D1B023FF2046F7E700BF6C7801242DE9F74F4E
S3159001D1C0456880462B7803F00F03052B40F0A68027
S3159001D1D0E888F7F75FFE07466888F7F75BFE2B78D6
S3159001D1E003F00F03B0EB830F4FEA8302C0F09680F2
S3159001D1F0831AB64C40469BB20193F9F70BFA2388F2
S3159001D200824603440A2B7FDCB14E3468002C40F0F1
S3159001D2108A800520F8F7F2FD044658B9514628460A
S3159001D220FFF75EFF824579DC0520F8F7E7FD0446B6
S3159001D230002873D01C220021201D0CF071FF0F23B2
S3159001D24004F1080205F11401E37733683460236031
S3159001D2502B4653F8040B8B4242F8040BF9D1B5F8DF
S3159001D26006B0C7F30C071BF0200B4FEAC7070AD18C
S3159001D270019BFB189BB29F4200F254814FF6EB72D1
S3159001D280934200F24F81D8F804506888F7F702FE6E
S3159001D2902B7803F00F03B0EB830F4FEA8302C0F0B4
S3159001D2A04181801A1FFA80F9E888F7F7F3FDC0F3F8
S3159001D2B00C03D8F804600025DB00357009EB0300F8
S3159001D2C07570B5701FFA80FCF570B3806345F08078
S3159001D2D000F22881D4F804E04FF001097046002845
S3159001D2E04AD1002D00F0E780EA889A4206D9794B17
S3159001D2F04FF4DB72784979480CF0CEFEEA88C5F88E
S3159001D3000080B3889A424AE001462846FFF7E8FE34
S3159001D31020B1238853440A2B7FF776AF4046F9F71D
S3159001D32025F80027B1E0EB6862699A4207D12B692B
S3159001D330A2699A4203D1A289AB889A4201D0246804
S3159001D34064E7E888F7F7A6FDC0F30C00002886D1BC
S3159001D350E089F7F79FFDC0F30C0000283FF47FAFFB
S3159001D3602B4604F1080205F1140153F8040B8B4284
S3159001D37042F8040BF9D172E7426891888B4280F0AA
S3159001D3808D803060002D00F08480EA889342C0F051
S3159001D390C9808C4500F2C6809342C5F8008001D0C1
S3159001D3A04FF00009BBF1000F04D0A37F13F00103E6
S3159001D3B000F0A680B9F1000F1ED06368002B00F033
S3159001D3C09F8059688B88002B40F09A803368002B98
S3159001D3D040F08E80B14206D13E4B4FF4F0724049F7
S3159001D3E03E480CF059FE336833B13A4B4FF4F17223
S3159001D3F03C493A480CF050FE344E338853443380BE
S3159001D400BBF1000F06D1019B1F44A37F43F001039B
S3159001D410A783A377B9F1010F83D1636804F11C0146
S3159001D420A08B5F6804F1080314303D683A4680B2D8
S3159001D43053F804CB8B4242F804CBF9D1F7F72AFD86
S3159001D44000237880BB71FB71BB72FB726768002DFC
S3159001D45059D11F4B1B68A34202D01D46002B5FD1A9
S3159001D46020462946FFF7A6FD3846F9F7D3F83388C3
S3159001D4700446834206D2174B40F29B221A4917481B
S3159001D4800CF00AFE33881B1B3380384603B0BDE887
S3159001D490F08F8C4546D8C4F8048083E742D0D08873
S3159001D4A098423FD825B1E888884218BF4FF00009C5
S3159001D4B01068154613E7BEF1000FECD0054B4FF4FB
S3159001D4C0DF720A4905480CF0E7FDE4E76A78012422
S3159001D4D06C780124E44303909F44039021180390B0
S3159001D4E0F44403900145039023450390BD44039072
S3159001D4F05A68F0889388984202D11368164666E76F
S3159001D5004FF0000978E7D5F8048014212846F8F7FA
S3159001D510F9FE29463846F9F7A1F8D8F8005096E76A
S3159001D5202B6898E76368002B7FF4F8AE074B1B686E
S3159001D530A34206D0064B40F2AB22064906480CF0B0
S3159001D540ABFD00212046FFF735FDE7E66C78012417
S3159001D550E44303903E450390211803902DE9F04F43
S3159001D5600B8D8DB0054689460992B3F1140248BFD9
S3159001D570A3F10D02C2F3CF030693436803931B787D
S3159001D58003F00F03052B4FEA830709D14389132B28
S3159001D5900BD8604B4FF43F725F4960480CF07CFDAD
S3159001D5A06FF005000DB0BDE8F08F039B0026D8887B
S3159001D5B0F7F770FCC0F30C032C89059300F4005324
S3159001D5C0143C0893069BA4B2DB009BB207930CB95B
S3159001D5D02046E7E7079B4FF4207214210E20A342C1
S3159001D5E028BF23460493F8F72BFF804610B94FF0D6
S3159001D5F0FF30D7E74389132B06D8464B4FF4497230
S3159001D600474946480CF048FD039BD8F80420194633
S3159001D610143153F8040B8B4242F8040BF9D1049B55
S3159001D620D8F804B0002B5FD1059B3744C3F30C00A7
S3159001D630B9F82830BFB2133BA34201DD089B0BB169
S3159001D64040F40050F7F726FC049BABF8060003F173
S3159001D650140080B2F7F71EFC0023099A4146ABF8F5
S3159001D660020048468BF80A308BF80B30D9F8143003
S3159001D67098474046F8F77AFE049BE31A9CB2DDE997
S3159001D680053213449BB20593A1E70620F8F7B6FB42
S3159001D690034618B94046F8F769FEA8E70196314660
S3159001D6A06A680A9000203A4400924122F8F70EFEE9
S3159001D6B00A9B20B919460620F8F7CEFBEAE7CDE991
S3159001D6C00A03AAEB060A2846F8F7ACFF0B9B154A04
S3159001D6D01FFA8AFA0A9940465D611A61F8F7BEFF08
S3159001D6E0BAF1000F13D19FE7DDF810A06B89DE1B0D
S3159001D6F0BB42B6B206D2074B40F22D320A490748D1
S3159001D7000CF0CAFC564528BF5646002EBDD12D6851
S3159001D7100027EBE7E44303905E45039021180390BD
S3159001D720794503905DD101909945039043890E2BDC
S3159001D73070B504460D461AD9C37B1BB991F834309E
S3159001D7400133C373606803788689D9070AD5012B9B
S3159001D75011D1437833B983785E2B03D1637B43F040
S3159001D76010036373082E10D0B6F5C16F1DD02046F5
S3159001D770F8F7FCFD17E0062213490CF075FC00281A
S3159001D780F0D1637B43F00803EBE795F831301A0744
S3159001D790EDD50E212046F8F7B5FD0028E7D12946AB
S3159001D7A02046FFF7ABF9002070BD95F831301B0785
S3159001D7B0DDD50E212046F8F7A5FD0028D7D12946BB
S3159001D7C02046FEF7D7FDEEE7224C03902DE9F04176
S3159001D7D00D460446BDF8180016461F46F7F75AFB44
S3159001D7E00E2180462846F8F78AFDE0B96968A1F8C6
S3159001D7F00C803B680B60BB888B803368C1F8063020
S3159001D800B3884B8194F83030062B06D0084B4FF4F1
S3159001D8109972084908480CF03FFCA36929462046AD
S3159001D820BDE8F04118476FF00100BDE8F08100BFF7
S3159001D830A8450390DD450390211803901FB5044632
S3159001D84004230091002168460391CDE90131F2F755
S3159001D8507CFF2060B0FA80F04009404204B010BDD0
S3159001D86010B504460068F2F7E5FF2068BDE8104060
S3159001D870F2F7E7BF0022006808B5F2F778FF0038A3
S3159001D88018BF0120404208BDF0B5174685B006463F
S3159001D8900D46F2F72CFE044677B13A46316801A857
S3159001D8A0F2F78EFF019B102B0DD1029B2B60F2F7A5
S3159001D8B01EFE001B05B0F0BD4FF0FF32316801A886
S3159001D8C0F2F77EFFF1E74FF0FF30F3E71FB50C4615
S3159001D8D00022016801A8F2F773FF019B102B05BF87
S3159001D8E0029B00204FF0FF30236004B010BD00680A
S3159001D8F0003818BF0120704700230360704737B581
S3159001D900002305460C4668460121CDE90033F2F71E
S3159001D910CFFE286038B114B1002003B030BD214646
S3159001D920F2F7E9FEF8E74FF0FF30F6E770B50E46ED
S3159001D9300546F2F7DCFD044646B131462868F2F712
S3159001D940DAFE58B9F2F7D3FD001B70BD4FF0FF31E7
S3159001D9502868F2F7D0FE0028F8D1F3E74FF0FF30B0
S3159001D960F3E70068F2F7EDBE0068F2F7ECBE0068E7
S3159001D970003818BF012070470023036070470000EC
S3159001D98008B50348F2F739FE024B186008BD00BF8F
S3159001D990284C03907078012413B5002304466846F9
S3159001D9A0CDE90033F2F729FE2060B0FA80F0400904
S3159001D9B0404202B010BD4FF0FF310068F2F724BE2D
S3159001D9C00068F2F747BEF0B589B0144607460E4691
S3159001D9D0122200210DF10E001D460CF0A1FB0E9BAB
S3159001D9E0214601A8ADF80C300595CDE90176F2F7FF
S3159001D9F085FD09B0F0BD000008B5044B4FF0FF312D
S3159001DA001868F2F701FE012008BD00BF7078012465
S3159001DA10014B1868F2F71EBE7078012410B50320E9
S3159001DA2000F03AFF04F08EFF0F49104A8B69C3F359
S3159001DA300323D35C03F01F03D8408B6903F00F03D4
S3159001DA40D35C0B4A03F01F0320FA03F31360094BCF
S3159001DA5018600F200CF0E8FA044618B90CF024FB74
S3159001DA60204610BD0124FBE700440258E449039087
S3159001DA70180A00241C0A0024034A044B11681B78D7
S3159001DA800B441360704700BFC0760024E40C002459
S3159001DA90014B1868704700BFC076002438B504461C
S3159001DAA0FFF7F6FF0546631C1EBF044B1B78E4186F
S3159001DAB0FFF7EEFF431BA342FAD338BDE40C0024D3
S3159001DAC0014B1868000C70470010005C034A1368FC
S3159001DAD023F0020303431360704700BF003C0058D4
S3159001DAE0024A136823F0010313607047003C005803
S3159001DAF0034A536823F4600303435360704700BF9E
S3159001DB0000040058806800F0010070478068C0F3F7
S3159001DB10800070470368414A93422DE9F0410446DB
S3159001DB200E461CD03E4802F540723E49834218BFCC
S3159001DB300A4625699768082D07F01F0722D040F2FB
S3159001DB402122FA40D1070CD5DB6813F0010F18D0CA
S3159001DB50636D012043F020036365BDE8F081324A8D
S3159001DB60E7E72E4A93420AD02D4802F540722D4995
S3159001DB70834218BF0A46936813F4404FE7E72A4A4F
S3159001DB80F9E70425FFF784FF804623681A682A423D
S3159001DB9025D0626D42F400726265DA6812F4406FC4
S3159001DBA00FD1627D6AB91A6816070AD5626D22F499
S3159001DBB080726265626DD00403D4626D42F0010297
S3159001DBC06265174A934204D140F22122FA40D10765
S3159001DBD01BD5DA68082D1BD11D600020BDE7721C8C
S3159001DBE0D4D0FFF755FFA0EB0800B04201D8002E24
S3159001DBF0CBD123681B682B40C7D1626D032084F873
S3159001DC00503042F004026265A7E7044AD268E1E720
S3159001DC105204E2D40C221A60DFE700BF00200240D2
S3159001DC200021024000630258002302400368186CE9
S3159001DC307047806B08B50CF047FA08BD7047836B47
S3159001DC405A6D12F0500F5A6D10B521D142F40072EF
S3159001DC505A651A681168080716D5D16811F4406F8C
S3159001DC600ED1D26812F4005F0AD15A6D22F48072F5
S3159001DC705A655A6DD10403D45A6D42F001025A6520
S3159001DC8018460CF029FA10BDD26812F0030FEBE793
S3159001DC90D20603D51846FFF7D1FFF4E7DB6CBDE852
S3159001DCA01040DB6C1847806B08B5436D43F0400319
S3159001DCB04365836D43F004038365FFF7BFFF08BD9A
S3159001DCC00023F7B50193054690F85030012B00F0EB
S3159001DCD0EC810124036880F850401846FFF716FF3F
S3159001DCE0002840F080810A68002A4FEA926007DB9B
S3159001DCF0C2F31306002E76D18440DA692243DA61A3
S3159001DD004C6803F1300C1F2700F01F00A60904F0A0
S3159001DD101F0406F00C06A740A0405CF8062022EAF4
S3159001DD200702024318464CF80620FFF7EFFE9A6861
S3159001DD3002F0080202434BD1086803F11407072643
S3159001DD40C40DC0F3045004F0040486403A5922EA03
S3159001DD5006028E68864032433A51A64A486912684D
S3159001DD6002F07042B2F1805FDA6845D1C2F3820265
S3159001DD7052000F6990400C68042F45D003F160065C
S3159001DD8004F0F84456F8272002F000422243024359
S3159001DD9046F82720487E0C69471E56F8242078427B
S3159001DDA022F00042784142EAC07246F824200A7E67
S3159001DDB00C6902F1FF3C186904F01F04DCF10002C2
S3159001DDC020F4F04042EB0C02D202A24002431A61C7
S3159001DDD01846FFF797FE00283DD00020002385F8CE
S3159001DDE0503003B0F0BD92FAA2F2B2FA82F2012457
S3159001DDF002F01F02944080E712F0100FDA68B5D056
S3159001DE00520802F00802B4E71A6EA00602F0F84230
S3159001DE10B2EB846F03D11A6E22F000421A665A6EE3
S3159001DE2002F0F842904203D15A6E22F000425A66AD
S3159001DE309A6E02F0F842904203D19A6E22F0004215
S3159001DE409A66DA6E02F0F8429042C1D1DA6E22F009
S3159001DE500042DA66BCE70C68C868D3F8C020C4F300
S3159001DE60130100F0180622EA01026349F1402140AC
S3159001DE700A43C3F8C020614A904261D1604A9342F5
S3159001DE802CD1604A944200F093805F4A944200F00C
S3159001DE9091805E4A944200F08F805D4A944200F0F0
S3159001DEA08D8002F186621032944200F08980594A3F
S3159001DEB0944202F1042202F5401235D0944232D0B6
S3159001DEC002F1866202F5006294422AD0524A944245
S3159001DED06CD0524A944277D1514A25E0514A9342A5
S3159001DEE072D1484A944263D0474A944262D0474A93
S3159001DEF0944261D0464A944260D002F186621032D1
S3159001DF0094425DD0434A94425CD002F1042202F5D8
S3159001DF104012944202F1866202F5006204D0944264
S3159001DF20D7D1414A00E0414A92FAA2F2B2FA82F27C
S3159001DF30012102F01F0201FA02F2D9690A43DA615C
S3159001DF40002CBFF64AAF2E4A93423FD102F540725A
S3159001DF502B489268FFF7D6FD01463248FFF7D2FD6E
S3159001DF60014340D1324802F0E071844276D11402E5
S3159001DF703FF533AF2F4A93427FF42FAFD2F8083350
S3159001DF8023F0E0730B4343F40003C2F808332A4BA2
S3159001DF902A4A1B68B3FBF2F301335B000193019BA1
S3159001DFA0002B3FF41AAF019B013BF7E7244ABBE7ED
S3159001DFB00122B9E7234AB7E7234AB5E7234AB3E7EC
S3159001DFC0234AB1E7234AAFE70122B6E7154A9342BE
S3159001DFD002D102F50072BBE71F4A16489268FFF715
S3159001DFE091FD0028BED06B6D012043F020036B6537
S3159001DFF0F4E600BF0010005CFFFF0F000000FF4732
S3159001E0000020024002003004040060080800900CD1
S3159001E0101000C0100004002A000021430000844B28
S3159001E0200000B84F00210240002090360010603267
S3159001E030000084CB006002581C0A0024400D0300A6
S3159001E04000005247400020198000501D0001802198
S3159001E0500002B0250008302E00630258144884420D
S3159001E06010D1D0013FF5B9AE124A93427FF4B5AEC5
S3159001E070D2F8083323F0E0730B4343F08073C2F870
S3159001E0800833AAE60C4884427FF4A7AE52023FF5C4
S3159001E090A4AE084A93427FF4A0AED2F8083323F097
S3159001E0A0E0730B4343F48003E9E7022099E600BF4E
S3159001E0B0000052C7006002580000B8CF026870B5E0
S3159001E0C004461046FFF71EFD08B1002070BD916809
S3159001E0D0204B194209D0636D012043F0100363650B
S3159001E0E0A36D43F00103A365F0E7936823F0004322
S3159001E0F023F03F0343F001039360FFF7C9FC2368C4
S3159001E100154A054693420CD002F58072934202D08D
S3159001E110124B9B6803E0124B9B68D906D5D1114EE1
S3159001E12013E00F4BF5E71046FFF7ECFC20B9936827
S3159001E130334043F001039360FFF7AAFC401B02288A
S3159001E14003D923681B68DA07C5D522681368DB07EC
S3159001E150E9D5BAE73F0000800020024000630258EB
S3159001E16000230240C0FFFF7F3A4B70B5044600681A
S3159001E170984255D0384903F54073384A884218BFBA
S3159001E18013469E68FFF7C2FC054600285FD194F8B6
S3159001E1905030012B5BD00123204684F85030FFF795
S3159001E1A08DFF002850D1636D06F01F012A4A23F492
S3159001E1B0706323F0010343F480736365236893428C
S3159001E1C030D189BBA2F58072656D25F480156565A0
S3159001E1D0656D15F4805502D0A56D25F00605A565EA
S3159001E1E01C2593421D604FF0000584F8505005D0D0
S3159001E1F040F2212525FA01F1C90717D5DA6892016E
S3159001E20005D5626D22F4405242F4805262659A6855
S3159001E21022F0004222F03F0242F004029A6070BD61
S3159001E2200F4BAEE71A46CFE70A4AD1E7636D43F43F
S3159001E23080136365D3689B01F1D5636D23F44053D5
S3159001E24043F480536365EAE784F85050E7E7022088
S3159001E250E5E700BF0020024000210240006302581A
S3159001E260002302402DE9F0413B4B044600680E46DF
S3159001E2701746984266D0394903F54073384A884221
S3159001E28018BF13469B68FFF741FC0546002861D1EC
S3159001E29094F85020012A5DD003F01F0840F2212303
S3159001E2A0012023FA08F384F8500003404FD020460A
S3159001E2B0FFF704FF002847D1606D216820F4706054
S3159001E2C0264B20F00100994240F48070606502D19E
S3159001E2D0B8F1000F03D1636D23F480136365636D09
S3159001E2E013F4805302D0A36D23F00603A365403146
S3159001E2F0E06C1C4BE26AC3631B4B03641B4BC36408
S3159001E3001C2341F8403C002384F8503051F83C3CA2
S3159001E31043F0100341F83C3C51F8343C23F003039D
S3159001E3201343324641F8343C3B4601F011F92268D9
S3159001E330936823F0004323F03F0343F00403936073
S3159001E340BDE8F0810A4B9DE784F85050F8E784F8D0
S3159001E3505030F5E70220F3E7002002400021024009
S3159001E360006302583FDC019033DC0190A7DC0190F9
S3159001E37000230240026838B5044610469368FFF7B9
S3159001E380C1FB08B9002038BD9907FBD4936803F007
S3159001E3900D03012B19D1936823F0004323F03F031A
S3159001E3A043F00203936003231360FFF771FB054665
S3159001E3B023689B68DB07E5D5FFF76AFB401B0228BC
S3159001E3C0F6D923689B68DA07F2D5636D012043F08D
S3159001E3D010036365A36D43F00103A365D3E70000C2
S3159001E3E038B5434A05460368934203D002F58072D5
S3159001E3F0934225D13F4B9B6813F4403F14BF0123B1
S3159001E4000023FBB94FF40020002105F0B5FC6B68A1
S3159001E4100446B3F5101F4AD03FD8B3F5E01F44D058
S3159001E42036D8B3F5801F08D02CD8B3F5002F04D079
S3159001E43023F40022B2F5802F16D19B0C5B000FE0DE
S3159001E4402D4BD8E704F046FC6B680446B3F5003FC4
S3159001E45005D0B3F5403F06D0B3F5803F04D11B0CF0
S3159001E460B4FBF3F400E08408FFF72AFB41F20303BF
S3159001E47098422B6823D8214A94429A681BD942F430
S3159001E48080721AE0B3F5A01FD7D0B3F5C01FD3E7BA
S3159001E490B3F5001FE8D14409E6E7B3F5201F08D08C
S3159001E4A0B3F5301FE0D1040ADEE70409DCE78409FD
S3159001E4B0DAE7C409D8E722F480729A6038BD104A27
S3159001E4C0944203D89A6822F44072F6E70D4A944230
S3159001E4D003D89A6822F44072D1E70B4A94429A681B
S3159001E4E096BF22F4407242F4407242F40072E4E71D
S3159001E4F0002002400023024000630258002D3101A2
S3159001E50021BCBE0041787D0181F0FA02002373B5EA
S3159001E51004460193002800F0ED80456D25B90BF076
S3159001E52097FDA56584F8505023689A68900005D5A3
S3159001E5309A6822F0204222F03F029A609A68D100AE
S3159001E54040F19E809A68D20000F1B080626D0125FB
S3159001E55042F010026265A26D42F00102A265184670
S3159001E560FFF7D4FA626D02F01002024340F0BE80CA
S3159001E570626D184622F4817242F002026265FFF7DB
S3159001E580C1FA88B95C4A934204D002F580729342EB
S3159001E59040F08E805848FFF7B5FA03465748FFF783
S3159001E5A0B1FA034300F09280FFF78AFA41F203032E
S3159001E5B0A2689842217F607D236B40F28980102A60
S3159001E5C040F086800A0442EA4032134343F01C032A
S3159001E5D0012902BF226A02F1FF3243EA4243626A8B
S3159001E5E022B102F47872A16A0A431343226844491C
S3159001E5F0D068014010461943D160FFF787FA9368B6
S3159001E60003F00803034327D1D368217D23F4804384
S3159001E61023F0030343EA8133E16A0B43D36094F811
S3159001E6203830012B5AD1E36B1069591ED4E9103653
S3159001E630334343EA0143A16C0B43324901400B43F7
S3159001E64043F00103136120461369616B23F0704314
S3159001E6500B431361FFF7C4FEE3682268012B41D196
S3159001E660116BA36921F00F01013B0B431363636D9A
S3159001E67023F0030343F001036365284602B070BD9E
S3159001E6809A68214922F0104222F03F0242F08052CC
S3159001E6909A601E4A1268B2FBF1F201320192019A16
S3159001E6A0002A3FF44FAF019A013AF7E7002556E762
S3159001E6B01748FFF727FA00287FF476AF154A936833
S3159001E6C0616823F47C130B4393606DE7124AF6E776
S3159001E6D0134343EA403343EA014379E7136923F04D
S3159001E6E00103AFE7136B23F00F03BFE7636D43F0AD
S3159001E6F0100363650125C0E7002002400021024016
S3159001E70003C0F0FF1EF800FC400D03001C0A002414
S3159001E710006002580063025800230240806800F0AE
S3159001E720010070478068C0F380007047002373B57D
S3159001E7300193044690F850300D461646012B3ED073
S3159001E740012380F85030FFF715FE636D002833D111
S3159001E75023F48853226806F0804605F4803523F029
S3159001E760020343F002036365164B91680B403343F2
S3159001E7702B4343F0004393609368002B12DA019B7D
S3159001E780013301930199104B9942F5D3636D0120A1
S3159001E79023F0120343F010036365002384F850308D
S3159001E7A002B070BD636D23F0030343F0010363650B
S3159001E7B0002384F85030F3E743F01003F7E7022083
S3159001E7C0EEE700BFC0FFFE3F00F8C32570B590F895
S3159001E7D050209AB00346012A55D001222B4C80F83D
S3159001E7E0502000201D681690A54217900ED12848FA
S3159001E7F0FFF798FF04462846FFF794FF20430ED073
S3159001E800596D104641F02001596524E0596D83F800
S3159001E8105000104641F0200159651AB070BD0C6840
S3159001E8201C4AE4B190684E6820F4404030439060B1
S3159001E8302846FFF773FF05461548FFF76FFF054317
S3159001E84008D1896890680C4320F4716121F00F0119
S3159001E8500C4394600020002283F85020DDE79168F4
S3159001E860284621F440419160FFF758FF0146084838
S3159001E870FFF754FF0143EDD1916821F4716121F0C5
S3159001E8800F019160E6E70220C7E700BF0020024032
S3159001E890002102400023024007490302CA6803F49B
S3159001E8A0E06322F4E0621204120C134343F0BF6357
S3159001E8B043F40033CB60704700ED00E0164B30B562
S3159001E8C0DC68C4F30224C4F10703251D042B28BF79
S3159001E8D00423062D4FF0FF358CBF033C002405FA27
S3159001E8E003F3002805FA04F521EA030322EA050257
S3159001E8F003FA04F343EA02034FEA0313DBB206DB9E
S3159001E90000F1604000F5614080F8003330BD00F0C1
S3159001E9100F00024A1354F9E700ED00E014ED00E010
S3159001E920002807DB0123410900F01F00024A8340BA
S3159001E93042F82130704700BF00E100E000280CDB6F
S3159001E9404309012200F01F0004492033824041F817
S3159001E9502320BFF34F8FBFF36F8F704700E100E025
S3159001E960BFF35F8F044B5A6A22F480325A620022B7
S3159001E970C3F89420704700BF00ED00E0064B40F0CD
S3159001E9800100C3F894005A6A42F480325A62BFF386
S3159001E9904F8FBFF36F8F704700ED00E04378144AB5
S3159001E9A0C2F89830D2F8A03023F00103C2F8A03013
S3159001E9B04368C2F89C30C37A017B1B0643EA017314
S3159001E9C001780B43817A43EAC143417B43EA814310
S3159001E9D0817B43EA4143C17B43EA0143417A43EA5E
S3159001E9E00123017A43EA4103C2F8A030704700BF80
S3159001E9F000ED00E0F0B522F003060B469708056896
S3159001EA000E44B3420AD112F0030204D0012A11F83E
S3159001EA10274014D12C7003681868F0BD5C780433D4
S3159001EA2013F804CC240444EA0C6413F801CC44EAA8
S3159001EA300C0413F802CC44EA0C242C60E1E75978D3
S3159001EA40022A41EA04212980E5D09B782B70E2E7DE
S3159001EA50F0B50068550800238E1C9D4206D1D30758
S3159001EA6002D531F8253003800068F0BD31F8237066
S3159001EA7036F82340013344EA07440460EDE7000089
S3159001EA8010B5044608B9012010BD437F03F0FF027B
S3159001EA9013B902770BF0A8FA022363772379E3B9C6
S3159001EAA02368134A5A619A6822F018029A60627929
S3159001EAB02368D2B94FF0FF321A6100209A686169D2
S3159001EAC022F060020A43A1699A609A6822F0800254
S3159001EAD00A439A6001236377D6E7D4E90212204666
S3159001EAE000F04CF80028E2D0CDE72269E4E700BFB8
S3159001EAF0B71DC10470B5022604464677066A022EF2
S3159001EB0015D0032E05D0012E0ED000200123637758
S3159001EB1070BD01EB82050368A94201D11868F5E73A
S3159001EB2051F8042B1A60F7E7FFF764FFEEE7FFF75A
S3159001EB308FFFEBE7F8B50226044646770668B76875
S3159001EB4047F00107B760076A022F14D0032F05D04B
S3159001EB50012F0DD0002001236377F8BD01EB8205CB
S3159001EB60A94201D13068F6E751F8043B3360F7E7E3
S3159001EB70FFF740FFEFE7FFF76BFFECE7CB0710B529
S3159001EB800DD51F23013B1DD321FA03F4E407F9D5D3
S3159001EB90102A13D0102A04D83AB1082A10D001208D
S3159001EBA00BE0182AFBD1062BF9D8006841618368DE
S3159001EBB023F0180313438360002010BD072BF3E75E
S3159001EBC00F2BF1E7102AE5D1E9E710B5044668B1B4
S3159001EBD0037903F0FF0213B942710BF009FA02238C
S3159001EBE00020237101232061237110BD0120FCE7D0
S3159001EBF0034670B528B342790220012A16D01A68C5
S3159001EC0001F01005012418711668AC403443146064
S3159001EC1069B9116801F03E01814203D1516841F011
S3159001EC2001015160012200201A71587170BD11685D
S3159001EC30A84001F478118142F4D1516841F0020162
S3159001EC40EFE70120F2E713B50024019470B1006853
S3159001EC50019041B9019908310A4400200192019A23
S3159001EC60136002B010BD01991431F5E70120F8E760
S3159001EC7010B5846B20460BF0E3F90123237110BD87
S3159001EC80806B08B50BF060FA08BD704710B5846BC0
S3159001EC902369204643F004032361FFF7F6FF01231E
S3159001ECA0237110BD2DE9F0410D4616460446002804
S3159001ECB000F09880002900F09580427902200B6837
S3159001ECC0012A79D00122042B2071627123D1FEF79A
S3159001ECD0DFFE0746002E7AD1DFF80C8123685A6B46
S3159001ECE012EA080F57D1AA691A64226806F0100130
S3159001ECF040F2FF30936C884023EA0003E86988402C
S3159001ED000343FF2093648840D36C23EA0003286A67
S3159001ED1088400343D364296906F0100223680129C8
S3159001ED2008D11F21986B914020EA010069699140B1
S3159001ED30014399630721DE6B914026EA0106D5E9E5
S3159001ED40021001284AD002284AD0B1FA81F040092E
S3159001ED502F68394301434FF48040914090403143AD
S3159001ED60D963196821EA0001196040F6FE711868A5
S3159001ED70914020EA0100696891400143C0201960E1
S3159001ED8000FA02F21968002021EA02021A600123B0
S3159001ED906071237110E0FEF77BFEC01B01289DD99F
S3159001EDA023685B6B13EA080F98D02369032043F01D
S3159001EDB00803236103232371BDE8F081FEF768FE02
S3159001EDC0C01B012803D923685B6B002BEDDB2368FD
S3159001EDD05A6B002AF2DBAA695A6486E70020B7E7E4
S3159001EDE00120B5E70120E7E700800020F0B5DFF8C4
S3159001EDF044C10468876D644545D04C4DAC4242D0C0
S3159001EE001835AC423FD01835AC423CD01835AC429F
S3159001EE1039D01835AC4236D01835AC4233D0183586
S3159001EE20AC4230D005F55675AC422CD01835AC4273
S3159001EE3029D01835AC4226D01835AC4223D0183596
S3159001EE40AC4220D01835AC421DD01835AC421AD000
S3159001EE501835AC4217D0364DAC4214D01435AC426D
S3159001EE6011D01435AC420ED01435AC420BD01435BA
S3159001EE70AC4208D01435AC4205D01435AC4202D020
S3159001EE801435AC4248D1D0E919566E60C56E15B1AC
S3159001EE90D0E91C566E606445C56D86682DD02348B1
S3159001EEA084422AD01830844227D01830844224D004
S3159001EEB01830844221D0183084421ED018308442B2
S3159001EEC01BD01830844218D000F55670844214D065
S3159001EED01830844211D0183084420ED018308442B2
S3159001EEE00BD01830844208D01830844205D018309F
S3159001EEF0844202D0183084420FD13F2005F01F057D
S3159001EF0000FA05F5BD60206820F480202060402E2F
S3159001EF10636008D1A260E160F0BD05F01F05012094
S3159001EF20A8407860F3E7A160E260F5E72800024027
S3159001EF3008540258100002400368024623498B4246
S3159001EF4010B531D018318B422ED018318B422BD03F
S3159001EF5018318B4228D018318B4225D018318B42EB
S3159001EF6022D018318B421FD018318B421CD001F51B
S3159001EF7056718B4218D018318B4215D018318B426D
S3159001EF8012D018318B420FD018318B420CD01831D8
S3159001EF908B4209D018318B4206D018318B4203D05F
S3159001EFA023F0FF00906510BDDCB218210848103C93
S3159001EFB0B4FBF1F101F007015F2C415C23F47F7002
S3159001EFC020F00300D16588BF0430EBE710000240C2
S3159001EFD0284A039002682049D3B28A4228D0143134
S3159001EFE08A4225D014318A4222D014318A421FD0C6
S3159001EFF014318A421CD014318A4219D014318A4272
S3159001F00016D014318A4213D01821103BB3FBF1F379
S3159001F01012491144A8291CD903F18052012103F008
S3159001F0201F0302F5024201FA03F30D4992000CE027
S3159001F0301422083B0121B3FBF2F303F1B05201FA1A
S3159001F04003F3084902F5164292008366C0E9182136
S3159001F05070470833E0E700BF08540258F0FBFDBF44
S3159001F06080080240805802580279511E072910B52E
S3159001F07021D80368134CA3421ED01434A3421BD04B
S3159001F0801434A34218D01434A34215D01434A34295
S3159001F09012D01434A3420FD01434A3420CD014349A
S3159001F0A0A34209D0084B1344084A9B00C0E91B327E
S3159001F0B001238B40436710BD054B1344054A9B00C2
S3159001F0C0F4E700BF085402583F82001040090240FD
S3159001F0D03F96001640590258F8B50446FEF7D8FCFB
S3159001F0E00646002C00F0A98023686F4DAB4264D090
S3159001F0F06E4A934261D0183293425ED0183293424F
S3159001F1005BD01832934258D01832934255D0183268
S3159001F110934252D0183293424FD002F5567293428F
S3159001F1204BD01832934248D01832934245D0183278
S3159001F130934242D0183293423FD0183293423CD0F8
S3159001F1401832934239D01832934236D0584A934264
S3159001F15040F02F81022284F83520002284F8342051
S3159001F160A2681868402A6FF3101000F04081A2F14E
S3159001F17080014A424A419203D4E9031631436669B2
S3159001F1803143A6693143E6693143266A40EA16104E
S3159001F19040EAD10120460A431A60464A1A4414238A
S3159001F1A0B2FBF3F29200E265FFF7C6FEE36D03F060
S3159001F1B01F0201239340436092E0022284F8352096
S3159001F1C0002284F834201A6822F001021A6022681B
S3159001F1D01368DB0727D413683748A1691840D4E927
S3159001F1E0023633432669334366693343E6690B43F3
S3159001F1F03343266A3343666A042E43EA000302BF09
S3159001F200D4E90B07384303432C4800686FF30F008A
S3159001F210B0F1005F1BD360682E2810D8282816D924
S3159001F22043F4801313E0FEF733FC801B0528CED9F7
S3159001F23020236365032384F835300120F8BD3F38D8
S3159001F240132804D81E4F27FA00F0C707E8D4136095
S3159001F250042E536923F0070343EA060336D1A06AC5
S3159001F260E66A034396B339B9012815D030F0020105
S3159001F2702CD1F0012AD512E0B1F5005F22D10328F5
S3159001F28024D801A151F820F09FF2019073F20190D8
S3159001F2909FF2019099F20190B6F1C07F16D1402369
S3159001F2A063650123C7E700BF1000024028000240B2
S3159001F2B008540258F8ABFDA73F8010FE0010005C81
S3159001F2C00F030F000228EAD90328D2D053612046B2
S3159001F2D0FFF732FEE36D03F01F023F2393408360F5
S3159001F2E02368AB4245D0454A934242D01832934265
S3159001F2F03FD0183293423CD01832934239D01832CB
S3159001F300934236D01832934233D01832934230D04A
S3159001F31002F5567293422CD01832934229D0183264
S3159001F320934226D01832934223D01832934220D05A
S3159001F330183293421DD0183293421AD01832934202
S3159001F34017D02F4A934214D01432934211D01432CB
S3159001F35093420ED0143293420BD01432934208D07A
S3159001F3601432934205D01432934202D0143293420E
S3159001F37019D120460025FFF72DFEA368226E802B1A
S3159001F38004BF002363606368D9B2013B1160072B08
S3159001F390D4E9192151602CD8FFF766FEE36E1D6002
S3159001F3A0D4E91C325A6000200123606584F8353017
S3159001F3B044E7144A93423FF4CDAE143293423FF45C
S3159001F3C0C9AE143293423FF4C5AE143293423FF420
S3159001F3D0C1AE143293423FF4BDAE143293423FF420
S3159001F3E0B9AE143293423FF4B5AE402321E71022D1
S3159001F3F0C2E6C4E91B556567D5E700BF2800024000
S3159001F400085402581C54025810B5044608B90120F4
S3159001F41010BD03684C4A93422DD0183293422AD09C
S3159001F4201832934227D01832934224D018329342FD
S3159001F43021D0183293421ED0183293421BD01832E3
S3159001F440934218D002F55672934214D018329342D1
S3159001F45011D0183293420ED0183293420BD01832F3
S3159001F460934208D01832934205D01832934202D073
S3159001F470183293423BD11A68204622F001021A6053
S3159001F48000221A605A609A60DA601A6121225A61E2
S3159001F490FFF752FDE36D03F01F023F239340836014
S3159001F4A02046FFF797FD236E23B100221A60D4E917
S3159001F4B019325A606368013B072B08D82046FFF73B
S3159001F4C0D3FDE36E00221A60D4E91C325A60002003
S3159001F4D06065606784F8350084F83400C4E91B00E0
S3159001F4E0C4E90F00C4E91100C4E9130090E71A6852
S3159001F4F022F001021A60154A934215D014329342B2
S3159001F50012D0143293420FD0143293420CD014324B
S3159001F510934209D01432934206D01432934203D0C7
S3159001F520143293427FF473AF002220461A605A60D8
S3159001F5309A60DA601A61FFF7FFFCE36D03F01F0230
S3159001F540012393404360ABE71000024008540258F0
S3159001F55070B50546002800F0DA8090F8340001284D
S3159001F56000F0D780012085F8340095F83500012800
S3159001F5704FF0000040F0C6800224674E85F8354072
S3159001F5802C686865B4421ED0644884421BD01830FA
S3159001F590844218D01830844215D01830844212D043
S3159001F5A0183084420FD0183084420CD018308442DF
S3159001F5B009D000F55670844205D01830844202D0A5
S3159001F5C018308442FFD0206820F001002060284640
S3159001F5D0FFF70CFCB4422A6C53D0504B9C4250D04E
S3159001F5E018339C424DD018339C424AD018339C42D2
S3159001F5F047D018339C4244D018339C4241D018339B
S3159001F6009C423ED003F556739C423AD018339C42A5
S3159001F61037D018339C4234D018339C4231D01833AA
S3159001F6209C422ED018339C422BD018339C4228D022
S3159001F63018339C4225D0236823F00E0343F00A0326
S3159001F6402360002A54D1364B9C4225D0354B9C429F
S3159001F65022D014339C421FD014339C421CD01433B5
S3159001F6609C4219D014339C4216D014339C4213D029
S3159001F67014339C4210D02368002043F00103236089
S3159001F68070BD236823F01E0343F0160323601AB15D
S3159001F690236843F0080323602B6E1A68D2032CD497
S3159001F6A0EB6E1BB11A6842F480721A60B442E2D0D2
S3159001F6B01A4B9C42DFD018339C42DCD018339C42C3
S3159001F6C0D9D018339C42D6D018339C42D3D0183314
S3159001F6D09C42D0D018339C42CDD003F556739C42B0
S3159001F6E0C9D018339C42C6D018339C42C3D0C2E7C6
S3159001F6F0236843F004032360A5E71A6842F48072F5
S3159001F7001A60CDE74FF4006385F834006B650120EC
S3159001F710B6E70220B4E700BF10000240280002407D
S3159001F720085402581C540258F8B50546FEF7B0F92C
S3159001F730074645B195F83530022B06D080236B6587
S3159001F740002385F834300120F8BD2C687C4EB442F4
S3159001F7505BD07C4B9C4258D018339C4255D0183381
S3159001F7609C4252D018339C424FD018339C424CD075
S3159001F77018339C4249D018339C4246D003F55673B0
S3159001F7809C4242D018339C423FD018339C423CD085
S3159001F79018339C4239D018339C4236D018339C4248
S3159001F7A033D018339C4230D018339C422DD02368E5
S3159001F7B023F00E032360644B9C422FD12A6EB442F0
S3159001F7C0136823F4807313603DD05E4B9C423AD00C
S3159001F7D018339C4237D018339C4234D018339C420C
S3159001F7E031D018339C422ED018339C422BD01833EB
S3159001F7F09C4228D003F556739C4224D018339C42E0
S3159001F80021D018339C421ED01DE0236823F01E039D
S3159001F8102360636923F080036361CFE74B4B9C427E
S3159001F820CCD014339C42C9D014339C42C6D01433E5
S3159001F8309C42C3D014339C42C0D014339C42BDD059
S3159001F84014339C42BAD0236823F0010323602368C2
S3159001F850DB0747D42B68EA6DB342A86D02F01F020D
S3159001F8604BD038498B4248D018318B4245D018310C
S3159001F8708B4242D018318B423FD018318B423CD0CB
S3159001F88018318B4239D018318B4236D001F55671E9
S3159001F8908B4232D018318B422FD018318B422CD0DB
S3159001F8A018318B4229D018318B4226D018318B4290
S3159001F8B023D018318B4220D018318B421DD0012193
S3159001F8C001FA02F24260204A93421AD1D5E91932DD
S3159001F8D05A60EB6E5BBB0123002085F8353085F8C5
S3159001F8E0340031E7FEF7D4F8C01B0528AFD92023A1
S3159001F8F06B65032385F8353022E73F239340836078
S3159001F900E4E7124A9342E1D014329342DED01432A4
S3159001F9109342DBD014329342D8D014329342D5D04D
S3159001F92014329342D2D014329342D4D1CEE71A688C
S3159001F93022F480721A60D5E91C325A60CBE700BF77
S3159001F9401000024028000240085402581C540258E4
S3159001F95008B528B190F83530022B03D08023436542
S3159001F96001205DE003683F4A934251D01832934299
S3159001F9704ED0183293424BD01832934248D0183217
S3159001F980934245D01832934242D0183293423FD097
S3159001F990183293423CD002F55672934238D01832BF
S3159001F9A0934235D01832934232D0183293422FD0A7
S3159001F9B0183293422CD01832934229D0183293425E
S3159001F9C026D01832934223D01A6822F00E021A607A
S3159001F9D01A6822F001021A60234A934221D1026EDB
S3159001F9E0136823F480731360D0E9161303F01F0292
S3159001F9F0012393404B60D0E919325A60C36E2BB301
S3159001FA001A6822F480721A60D0E91C325A601DE09D
S3159001FA10042280F835201A6822F001021A6000202B
S3159001FA2008BD124A9342DAD014329342D7D0143297
S3159001FA309342D4D014329342D1D014329342CED041
S3159001FA4014329342CBD014329342C8D0012380F81A
S3159001FA503530002380F83430036D002BDFD0984782
S3159001FA60DDE700BF10000240085402581C540258AA
S3159001FA7000232DE9F34101930446844B844F1E687C
S3159001FA800368856DBB42D5F80080D5F800C047D094
S3159001FA90804A934244D01832934241D018329342CD
S3159001FAA03ED0183293423BD01832934238D0183216
S3159001FAB0934235D01832934232D002F55672934220
S3159001FAC02ED0183293422BD01832934228D0183226
S3159001FAD0934225D01832934222D0183293421FD0A6
S3159001FAE0183293421CD01832934219D06A4A9342E3
S3159001FAF040F03681E16D04201A6801F01F018840BB
S3159001FB0010EA0C0F00F05381560740F15081110411
S3159001FB10686040F14481D30300F14781A36CA0E072
S3159001FB20E26D082102F01F02914011EA080F0BD0F5
S3159001FB301868400708D5186820F004001860A96075
S3159001FB40616D41F00101616528FA02F1C80709D595
S3159001FB505969090606D501219140A960616D41F067
S3159001FB60020161650421914011EA080F07D01868D6
S3159001FB70800704D5A960616D41F00401616510218A
S3159001FB8001FA02F212EA080F0FD0196809070CD58B
S3159001FB90AA601A6850036CD51B68190301D4236CAB
S3159001FBA000E0A36C0BB120469847E26D202102F04C
S3159001FBB01F02914011EA080F7AD02368BB422DD0DB
S3159001FBC0344883422AD01830834227D01830834252
S3159001FBD024D01830834221D0183083421ED0183059
S3159001FBE083421BD01830834218D000F55670834259
S3159001FBF014D01830834211D0183083420ED0183069
S3159001FC0083420BD01830834208D01830834205D0F6
S3159001FC101830834202D01830834232D1186810F0DE
S3159001FC20100F45D0A96094F83510042936D119687A
S3159001FC3021F016011960596921F080015961216CF1
S3159001FC4009B9A16C19B1196821F0080119603F230E
S3159001FC509340AB60012384F83530002384F8343027
S3159001FC60236D002B00F09880204602B0BDE8F0414C
S3159001FC7018471A68D20592D41A6822F008021A60B7
S3159001FC808DE7186810F0020FCBE700BF1C0A00241D
S3159001FC901000024028000240085402581A68500386
S3159001FCA043D51B6819034DD4636C0BB12046984715
S3159001FCB0636D002B70D0636DDA074FD5042384F8FA
S3159001FCC035302368BB421ED04F4A93421BD018321F
S3159001FCD0934218D01832934215D01832934212D0CB
S3159001FCE0183293420FD0183293420CD01832934265
S3159001FCF009D002F55672934205D01832934202D03A
S3159001FD0018329342FFD01A6822F001021A604FF41A
S3159001FD101652B6FBF2F6019A0132B242019213D90A
S3159001FD201B68DB0714D4012313E01A6812F480725E
S3159001FD3008D1196821F010011960012384F8342043
S3159001FD4084F83530E36BB0E71A68D707E3D4E7E771
S3159001FD50032384F83530002384F83430E36C80E74C
S3159001FD602A4A93423FF4C6AE143293423FF4C2AE4E
S3159001FD70143293423FF4BEAE143293423FF4BAAE7C
S3159001FD80143293423FF4B6AE143293423FF4B2AE7C
S3159001FD90143293423FF4AEAE02B0BDE8F0819706BD
S3159001FDA003D41A6822F004021A60236C59E70220E0
S3159001FDB0884010EA0C0F16D0960714D56860100487
S3159001FDC003D5D1030DD4636C4BE712F0200208D111
S3159001FDD0196821F00A011960012384F8342084F806
S3159001FDE03530E36B3DE70820884010EA0C0FD3D0FD
S3159001FDF01207D1D51A6822F00E021A60012303FA6E
S3159001FE0001F169606365A4E7280002401C54025819
S3159001FE1090F835007047406D704710B502680C68D0
S3159001FE208B68106823434C6920F07F4023438C698B
S3159001FE3020F47B0023434C6A20F4FE402343CC6A92
S3159001FE4020F07C0023430343087943EAC063087B8F
S3159001FE5043EAC053487B43EA8053887B43EA405345
S3159001FE60C87B43EA0053887C43EA0043087F43EA10
S3159001FE700033487F43EAC023C87F43EA402391F881
S3159001FE80280043EA0013087CB0FA80F0400943EA5F
S3159001FE90C043487CB0FA80F0400943EA4043887FEA
S3159001FEA0B0FA80F0400943EA802391F82000B0FA35
S3159001FEB080F0400943EA0023C86B1360536823F02E
S3159001FEC07C5323F4EF2323F4FF6323F0070343EAE0
S3159001FED04063486B034391F8380043EA006391F815
S3159001FEE0300043EA804391F8310043EA404391F868
S3159001FEF03200B0FA80F0400943EA00435360D36878
S3159001FF00486C23F4877323F00103034391F840006F
S3159001FF1043EA0023886CD360136F23F0F2031B042A
S3159001FF201B0C43EA0043086D034391F8540043EADE
S3159001FF30400391F84C00B0FA80F0400943EAC013AF
S3159001FF401367D2F8900091F8563020F003000343DE
S3159001FF5091F8550043EA4003886DC2F89030D2F883
S3159001FF60003D23F072030343C86DC2F8003DD2F8F9
S3159001FF70303D23F07B03034391F8610043EA00137C
S3159001FF8091F8620091F8601043EAC003B1FA81F1E9
S3159001FF90490943EA8113C2F8303D10BD03680868E8
S3159001FFA003F580531A6822F4F04222F002020243CA
S3159001FFB010B51A600A7B58680C79D20320F4504028
S3159001FFC042EA04328C6820F00100224302435A60CF
S3159001FFD00A6A487BD3F8004142EA00421048204021
S3159001FFE00243C3F800214A7F087D1203D3F80441E6
S3159001FFF042EA0012086902430A4820400243C3F8C4
S315900200000421D3F808010C7F8A6920F0004142EA64
S31590020010C47221F47C110A43C3F8082110BD00BFB3
S3159002002000C0FEFFEFEFC0FF2DE9F74F846A019201
S3159002003000EB84068D68B369DA68002A60DBF26A9F
S31590020040002A5DD1D1F8008018F0040F2CD0DF6819
S3159002005018F0080F4A6A6FF30F0742EA0702076819
S31590020060DA60DA6842F48032DA603A6E42F48012EA
S315900200703A6619D09A681FFA82FECA6A4EEA024214
S315900200809A60DA6842F40032DA60DA6822F4402E34
S315900200900A6B4EEA0202DA607A6E42F480127A664D
S315900200A03A6D42F080623A6518F0100F09D09F6857
S315900200B08A696FF30D073A439A60DA6842F0806272
S315900200C0DA6018F014081FD0DA6842F08042DA60DB
S315900200D0BFF35F8F671CDA68032F42F0004288BF36
S315900200E0E71EDA6000EB87039B69DA68002A80F2E2
S315900200F08880B269BFF35F8FD36823F00043D360E1
S31590020100022003B0BDE8F08F27462A68DFF840E266
S315900201101A609A6822F47F5C6A682CF03F0C4CEA6B
S3159002012002029A60AA68002A6ED015685D609D6880
S3159002013005EA0E0C55684CEA05459D60D1F800C05B
S31590020140DD681CF0100F66D025F4F00E0D6A4EEAAB
S31590020150C545DD60DD684FEA954ECD694FEA8E4E14
S315900201604EEA0505DD60DD6845F48025DD601CF00C
S31590020170040F06D09D6825F4404C8D6A4CEA05051D
S315900201809D60DD6845F00055DD60DD6825F08045AF
S31590020190DD60BFF35F8FDD6845F00045DD600D6879
S315900201A0AD0706D5DD6825F0607CCD684CEA05057D
S315900201B0DD600025DFF898E1DFF89891D2F808A083
S315900201C0BAF1000F43D1019A002A00F0BC809A68D6
S315900201D042F000429A60DA6842F08052DA6000EBAE
S315900201E08703C26BDA628762EFF31082012383F38D
S315900201F01088036C01332B44036482F31088002029
S315900202007FE74FF0010880E75A609A6802EA0E0289
S315900202109A602A4692E725F4FF4E4D681CF0010F2C
S315900202202EF07F0E4EEA0505DD6006D0DD6825F4D8
S31590020230403E4D694EEA0505DD601CF0200F96D0D2
S31590020240DD6825F0406E0D694EEA05058EE707F1E9
S31590020250010CDA68BCF1030F22F0805288BFA7F135
S31590020260030CDA6000EB8C07BB69DA6822F0005265
S31590020270DA60DA68002A17DA08F1010200212A44C4
S31590020280B56991423FF43CAFBFF35F8FEB680131A2
S3159002029023F00043EB60631C032B88BFE31E00EB45
S315900202A08304A5691C46ECE7FA6A002AE4D1DAF8D7
S315900202B000201A609F68DAF804206FF30D0717433F
S315900202C0DAF808209F602AB317685F609F6807EA8A
S315900202D00E0A57684AEA07479F60D1F800B0DF686E
S315900202E01BF0100F1DD007EA090ACF694AEA0707E1
S315900202F0DF60DF6847F48027DF600135BFF35F8FE9
S31590020300DF6847F00047DF60DF6827F08047DF60ED
S31590020310674653E75A609A6802EA0E029A60524614
S31590020320DBE727F4FF4A4F681BF0010F2AF07F0A9A
S315900203304AEA0707DF60E0D0DF6827F4403A4F6960
S315900203404AEA0707D8E79A6822F0004242E700BFD6
S31590020350FFFF00C00000FCFF2DE9F7430023856EE6
S315900203600446C76E019305F112034FF001484FF010
S31590020370414950F8236037B13369E3B901A8F0F7E0
S315900203805FF8019BABB9E36EBB420FD0BFF35F8FB1
S31590020390E91C23682269182001F0030103F58053B2
S315900203A000FB0122C3F82821C4E91A5703B0BDE81D
S315900203B0F08333613360A36D63B1C6F80C906B1C06
S315900203C0013F032B88BFEB1E03F112021D4654F820
S315900203D02260D0E7C6F80C80F1E7D0F88430102B73
S315900203E04FF0010310B5044637D1202283650423CA
S315900203F0C0F88420C366FFF7AFFF2268002002F59B
S315900204008053D3F8041141F00101C3F80411D3F8D3
S31590020410081141F00101C3F80811D3F8601141F4B3
S315900204208171C3F86011D2F8001D41F00101C2F842
S31590020430001D116841F002011160116841F001013D
S315900204401160D3F8342142F4504242F0C102C3F80B
S3159002045034214023C4F8843010BD1846FCE7D0F806
S3159002046084200346402A10B538D12022C0F8842031
S3159002047050F8442B02F58051D1F8344124F450447B
S3159002048024F0C104C1F83441D1F8044124F00104A6
S31590020490C1F80441D1F8084124F00104C1F8084199
S315900204A003F15404116821F001011160D2F8001D84
S315900204B041F00101C2F8001D116821F0020111609C
S315900204C050F8041FCA68A04222F08042CA60F7D14F
S315900204D0002010229865C3F8842010BD0120FCE705
S315900204E010B5044639B9D0F8883043F00103C4F800
S315900204F08830012010BDD0F88420402AF9D14B6B68
S315900205000122C363FFF790FD20B1D4F8883043F0FF
S315900205100203ECE7BFF34F8FA26A0020531C032B12
S3159002052088BFD31E2268A362063354F8231002F5BD
S315900205308053C3F82011DDE72DE9F04F044685B0CC
S315900205408A4649B9D0F8883043F00103C0F888301A
S31590020550012005B0BDE8F08FD0F88430402BF7D15A
S31590020560D0F85C904FF0000800F1800109F1120377
S315900205704646C34650F823507C3050F8103CC3F19F
S3159002058004030193EB68002B05DB019B9E4202D08C
S31590020590B8F1000F11D0E36E1E44E66616B12046FE
S315900205A0FFF7DAFEC4F85C90B8F1000FD0D0E36F93
S315900205B00020CAF80030E067CBE7EB685B0003D512
S315900205C06B68A3672B686367EB689F0001D4E36F40
S315900205D003B3EB68EF689A00C7F30E0748BFC4E906
S315900205E018BB636EFF1AEB68DB0003D5EB684FF01E
S315900205F001082367BBB22A69CDE90201EFF742FFF0
S31590020600236E01332366636EDDE902013B44636622
S31590020610C5F810B009F101030136032B88BFA9F181
S31590020620030303F11202994654F82250AAE72DE9E0
S31590020630F047054601274FF018094FF0000AD0E916
S31590020640106406B117B90020BDE8F08705EB84085F
S31590020650013ED8F82C0028B9631C032B00D9E31E5F
S315900206601C46EEE7EB6809FB0433DB68002B0ADBDA
S31590020670EFF736FF631CC8F82CA0032B88BFE31E46
S31590020680C5E91063ECE723460027E9E77047704710
S31590020690704703684FF0B0422DE9F041D3F8B0703D
S315900206A003F580530446D3F86051D3F83481D2F8D7
S315900206B0A8606A0608D518F0400F05D048F24002A5
S315900206C0C3F86021EFF752FDEB070CD518F0010F36
S315900206D009D0236848F20102204603F58053C3F8F5
S315900206E06021EFF749FD680424D518F4804F21D094
S315900206F0D4F8883015F4805F43F00803C4F8883044
S31590020700236803F58053D3F8602155D022F46F62A3
S3159002071022F00D02D204D20CC4F88C20D3F83421E4
S3159002072022F44042C3F83421E023C4F884302046B0
S31590020730EFF728FD17F4C04F13D0D4F8883020462F
S3159002074043F01003C4F888302368D3F8B830C4F85D
S315900207509030E023C4F88430EFF714FD0023C4F8F8
S315900207609030F9060CD523682046D3F8C03003F0B2
S315900207706003C4F89430FFF789FF0023C4F89430DD
S31590020780BA060CD523682046D3F8D03003F00F036F
S31590020790C4F89830FFF77BFF0023C4F898307302B1
S315900207A008D54FF0B0434FF480022046C3F8A820F4
S315900207B0FFF76EFFBDE8F08102F4CD42C4F88C20BB
S315900207C04FF4CD42C3F86021B1E770B51E46036877
S315900207D00546D3F80002C00701D5012070BDD3F8B3
S315900207E0004224F0787444EA415121F4F81141EA26
S315900207F0024242F00D02C3F80022FDF749F904467F
S315900208002A68D2F8000210F0010004D1D2F804321C
S315900208109BB23360E2E7FDF73BF9001BB0F57A7FB6
S31590020820EED9DAE7002900F0C180036800201A6841
S3159002083002F00C02CA621A68C2F3001281F82820EA
S315900208401A6802F060024A621A6882F48072C2F3EF
S31590020850002281F820201A68C2F34022CA771A68C9
S3159002086082F48062C2F380228A771A68C2F3C02227
S315900208704A771A68C2F300320A771A6802F400526B
S315900208808A611A6802F480424A611A68C2F3004287
S315900208908A741A6882F40032C2F340424A741A6821
S315900208A082F40022C2F3C0420A741A68C2F300525A
S315900208B0CA731A68C2F340528A731A68C2F3805294
S315900208C04A731A68C2F3C0520A731A6802F0E06257
S315900208D08A601A68C2F3C0620A711A6802F0E0422C
S315900208E00A605A68C2F30D024A635A6882F48032E9
S315900208F0C2F3004281F832205A68C2F3404281F82C
S3159002090031205A68C2F3804281F830205A68C2F385
S31590020910006281F838205A68C2F34462CA63DA6880
S31590020920C2F3002281F84020DA6802F00F024A648C
S315900209301A6FC2F3400281F854201A6F82F0800235
S31590020940C2F3C01281F84C201A6F02F070020A6547
S315900209501A6F120C8A64D3F8902002F0010281F881
S315900209605620D3F89020C2F3400281F85520D3F84E
S31590020970002D02F072028A65D3F8302D02F023021E
S31590020980CA65D3F8302DC2F3C00281F86220D3F83B
S31590020990302DC2F3001281F86120D3F8303D83F0F6
S315900209A04003C3F3801381F860307047012070478B
S315900209B008B539B1D0F88430102B03D1FFF72DFA50
S315900209C0002008BD0120FCE738B503680546D3F838
S315900209D0004202F07FF9114B24F47064984205D8D4
S315900209E044F400742B68C3F8004238BD0C4B98420D
S315900209F002D244F44074F5E70A4B9842F2D90A4B74
S31590020A00984202D844F48074ECE7084B984294BF1B
S31590020A1044F4806444F4A064E4E700BFBF0E160277
S31590020A2000879303FFE0F5057FD1F0087FB2E60ECB
S31590020A30F0B50446A5B0002800F0AF80D0F8843017
S31590020A4023B92023C0F88430EFF768FC814BD3F8A2
S31590020A50F42042F00202C3F8F420D3F8F430207A5C
S31590020A6003F002030193019B002840F08680FDF774
S31590020A703FF8794B5B68236803F580531A6842F016
S31590020A8001021A60FDF704F80646236803F58053BF
S31590020A901D6815F0010573D120460127FFF794FFD3
S31590020AA002F018F96D4B4FF48041266814958DF833
S31590020AB030708DF854508DF864501A951D958DF8B6
S31590020AC06C508DF84C70ADF88C708DF88E501F95D9
S31590020AD0ADF880508DF882501695ADF85C508DF831
S31590020AE05E700D958DF83E501C958DF87870B0FB22
S31590020AF0F3F04FF4C363013818934FF04053C6F89E
S31590020B00DC0002200B934FF40053CDE910134FF4FF
S31590020B1080330BA912932023CDE92103504B204613
S31590020B200E9340F20113ADF83C30FFF776F94FF48D
S31590020B30001302A920468DF80C70069308934FF481
S31590020B40067302950A930497ADF814508DF81C50CB
S31590020B50ADF82450FFF722FA06F580536069D3F870
S31590020B60002110F0030122F4E01242F40022C3F8AD
S31590020B70002115D0C4F888700CE04FF4000076E797
S31590020B80FCF786FF801BB0F5FA7F7FF67EAF0423D3
S31590020B90C4F88830E023C4F88430012025B0F0BD33
S31590020BA0D3F8082104F114056FF34E0242EA40028B
S31590020BB0E068C3F8082100F16007024611605160AF
S31590020BC09160D16045F8042F1832BA42F6D1A162EB
S31590020BD0032221690025C3F82C2101F16007C3F88D
S31590020BE014010A46C3F8200104F1440015605560C9
S31590020BF09560D560C2E9045540F8042F1832BA427E
S31590020C00F4D10322A5650020C4E91755C4E91A5503
S31590020C10C3F83021C3F81C114831C3F82811636810
S31590020C209A88C6F800231B68C6F804330D4BD6F88B
S31590020C300C271343C6F80C37D6F8103743F04263A5
S31590020C4043F44043C6F810371023C4F88850C4F8CA
S31590020C508430A3E7004402580004005840420F0033
S31590020C60000001016000020CD0F888007047D0F8AD
S31590020C708C0070472DE9F74F0023DFF8C4914FF0AF
S31590020C80B0440A6832FA03F502D103B0BDE8F08F98
S31590020C90012505FA03F818EA020200F0BB804E68B5
S31590020CA003274FEA430E06F0030507FA0EFC6F1E62
S31590020CB06FEA0C0C012F34D8876807EA0C0ACF68C2
S31590020CC007FA0EF747EA0A078760476827EA08088D
S31590020CD0C6F300179F4047EA08074760C768022D88
S31590020CE007EA0C088F6807FA0EF747EA0807C76003
S31590020CF019D14FEAD30803F0070A4FF00F0B00EB16
S31590020D0088084FEA8A0AD8F820700BFA0AFB27EA73
S31590020D100B0B0F6907FA0AF747EA0B07C8F8207018
S31590020D2001E0032DDAD1076805FA0EF516F4403F75
S31590020D3007EA0C0745EA070505606BD0D9F8F45027
S31590020D4023F0030703F0030C4FF00F0E45F0020554
S31590020D5007F1B0474FEA8C0CC9F8F45007F5806753
S31590020D60D9F8F4500EFA0CFE05F002050195019D94
S31590020D70BD6825EA0E0E314DA8424DD005F5806527
S31590020D80A8424BD005F58065A84249D005F5806505
S31590020D90A84247D005F58065A84245D005F58065FD
S31590020DA0A84243D005F58065A84241D005F58065F5
S31590020DB0A8423FD005F58065A8423DD005F58065ED
S31590020DC0A84214BF0A25092505FA0CF516F4801FC8
S31590020DD045EA0E05BD606FEA020725680CBF3D40E5
S31590020DE0154316F4001F256065680CBF3D401543F8
S31590020DF016F4003F6560D4F884500CBF3D4015430D
S31590020E00F603C4F88450D4F8805054BF3D4015433D
S31590020E10C4F88050013334E70025D5E70125D3E79E
S31590020E200225D1E70325CFE70425CDE70525CBE7B4
S31590020E300625C9E70725C7E70825C5E70000025832
S31590020E40004402582DE9F04F00224FF0010A4FF06C
S31590020E500F084FF0030B4FF0B04431FA02F301D171
S31590020E60BDE8F08F0AFA02FC1CEA010670D022F065
S31590020E70030502F0030705F1B045BF00D5F8083423
S31590020E8008FA07F905F5806509EA030E3A4B984286
S31590020E9060D003F5806398425ED003F580639842F2
S31590020EA05CD003F5806398425AD003F580639842EA
S31590020EB058D003F58063984256D003F580639842E2
S31590020EC054D003F58063984252D003F580639842DA
S31590020ED050D003F58063984214BF0A230923BB407E
S31590020EE0734517D1D4F8803023EA0603C4F88030CC
S31590020EF0D4F8843023EA0603C4F88430636823EA7C
S31590020F0006036360236823EA06032360AB6823EA39
S31590020F100903AB6053000568D6080BFA03F300EB9E
S31590020F2086061D43056002F00705376AAD0008FA8A
S31590020F3005F527EA05073762C56825EA0305C56000
S31590020F40456825EA0C054560856825EA03038360B2
S31590020F50013282E70023C2E70123C0E70223BEE7FC
S31590020F600323BCE70423BAE70523B8E70623B6E7CB
S31590020F700723B4E70823B2E700000258036919422F
S31590020F8014BF0120002070470AB18161704709049D
S31590020F90FBE703689A69910701D500229A629A69DA
S31590020FA0D20703D49A6942F001029A61704700000F
S31590020FB030B5039DC1F3090104682B43606843EA87
S31590020FC00243054A0B4342EA555223F0004320EA74
S31590020FD002000343636030BDFF63FF03204B426B05
S31590020FE09A4201F0010370B50DB201F002041FD0CE
S31590020FF01C4EB2421CD01C4EB24219D0002DC3F1E7
S315900210000003B4BFB822002203F0F20313430CB1DB
S3159002101043F0F403102902D143F0900303E0202910
S3159002102001D143F0200301680A6813430B6070BD37
S31590021030002DC3F10003B4BFB822002203F0F203DD
S3159002104013430CB143F0F4031029E5D0202902D1C1
S3159002105043F06003E7E7402908BF43F04003E2E725
S31590021060191B0290A51F0290F119029011F001032B
S3159002107007D090F8413003F02803282B14BFF223AF
S3159002108042238A0709D590F8412002F02802282A9D
S315900210900CBF43F0440343F0F4030A04016848BFCB
S315900210A043F0B8030A6822EA03030B6070470368A9
S315900210B02DE9F0419C6905460F46164614F0100438
S315900210C06FD000241022A046DA612B689A699006A6
S315900210D061D4B8F1000F35D044F0040401202E6893
S315900210E0B369D90505D54FF4807244F00104012005
S315900210F0F2615A0505D54FF4806244F00804012046
S31590021100F2619B054FD54FF4007344F00204F361EC
S315900211102846FFF73EFF7368012023F0FF7323F4FE
S315900211208B3323F4FF7323F0010373606B6C2343B9
S315900211306B64202385F84130002385F8423085F888
S31590021140403032E07A1CC1D0FCF7A2FC801BB84238
S3159002115001D8002FB9D12B68596895F84220986921
S31590021160D2B200040AD5490408D4202A06D05A6875
S3159002117042F480425A60FCF78BFC06462B689B69C8
S315900211809B06A2D4FCF784FC801B1928F6D920244E
S315900211904FF0010899E7B8F1000F9DD12022DA614C
S315900211A09AE720469BE70028B2D1BDE8F0812DE967
S315900211B0F041DDF8188004460F4616461D46236810
S315900211C09B6937EA03030CBF01230023B34201D084
S315900211D0002025E0424629462046FFF768FFF0B9EF
S315900211E06B1CECD0FCF754FCA0EB0800A84201D88B
S315900211F0002DE4D123689B6937EA03030CBF0123D0
S315900212000023B342DBD1636C43F020036364202353
S3159002121084F84130002384F8423084F8403001202B
S31590021220BDE8F08110B5044600284ED090F84130C2
S3159002123003F0FF021BB980F8402008F049FF2423EF
S3159002124084F8413023681A6822F001021A606268B3
S3159002125022F070621A619A6822F400429A60D4E986
S315900212600221012906D142F400429A605A6822F478
S31590021270006207E042F4044202299A60F6D15A6863
S3159002128042F400625A6000205A6842F0007242F4B8
S3159002129000425A60DA6822F40042DA60D4E9042104
S315900212A00A43A16942EA0122DA60D4E907210A4394
S315900212B01A601A6842F001021A602023606484F868
S315900212C04130206384F8420010BD0120FCE7000003
S315900212D02DE9F34104461F460E46BDF8240094F8C4
S315900212E041300899202B75D101B138B94FF400736A
S315900212F063640125284602B0BDE8F0812568AB6992
S3159002130013F4004366D194F840C0BCF1010F61D04A
S315900213104FF0010C616284F840C04FF0210C84F8C2
S3159002132041C04FF0400C84F842C063642A4B6085FA
S31590021330E3622A4BE6646363638D9BB2FF2B2BD8E1
S31590021340638D9BB2012FD0B2238527D14FF0FF3206
S31590021350A8622265A06B28B3214A4FF00008C263A7
S31590021360204AC0F84080C26405F12802C0F8508035
S31590021370FEF7EEF8054608BB1B4B31462046FAB2FD
S3159002138000934FF08073FFF713FE0121204684F8F5
S315900213904050FFF723FEADE7FF23D3E7120AAA6276
S315900213A02065D7E7202384F8400084F8413084F8FA
S315900213B04200636C43F0800363649AE7202384F8C7
S315900213C0408084F8413084F84280636C43F0100385
S315900213D063648EE702258DE70000FFFFF119029004
S315900213E0011D02901D1C0290002000802DE9F34100
S315900213F004461F4610460E4694F84130089A202B12
S31590021400BDF8245073D102B13DB94FF400736364B1
S315900214100125284602B0BDE8F08121688B6913F454
S31590021420004364D194F840C0BCF1010F5FD04FF0F5
S31590021430010C626284F840C04FF0220C84F841C0DD
S315900214404FF0400C84F842C063642A4B6585E36290
S31590021450294BE6646363638D9BB2FF2B29D8638D18
S315900214609BB2012FC5B2238525D14FF0FF308D62F5
S315900214702065E06B18B3214D4FF000082431C56307
S315900214801F4DC0F84080C564C0F85080FEF760F8E2
S31590021490054600BB1B4B3146FAB2009303462046E3
S315900214A0FFF786FD0121204684F84050FFF796FD0E
S315900214B0AFE7FF23D5E7000A88622565D9E720239F
S315900214C084F8400084F8413084F84200636C43F01B
S315900214D0800363649CE7202384F8408084F841303B
S315900214E084F84280636C43F01003636490E70225AC
S315900214F08FE700BF0000FFFFF1190290551D029081
S315900215001D1C0290002000802DE9FF471D460023F6
S3159002151004461746039390F84130202B79D10368FD
S315900215209B6913F4004374D190F84020012A70D03D
S31590021530C1F30906012246F0007880F84020242261
S3159002154048F4205880F841204364E3682268012BCE
S315900215500ABF46F00073434643F400535360FCF7C8
S3159002156097FA8146226893699269C3F34013C2F34C
S31590021570001213431DD023689A6912F0100A38D1CB
S315900215802B46524620212046CDF80090FFF70FFEBB
S3159002159028B3636C042B04D123682022DA61C4F841
S315900215A044A0039B01330393039B039BBB42CCD37F
S315900215B009E06B1CD6D0FCF76BFAA0EB0900A842A7
S315900215C001D8002DCED12023012084F84130636CBE
S315900215D043F020036364002384F8403006E020231E
S315900215E02268D36184F8413084F8400004B0BDE8A3
S315900215F0F087102220212046DA612B460022CDF870
S315900216000090FFF7D4FD0028CBD123682022DA611F
S31590021610C7E70220EAE70268436B9169126803B151
S31590021620184770477047704738B5002580F8425082
S3159002163090F84130212B4FF0200380F841300AD1A7
S315900216401123012145630363FFF710FD80F8405093
S31590021650FFF7E8FF38BD1223022145630363FFF7C4
S3159002166005FD80F84050FFF7DEFFF3E770477047BD
S3159002167008B5036800211A6880F84210510415D5FE
S315900216801A6822F480421A6090F84130292B13D1BD
S315900216902823012180F8413021230363FFF7E6FCDA
S315900216A0002380F84030FFF7E1FF08BD1204EBD526
S315900216B01A6822F40042E6E790F841302A2BF4D1D8
S315900216C02823022180F8413022230363FFF7CEFCC0
S315900216D0002380F84030FFF7CAFFE6E7704790F89C
S315900216E0412002F02802282AF8B5036835D19E696E
S315900216F0C2689D69C6F30046022A99684FEA154563
S31590021700DF6805F0FE051FD185EAD115C1F30902FE
S3159002171015F006050ED1816C01318164816C022926
S3159002172007D108218564D96180F840503146FFF788
S31590021730D5FFF8BD4FF40041FFF798FC002307F060
S31590021740FE0280F84030F1E74FF40041FFF78EFC3D
S3159002175000232A4680F84030E8E70822DA6100231F
S3159002176080F84030E5E7704708B5164B2022C362F1
S3159002177000230363436380F8412080F842304B078D
S3159002178012D503685A6A436A1A70436A01334362EE
S31590021790038D4BB1013B0385438D013B9BB2438540
S315900217A0436C43F00403436448F20301FFF75EFC83
S315900217B003681022DA61002380F84030FFF7D3FFE6
S315900217C008BD00BF0000FFFF7047704790F84120A8
S315900217D0602A4FF0000208B508D1202180F84020F7
S315900217E080F841100263FFF7F0FF08BD026380F8AC
S315900217F04020FFF7E9FFF8E770B5002290F84130F4
S315900218003C4D044680F84220283BC5624285022B15
S31590021810426C42EA010242642AD80321FFF726FC6F
S31590021820282380F84130344BA06B6363236B0028E6
S3159002183041D0112B01D0212B3DD123681A68510436
S3159002184003D51A6822F480421A60FEF7E1FA01285B
S315900218502CD02A4BA06B0365002384F84030FEF708
S3159002186077F8002845D0A06B036DBDE87040184705
S3159002187048F20301FFF7FAFBFFF78BFB90F8413032
S31590021880602B11D0202380F8413003689A6995061F
S315900218900AD59A69D00605D51022DA61626C42F0B1
S315900218A0040262642022DA610023BDE72046BDE885
S315900218B07040FFF78BBFE06B0028F7D0122B01D058
S315900218C0222BF3D123681A68120403D51A6822F4DC
S315900218D000421A60FEF79CFA0128E7D0074BE06BAC
S315900218E00365002384F84030FEF732F808B1E06BC6
S315900218F0BAE770BD0000FFFF412102905322029089
S3159002190073B52023056804460E46EB6190F8413084
S31590021910212B36D10121FFF7A9FB112323636B6893
S31590021920F20623F0FF7323F48B3323F4FF7323F031
S3159002193001036B604FF000036363A3F58033E362A8
S3159002194005D51023EB61636C43F00403636494F84A
S315900219504130602B05D1730703D56B6ADBB20193D5
S31590021960019B2046FFF715FB636C94F84120602A91
S3159002197000D07BB1616C204602B0BDE87040FFF7A3
S315900219803BBF90F84130222BC9D10221FFF76EFB63
S315900219901223C3E794F84120212A12D1202284F8F7
S315900219A0403084F84120236394F8422084F84230F0
S315900219B0402A03D108F004FC02B070BDFFF732FE54
S315900219C0FAE794F84120222AF6D1202284F8403070
S315900219D084F84120236394F8422084F84230402AC6
S315900219E002D108F055FBE7E7FFF71DFEE4E700009A
S315900219F013B590F840300446012B00F086800123FF
S31590021A0080F84030CB0612D5D30610D50368102243
S31590021A102021DA61436C43F004034364FFF7DEFA54
S31590021A20FFF7B7FA002084F8400002B010BD88078D
S31590021A3008D5930706D52368226D9A624FF0FF3335
S31590021A402365EFE7080636D5530634D5012120469D
S31590021A50FFF70CFB1021FFF7C1FA638D9BB233B3EC
S31590021A60638D9BB2FF2B18D9FF22E16C002322854E
S31590021A7000934FF0807389B2FFF79AFA638D228DA5
S31590021A809B1A9BB2638594F841202368222A1A688E
S31590021A9030D142F400421A60C4E7628D0023E16CB1
S31590021AA092B222850093D2B24FF00073E3E74021BF
S31590021AB0FFF7A2FEB6E748061FD553061DD50121AC
S31590021AC02046FFF7D3FA1021FFF788FA94F84110CF
S31590021AD00F4A104B222918BF1346628D92B2FF2AE3
S31590021AE003D9FF22E16C2285C2E7628DE16C92B244
S31590021AF02285D7E742F48042CDE7880692D59306AF
S31590021B0090D52046FFF7FCFE8CE702208DE700BFBA
S31590021B10002000800024008073B590F8403004467F
S31590021B20012B79D0012380F84030CB0612D5D60608
S31590021B3010D5036810222021DA61436C43F0040326
S31590021B404364FFF74BFAFFF724FA002084F840002B
S31590021B5002B070BD0D0642D5500640D525682B6859
S31590021B6023F040032B60638D9BB263B36968638DE8
S31590021B70C1F309019BB2FF2B1AD9FF2323854FF09C
S31590021B8080730022268D2046009294F82820FFF733
S31590021B900FFA638D9B1B9BB2638594F84130222B7F
S31590021BA02B680CBF43F4004343F480432B60CCE78D
S31590021BB0638D2385E36A13F5803F01D0E36AE0E7FC
S31590021BC04FF00073DDE76B689A0103D42046FFF766
S31590021BD02BFDBAE740212046FFF70EFEB5E74B06EE
S31590021BE012D5560610D5638D9BB2002BF2D123687F
S31590021BF05A689501A9D4E26A12F5803FE6D15A68ED
S31590021C0042F480425A60A0E788069ED593069CD5F8
S31590021C102046FFF775FE98E7022099E738B5856B5F
S31590021C20AC6B54B32368354A934221D0183293420F
S31590021C301ED0183293421BD01832934218D01832C3
S31590021C40934215D01832934212D0183293420FD043
S31590021C50183293420CD002F55672934208D018323B
S31590021C60934205D01832934202D018329342FFD053
S31590021C705B68B3FA83F35B091C46EB6B63B31B6831
S31590021C801E4A934221D0183293421ED01832934262
S31590021C901BD01832934218D01832934215D018326C
S31590021CA0934212D0183293420FD0183293420CD0EC
S31590021CB002F55672934208D01832934205D01832E2
S31590021CC0934202D018329342FFD05B68B3FA83F301
S31590021CD05B09002B18BF0124FEF79DF802280BD052
S31590021CE054B12A6828461021536843F4004353603E
S31590021CF0BDE83840FFF780BD38BD00BF10000240F6
S31590021D0010B5846B2268136823F480431360638D45
S31590021D109BB22BB920212046BDE81040FFF75EB951
S31590021D20238D616A1944638D9BB26162FF2B0DD834
S31590021D30638D9BB22832A06B2385FDF709FC38B1DF
S31590021D4020461021BDE81040FFF756BDFF23F1E76C
S31590021D504021E0E710B5846B21680B6823F40043B9
S31590021D600B60638D9BB22BB920212046BDE81040B3
S31590021D70FFF734B9238D626A1A44638D9BB262620D
S31590021D80FF2B0DD8638D9BB22431E06B2385FDF733
S31590021D90DFFB38B120461021BDE81040FFF72CBD7D
S31590021DA0FF23F1E74021E0E72DE9F0410568202283
S31590021DB004460E46D5F80080C76A90F84130EA612B
S31590021DC0213B092B0CD8DFE803F0058D0B0B0B0B8F
S31590021DD00B93058D48F20101FFF748F921232363FE
S31590021DE06B68204643F400436B606B6823F0FF7385
S31590021DF023F48B3323F4FF7323F001036B60FFF715
S31590021E00C8F818F4804F79D02B6823F480432B605E
S31590021E10A36B2BB31B68614A93421ED0183293422E
S31590021E201BD01832934218D01832934215D01832DA
S31590021E30934212D0183293420FD0183293420CD05A
S31590021E401832934209D002F55672934205D018324F
S31590021E50934202D018329342FFD05B689BB263855D
S31590021E6072070FD5636A26F004066A6A1A70636A65
S31590021E7001336362238D2BB1013B2385638D013B35
S31590021E809BB26385638D9BB21BB1636C43F0040373
S31590021E906364F30611D518F0100F0ED0638D9BB2C2
S31590021EA0002B45D194F84130282B30D1B7F1007FE1
S31590021EB02DD131462046FFF757FC002384F8423055
S31590021EC0656C6363002D42D0616C2046FFF794FCEB
S31590021ED094F84130282B4CD131462046BDE8F0414A
S31590021EE0FFF742BC48F20201FFF7C0F8222376E7D9
S31590021EF048F20301FFF7BAF8002370E718F4004F8F
S31590021F00AED02B6823F400432B60E36B81E794F801
S31590021F1041202368292A4FF01002DA61CDD117F5B4
S31590021F20803FCAD02046FFF734F8FFF7A1FBC4E7FB
S31590021F3023681022DA61636C43F00403636437F01A
S31590021F408073BAD1616C2046FFF756FCB5E7E36A17
S31590021F5013F5803F0FD02046FFF78AFB104B2046A1
S31590021F6084F84050E362202384F841302563FFF7DA
S31590021F70FAFBBDE8F08194F84130204684F840504F
S31590021F80222B4FF0200384F84130256302D1FFF7CC
S31590021F906EFBEEE7FFF76AFBEBE700BF100002402D
S31590021FA00000FFFF70B590F8403004460D46C66AB1
S31590021FB0012B00F0C080012380F840308B0607D5B4
S31590021FC0930605D5FFF7F0FE002084F8400070BD19
S31590021FD0EB0640F1A680D00640F1A380C2F3803191
S31590021FE002F4004251EA020300F09780E36B3BB39E
S31590021FF03AB31B68514A93421ED0183293421BD071
S315900220001832934218D01832934215D0183293420E
S3159002201012D0183293420FD0183293420CD0183203
S31590022020934209D002F55672934205D018329342E2
S3159002203002D018329342FFD05B68B3FA83F35B09FE
S315900220401A46A36B43B339B31B683C498B421ED0E5
S3159002205018318B421BD018318B4218D018318B42D3
S3159002206015D018318B4212D018318B420FD01831BD
S315900220708B420CD018318B4209D001F556718B42A6
S3159002208005D018318B4202D018318B42FFD05B6853
S31590022090B3FA83F35B090BB9012A1DD194F8413047
S315900220A0282B07D1B6F1007F04D129462046FFF7A7
S315900220B05BFB89E794F841202368292A4FF01002A6
S315900220C0DA6181D116F5803F3FF47EAF2046FEF766
S315900220D060FFFFF7CDFA77E723681022DA6136F0D0
S315900220E08072636C43F00403636494F84130DBB20C
S315900220F07FF46AAF213B092B08D8DFE803F0050C81
S31590022100070707070707050C21232363616C2046FF
S31590022110FFF772FB58E72223F7E723681022DA616A
S3159002212052E729077FF550AF13077FF54DAF20464B
S31590022130FFF7D5FA48E7022049E700BF10000240B0
S3159002214070B590F8406004460B46C56A012E7ED063
S31590022150012680F840608E0607D5960605D5FFF7CC
S3159002216023FE002084F8400070BDD90630D5D606ED
S315900221702ED5628D92B2E2B994F84120282A07D1DF
S31590022180B5F1007F04D119462046FFF7EDFAE8E74C
S3159002219094F841202368292A4FF01002DA61E0D19F
S315900221A015F5803FDDD02046FEF7F3FEFFF760FA85
S315900221B0D7E723681022DA61636C43F00403636401
S315900221C035F08073CDD1616C2046FFF715FBC8E7D9
S315900221D058071BD5510719D5638D9BB26BB12368EE
S315900221E05A6A636A1A70636A01336362238D013B8A
S315900221F02385638D013B9BB26385638D9BB2002BD6
S31590022200AFD115F5803FACD02046CFE71E0705D556
S31590022210100703D52046FFF762FAA2E79907A0D5E1
S3159002222093079ED5638D9BB26BB1636A226813F84E
S31590022230011B91626362638D013B9BB26385238D21
S31590022240013B23858DE735F080738AD1DCE7022046
S315900222508AE7806B836B0BB100221A65C36B0BB155
S3159002226000221A65FFF7B2BA10B590F841200346DC
S31590022270202AD4B21CD190F84020012A18D02422C8
S3159002228080F841200268106820F001001060106802
S3159002229020F480501060106801430020116011688C
S315900222A041F00101116083F8414083F8400010BD6E
S315900222B00220FCE710B590F841200346202AD4B2BA
S315900222C01BD190F84020012A17D0242280F8412071
S315900222D00268106820F001001060106820F47060A7
S315900222E040EA012100201160116841F0010111605C
S315900222F083F8414083F8400010BD0220FCE70000BD
S31590022300024A136843F48073136070470048025878
S3159002231038B5104CE36813F0040FE36805D103F067
S315900223200703181A18BF012038BD23F00703184374
S31590022330E060FBF7ADFB054663689B0401D5002080
S31590022340F2E7FBF7A5FB401BB0F57A7FF4D90120A3
S31590022350EAE700BF00480258F8B50446002874D050
S315900223600368D8075ED42368990700F1AD80236885
S31590022370DA0627D59C4A1369916A03F03803082B2B
S3159002238007D0182B40F0038101F00303012B40F094
S31590022390FE801368DB0502D5E369802B55D1FBF7E6
S315900223A08FFB41F20303216A98428F4B00F2E88039
S315900223B05A68202922F0F8420CBF42F0804242EA43
S315900223C081625A602368190700F1238123689A066D
S315900223D000F1448123685D071ED5844D2B6843F432
S315900223E080732B60FBF754FB06462B68DA0540F1A7
S315900223F05A81A3687C4D012B40F05C812B6F43F090
S3159002240001032B6741F28837FBF742FB764E05466E
S31590022410336F9B0740F17481616A002940F077819E
S3159002242000202BE0704A1369916A03F03803102B4F
S3159002243005D0182B0BD101F00303022B07D1136899
S315900224409A0390D56368002B8DD1012016E06368BC
S31590022450654DB3F5803F12D12B6843F480332B60E0
S31590022460FBF716FB604E054633689B033FF57BAF41
S31590022470FBF70EFB401B6428F6D90320F8BDA3B9DF
S315900224802B6823F480332B602B6823F480232B60F4
S31590022490FBF7FEFA06462B689F037FF564AFFBF7C0
S315900224A0F7FA801B6428F6D9E7E7B3F5A02F2B68D5
S315900224B003D143F480232B60CEE723F480332B6041
S315900224C02B6823F48023CAE74749E2680B69886A36
S315900224D013F0380303D0182B2AD1800728D10B6822
S315900224E05B0701D5002AB0D03F4D2B6823F0190324
S315900224F013432B60FBF7CCFA06462B685F0711D580
S31590022500FBF7DEFA41F20303226998426B6822D8FE
S3159002251023F47C33402A0CBF43F4003343EA02335C
S315900225206B6024E7FBF7B4FA801B0228E5D9A4E78F
S315900225302D4D2B68A2B123F0190313432B60FBF7A1
S31590022540A7FA06462B685807DAD4FBF7A1FA801B3E
S315900225500228F7D991E723F0FE4343EA0263DFE7C5
S3159002256023F001032B60FBF793FA06462B68590773
S315900225707FF5FDAEFBF78CFA801B0228F6D97CE735
S31590022580DA6822F07C5242EA0162DA601AE7E3697B
S31590022590154D6BB32B6843F080032B60FBF778FAEB
S315900225A006462B68DF0511D5FBF78AFA41F203033B
S315900225B0226A984210D86B68202A23F0F8430CBFFF
S315900225C043F0804343EA82636B60FBE6FBF760FA73
S315900225D0801B0228E5D950E7EB6823F07C5343EA47
S315900225E00263EB60EEE600BF0044025800480258D0
S315900225F02B6823F080032B60FBF74AFA06462B687A
S31590022600D8057FF5DFAEFBF743FA801B0228F6D991
S3159002261033E76369A34D83B16B6F43F001036B6735
S31590022620FBF736FA06466B6F9B073FF5CFAEFBF785
S315900226302FFA801B0228F6D91FE76B6F23F001034E
S315900226406B67FBF725FA06466B6F9F077FF5BEAE63
S31590022650FBF71EFA801B0228F6D90EE7A369914D65
S3159002266083B12B6843F480532B60FBF711FA06462D
S315900226702B6898043FF5AEAEFBF70AFA801B022848
S31590022680F6D9FAE62B6823F480532B60FBF700FA0F
S3159002269006462B6899047FF59DAEFBF7F9F9801BE8
S315900226A00228F6D9E9E6FBF7F3F9801B64287FF650
S315900226B09CAEE2E6B3B92B6F41F2883723F0010361
S315900226C02B672B6F23F004032B67FBF7E1F9064682
S315900226D02B6F98077FF5A0AEFBF7DAF9801BB8420D
S315900226E0F6D9CAE6052B2B6F03D143F004032B6769
S315900226F084E623F001032B672B6F23F0040380E615
S31590022700FBF7C6F9401BB8427FF682AEB5E6654D39
S315900227102B6903F03803182B78D02B68022923F003
S3159002272080732B6065D1FBF7B3F906462B68990146
S3159002273059D4AB6AA26A23F47C7323F0030313433E
S31590022740E26A43EA0213AB62636BA26B013B013A04
S315900227505B0212049BB202F4FE021343226B013A0D
S31590022760C2F308021343E26B013A120602F0FE42EA
S3159002277013432B63EB6A23F00103EB626B6BA26C40
S315900227806FF3CF0343EAC2036B63EB6A226C23F0C7
S315900227900C031343EB62EB6A626C23F0020313435E
S315900227A0EB62EB6A43F48033EB62EB6A43F40033F9
S315900227B0EB62EB6A43F48023EB62EB6A43F001032C
S315900227C0EB622B6843F080732B60FBF761F9354D12
S315900227D004462B689A013FF523AEFBF759F9001B85
S315900227E00228F6D949E6FBF753F9801B02289DD9B0
S315900227F043E6FBF74DF904462B689B017FF510AE35
S31590022800FBF746F9001B0228F6D936E60129AA6A91
S315900228102B6B3FF41AAE02F00301A06A81427FF459
S3159002282014AEC2F30512E16A8A427FF40EAE226BAF
S31590022830C3F30801013A91427FF407AE626BC3F388
S315900228404621013A91427FF400AEA26BC3F3064150
S31590022850013A91427FF4F9ADE26BC3F30663013A12
S3159002286093427FF4F2AD6B6BA26CC3F3CC039A42A4
S315900228703FF4D6AD0B4DEB6A23F00103EB62FBF707
S3159002288007F90646FBF704F9B042FBD06B6BA26CD4
S315900228906FF3CF0343EAC2036B63EB6A43F0010320
S315900228A0EB62BDE50044025870B5234C88B00E46E3
S315900228B01546D4F8E030F8B943F001034FF4807C22
S315900228C003A9C4F8E030D4F8E030079003F001038E
S315900228D00193019B0223CDE903C30323CDE90503AB
S315900228E01648FEF7C7F9236923F0FE7343EA0601F9
S315900228F02943216108B070BD43F004034FF400727E
S3159002290003210F48C4F8E030D4F8E03003F0040312
S315900229100293029B0223CDE903230023CDE90531DD
S3159002292003A90793FEF7A6F9236923F07E4343EAA8
S31590022930060141EAC511DCE700440258000002583C
S3159002294000080258494B1A6902F03802102A30B52B
S3159002295000F08880182A0CD0002A40F085801A68E8
S31590022960434812F0200F03D01B68C3F3C103D8402B
S3159002297030BD996A9D6ADC6A15F47C7FC5F30510B1
S315900229805A6BF5D0C2F3CC0204F0010401F00301B4
S3159002299007EE900A6243B7EE006A0129B8EEE77A2B
S315900229A006EE902AFAEEE96A4ED002293ED0002926
S315900229B04AD11A68920627D519682D4AC1F3C101E0
S315900229C01B6BCA40C3F3080307EE902AF8EEE75A48
S315900229D0C5EE877A07EE103AB8EEC77A37EE267AC0
S315900229E037EE067A67EE877A204B1B6BC3F3462344
S315900229F0013307EE103AF8EEC76A87EEA67AFCEE36
S31590022A00C77A17EE900AB3E71B6BC3F3080307EE78
S31590022A10903AF8EEE77A77EEA67A77EE867A9FED97
S31590022A20156AC6EE076A67EEA67ADDE71B6BC3F3F5
S31590022A30080307EE903AF8EEE77A77EEA67A77EE03
S31590022A40867A9FED0D6AECE71B6BC3F3080307EEDC
S31590022A50903AF8EEE77A77EEA67A77EE867A9FED57
S31590022A60076ADEE7064883E7064881E7004402588C
S31590022A700090D0030024744C8096184B0024744A1C
S31590022A808096980000093D002DE9F0410D460446D6
S31590022A9010B90120BDE8F081884A136803F00F034C
S31590022AA08B42C0F0938023685F0700F19B801E07DC
S31590022AB00BD583496069CA6902F07002904204D9C3
S31590022AC0CA6922F070020243CA61D8060BD57C49C4
S31590022AD0A069CA6902F4E062904204D9CA6922F4F2
S31590022AE0E0620243CA6199060BD57549E0690A6AA2
S31590022AF002F07002904204D90A6A22F070020243EE
S31590022B000A629A070BD56E49E0688A6902F00F024B
S31590022B10904204D98A6922F00F0202438A61DF0742
S31590022B206ED423689E0700F1A18064490A6802F078
S31590022B300F02AA4200F2A880580700F1B180190745
S31590022B400BD55F496069CA6902F07002904204D25D
S31590022B50CA6922F070020243CA61DA060BD5584955
S31590022B60A069CA6902F4E062904204D2CA6922F468
S31590022B70E0620243CA619B060BD5514AE169136A28
S31590022B8003F07003994204D2136A23F070030B4345
S31590022B901362FFF7D7FE4A494A4A8B69C3F3032366
S31590022BA0D35C03F01F03D8408B6903F00F03D35C09
S31590022BB0454A03F01F0320FA03F31360434B186050
S31590022BC0434BBDE8F041186807F02EBA136823F01C
S31590022BD00F030B431360136803F00F038B427FF4CA
S31590022BE058AF60E7364920698A6902F070029042CE
S31590022BF07FF65DAF8A6922F0700202438A6156E7D8
S31590022C002F4BA1689A6922F470620A439A616168AD
S31590022C101A6802291DD112F4003F3FF43AAF1A699D
S31590022C2041F28838264F22F007020A431A61FAF7D0
S31590022C302FFF06463B69626803F03803B3EBC20F77
S31590022C403FF46FAFFAF724FF801B4045F2D9032079
S31590022C5020E7032902D112F0007FDEE7012902D193
S31590022C6012F4807FD9E712F0040FD6E71449E06890
S31590022C708A6902F00F029042BFF457AF8A6922F036
S31590022C800F0202438A6150E70A6822F00F022A4332
S31590022C900A600A6802F00F02AA427FF4FAAE4BE784
S31590022CA0074920698A6902F070029042BFF447AFE1
S31590022CB08A6922F0700202438A6140E7002000523C
S31590022CC000440258E4490390180A00241C0A00247E
S31590022CD0E80C002408B5FFF735FE0B4A0B499369B9
S31590022CE09269C3F3032302F00F02CB5C03F01F0336
S31590022CF020FA03F3885C064A00F01F0023FA00F0DC
S31590022D001060044A136008BD00440258E4490390D7
S31590022D10180A00241C0A002408B5FFF7DBFF054BAE
S31590022D20054ADB69C3F30213D35C03F01F03D84051
S31590022D3008BD00BF00440258E449039008B5FFF766
S31590022D40C9FF054B054ADB69C3F30223D35C03F043
S31590022D501F03D84008BD00BF00440258E4490390BF
S31590022D603F230360114B1A6902F0070242609A6987
S31590022D7002F4706282609A6902F00F02C2609A69E6
S31590022D8002F070020261DA6902F070024261DA6957
S31590022D9002F4E06282611B6A03F07003C361044B22
S31590022DA01B6803F00F030B60704700BF0044025884
S31590022DB000200052F8B5394C06460D46A36A03F038
S31590022DC00303032B67D0236823F080632360FAF70B
S31590022DD05FFE074623681A0149D4A36A326823F430
S31590022DE07C3343EA0233A362B368F268013B013A49
S31590022DF05B0212049BB202F4FE0213437268013A1A
S31590022E00C2F3080213433269013A120602F0FE42F5
S31590022E101343A363E36A726923F0C0031343E36225
S31590022E20E36AB26923F020031343E362E36A23F071
S31590022E301003E362E36BF2696FF3CF0343EAC203D3
S31590022E40E363E36A43F01003E362E36AB5B943F4DA
S31590022E500023E362114C236843F080632360FAF700
S31590022E6017FE054623681B010FD5002005E0FAF7E9
S31590022E700FFEC01B0228ADD90320F8BD012D0CBF51
S31590022E8043F4801343F40013E3E7FAF701FE401B81
S31590022E900228E7D9F0E70120EFE700BF0044025885
S31590022EA0F8B5394C06460D46A36A03F00303032B85
S31590022EB067D0236823F080532360FAF7E9FD07462B
S31590022EC023689A0049D4A36A326823F07C7343EA52
S31590022ED00253A362B368F268013B013A5B021204A1
S31590022EE09BB202F4FE0213437268013AC2F30802DD
S31590022EF013433269013A120602F0FE4213432364E7
S31590022F00E36A726923F440631343E362E36AB26944
S31590022F1023F400731343E362E36A23F48073E36258
S31590022F20636CF2696FF3CF0343EAC2036364E36AA5
S31590022F3043F48073E362E36AB5B943F48003E362D0
S31590022F40114C236843F080532360FAF7A1FD05469E
S31590022F5023689B000FD5002005E0FAF799FDC01B68
S31590022F600228ADD90320F8BD012D0CBF43F400030E
S31590022F7043F08073E3E7FAF78BFD401B0228E7D90B
S31590022F80F0E70120EFE700BF004402582DE9F8432D
S31590022F900368054618011ED5AB6EB3F5001F2BD0FC
S31590022FA00FD8D3B1B3F5801F1DD001262B68D90552
S31590022FB051D5AB6D042B4DD8DFE803F0243F46295B
S31590022FC02900B3F5401FF0D1854AA96E136D23F4FB
S31590022FD040130B4313650026E8E7814AD36A43F40C
S31590022FE00033D362F0E7022105F10800FFF7E2FE13
S31590022FF006460028DAD1E7E7022105F12800FFF715
S315900230004FFFF5E7764AD36A43F40033D3623446E8
S315900230101CBB734AA96D136D23F007030B4313650B
S315900230202B689A0528D5EB6D802B43D017D8A3B37E
S31590023030402B38D0012634461EE0002105F10800C7
S31590023040FFF7B8FE0446E3E7002105F12800FFF7F3
S3159002305027FFF7E701263446E2E72646E0E7C02B4C
S3159002306002D0B3F5807FE5D154BB5D4AE96D136D0D
S3159002307023F4E0730B4313652B685B0531D5D5F8C2
S31590023080A830B3F5800F49D01CD8002B39D0B3F5B0
S31590023090001F3CD00126344623E0514AD36A43F4BA
S315900230A00033D362E0E7002105F10800FFF782FEC4
S315900230B00446D9E7002105F12800FFF7F1FEF7E76C
S315900230C02646D9E7B3F5C00F02D0B3F5000FE1D18A
S315900230D054BB434AD5F8A810936D23F460030B436F
S315900230E093652B681F0530D5D5F8AC30B3F1007FC8
S315900230F045D01BD8B3B3B3F1807F39D0012634467D
S3159002310023E0374AD36A43F40033D362E0E70021DF
S3159002311005F10800FFF74EFE0446D9E7002105F1B6
S315900231202800FFF7BDFEF7E72646DAE7B3F1407FC0
S3159002313002D0B3F1806FE1D13CBB294AD5F8AC10ED
S31590023140936D23F0E0630B4393652B68980128D522
S31590023150EB6C202B3BD01AD8DBB1102B31D0012649
S3159002316034461EE01E4AD36A43F40033D362E3E741
S31590023170002105F10800FFF71DFE0446DCE7002159
S3159002318005F12800FFF78CFEF7E72646DDE7302BA0
S31590023190E5D11CBB124AE96CD36C23F030030B4386
S315900231A0D3642B68D9042CD52B6EB3F5005F74D0FB
S315900231B018D8002B64D0B3F5805F67D001263446C9
S315900231C01FE0074AD36A43F40033D362E1E7022150
S315900231D005F10800FFF7EEFD0446DAE72646E0E73A
S315900231E000440258B3F5405F02D0B3F5804FE5D163
S315900231F0002C58D19D4A296E136D23F4E0430B435C
S3159002320013652B689A040BD56B6EB3F5003F64D0A9
S315900232104BD8002B51D0B3F5803F57D00126344678
S315900232202B685B040CD5D5F8B030B3F1005F75D03E
S315900232305BD8002B61D0B3F1805F68D0012634460B
S315900232402B681F0411D52B6FB3F1805F6ED0B3F14B
S31590023250005F71D0002B76D1002C77D1834A296FEB
S31590023260136D23F040530B4313652B68D8017DD51C
S31590023270AB6C032B00F2BF80DFE803F06F6AB66F88
S315900232807A4AD36A43F40033D362B1E7002105F157
S315900232900800FFF78FFD0446AAE7002105F12800F2
S315900232A0FFF7FEFDF7E72646ABE723F48032B2F549
S315900232B0802F02D0B3F5403FB0D1A4B96B4A696E64
S315900232C0136D23F4E0230B431365A9E7012105F15E
S315900232D00800FFF76FFD0446EFE7012105F128008C
S315900232E0FFF7DEFDF7E726469AE723F08052B2F122
S315900232F0804F02D0B3F1405FA0D1ACB95B4AD5F80A
S31590023300B010936D23F0E0430B43936598E7012148
S3159002331005F10800FFF74EFD0446EEE7012105F19F
S315900233202800FFF7BDFDF7E7264689E74F4AD36A9D
S3159002333043F40033D3628FE7012105F10800FFF7CA
S3159002334039FD044688E7012634468EE726468CE701
S31590023350464AD36A43F40033D362002C4ED1434A91
S31590023360A96CD36C23F003030B43D3642B685902E5
S315900233704ED53F4F3B6843F480733B60FAF788FB28
S3159002338080463B68DA053BD5002C75D1374BD5F88C
S31590023390B4001A6F424012F4407F0BD01A6F196F25
S315900233A022F4407241F480311967196F21F4803109
S315900233B019671A67B0F5807F42D0D5F8B4302B4999
S315900233C003F44072B2F5407F4BD10869294A20F442
S315900233D07C5002EA131202430A61C3F30B03234A97
S315900233E0116F0B43136713E0022105F10800FFF7F3
S315900233F0E1FC0446B1E701263446B7E72646B5E72F
S31590023400FAF746FBA0EB08006428BAD9032634469D
S315900234102B68D80709D5EB6F102B45D02ED8002BE9
S3159002342032D0082B39D0012634462B68990751D5CC
S31590023430AB6F052B64D8DFE803F0453F5D45454504
S31590023440FAF726FBDFF82480074641F28839D8F846
S3159002345070309B07B1D4FAF71BFBC01B4845F6D9CF
S31590023460D4E70A6922F47C52B6E700BF00440258B8
S3159002347000480258CFFFFF002646C9E723F008020C
S31590023480202A01D0182BCED1A4B9204AE96F536DC8
S3159002349023F038030B435365C7E7012105F1080072
S315900234A0FFF788FC0446EFE7012105F12800FFF7B4
S315900234B0F7FCF7E72646B8E7012105F10800FFF782
S315900234C079FC0446FCB9114AA96F536D23F00703A0
S315900234D00B4353652B685A072BD5D5F89430052B99
S315900234E000F26E81DFE813F01A00140066011A00EA
S315900234F01A001A00012105F12800FFF7D1FCE0E736
S3159002350001263446E6E72646E4E700BF0044025821
S31590023510012105F10800FFF74DFC0446002C40F00E
S315900235205281AA4AD5F89410936D23F007030B4360
S3159002353093652B689B0610D5D5F89030B3F1005F52
S3159002354000F0608100F24481002B00F04A81B3F1D1
S31590023550805F00F05081012634462B685F0610D5B5
S31590023560D5F89C30B3F5006F00F06E8100F252816F
S31590023570002B00F05881B3F5806F00F05E81012632
S3159002358034462B68180610D5D5F8A030B3F5804F7F
S3159002359000F07C8100F26081002B00F06681B3F529
S315900235A0005F00F06C81012634462B68190714D50A
S315900235B0D5F88430B3F5805F07D1022105F1280052
S315900235C0FFF76EFC002818BF0126804AD5F88410B2
S315900235D0536D23F440530B4353652B68DA0614D587
S315900235E0D5F89830B3F5807F07D1022105F12800EE
S315900235F0FFF756FC002818BF0126744AD5F8981092
S31590023600936D23F440730B4393652B681B031BD571
S31590023610D5F8A410B1F5803F00F04081B1F5003F96
S3159002362007D0002940F0408105F10800FFF7C2FB60
S315900236300446002C40F03B81644AD5F8A410936D61
S3159002364023F440330B4393652B685F030FD5D5F86C
S315900236508830B3F5001F00F03B81B3F5401F00F0B0
S315900236602D81B3F5801F00F02481012634462B6804
S31590023670D80309D52B6D002B00F03381B3F5803F2B
S3159002368000F03D81012634462B68990007D5022128
S3159002369005F12800FFF704FC002818BF0126D5E99A
S315900236A000319A0340F14381D5F88000B0F5807FCE
S315900236B000F03F8100F22C81002800F02F81012436
S315900236C0DF0206D541486E6F026D22F00042324308
S315900236D00265DE0007D53D48D5F8B860026922F446
S315900236E0804232430261980206D53848EE6E026DE8
S315900236F022F08072324302655A0009D5334A106924
S3159002370020F4004010611069D5F8BC603043106116
S31590023710002B06DA2D486E6DC26C22F0405232436F
S31590023720C2641F0207D5294AD5F88C00536D23F43B
S31590023730400303435365CE0706D5002105F10800E1
S31590023740FFF738FB074600B927466B689C0706D5F4
S31590023750012105F10800FFF72DFB064600B93E460A
S315900237606B68580706D5022105F10800FFF722FB80
S31590023770044600B934466B68190706D5002105F14F
S315900237802800FFF78DFB064600B926466B68DA06D7
S3159002379006D5012105F12800FFF782FB044600B900
S315900237A034466B689B0600F1CA80201E18BF012022
S315900237B0BDE8F883012105F12800FFF771FBACE61D
S315900237C001263446B5E62646B3E600BF00440258C3
S315900237D023F08052B2F1804F03D0B3F1405F7FF471
S315900237E0BAAEACB95B4AD5F89010536D23F0E0436C
S315900237F00B435365B1E6002105F10800FFF7DAFAAB
S315900238000446EEE7022105F12800FFF749FBF7E7A8
S315900238102646A2E623F48062B2F5805F03D0B3F522
S31590023820406F7FF4ACAEACB94A4AD5F89C10936D12
S3159002383023F4E0530B439365A3E6002105F10800B8
S31590023840FFF7B8FA0446EEE7022105F12800FFF7E2
S3159002385027FBF7E7264694E623F40052B2F5004F8B
S3159002386003D0B3F5C04F7FF49EAEACB9394AD5F8C2
S31590023870A010936D23F460430B43936595E6002164
S3159002388005F10800FFF796FA0446EEE7022105F1E4
S315900238902800FFF705FBF7E7264686E6022105F1A3
S315900238A02800FFF7FDFAC3E601263446CCE6264603
S315900238B0CAE6284AD36A43F40033D3627CB9254ACE
S315900238C0D5F88810536D23F440130B435365CEE617
S315900238D0012105F12800FFF7E3FA0446EEE72646B2
S315900238E0C5E61C4AD36A43F40033D36274B9194AC3
S315900238F0296DD36C23F480330B43D364C4E602213F
S3159002390005F10800FFF756FA0446EFE72646BBE6AE
S3159002391020F48072B2F5007F7FF4D1AE002C7FF452
S31590023920CFAE0C4C626D22F440720243626534460D
S31590023930C6E6084FFA6A42F40032FA62EEE70221CC
S3159002394005F12800FFF7ACFA00283FF42EAF0120CC
S315900239502EE700BF0044025808B5FFF7BBF9054BA6
S31590023960054A1B6AC3F30213D35C03F01F03D840C4
S3159002397008BD00BF00440258E44903904F4970B510
S315900239808C6A8E6ACD6A16F47C3FC6F30533CA6B8F
S3159002399000F0908007EE903AC2F3CC03C5F3001282
S315900239A004F00304B8EEE77A5343012CB7EE006AAB
S315900239B006EE903AFAEEE96A6ED0022C5ED0002CB0
S315900239C06AD10B689B0647D50A688B6BC2F3C10115
S315900239D03B4AC3F30803CA4007EE902AF8EEE75A29
S315900239E0C5EE877A07EE103AB8EEC77A37EE267AA0
S315900239F037EE067A67EE877A304A936BC3F346239D
S31590023A0007EE103AB8EEC77A37EE067AC7EE876AAD
S31590023A10FCEEE66AC0ED006A936BC3F3064307EECB
S31590023A20103AB8EEC77A37EE067AC7EE876AFCEE98
S31590023A30E66AC0ED016A936BC3F3066306EE903AAB
S31590023A40F8EEE66A76EE866A87EEA67AFCEEC77A94
S31590023A5017EE903A836070BD8B6BDFED1A5AC3F303
S31590023A60080307EE903AF8EEE77A77EEA67A77EEC3
S31590023A70867AC5EE876A67EEA67ABDE78B6BDFED2F
S31590023A80125AC3F3080307EE903AF8EEE77A77EE06
S31590023A90A67A77EE867AECE78B6BDFED0C5AC3F358
S31590023AA0080307EE903AF8EEE77A77EEA67A77EE83
S31590023AB0867ADEE7C0E90033CCE700BF00440258BD
S31590023AC00090D0030024744C8096184B0024744ABC
S31590023AD04F4970B58C6A8E6ACD6A16F07C7FC6F3B2
S31590023AE005534A6C00F0908007EE903AC2F3CC03ED
S31590023AF0C5F3002204F00304B8EEE77A5343012C8F
S31590023B00B7EE006A06EE903AFAEEE96A6ED0022CA9
S31590023B105ED0002C6AD10B689B0647D50A680B6C5F
S31590023B20C2F3C1013B4AC3F30803CA4007EE902A87
S31590023B30F8EEE75AC5EE877A07EE103AB8EEC77AEC
S31590023B4037EE267A37EE067A67EE877A304A136C24
S31590023B50C3F3462307EE103AB8EEC77A37EE067AE3
S31590023B60C7EE876AFCEEE66AC0ED006A136CC3F391
S31590023B70064307EE103AB8EEC77A37EE067AC7EEE4
S31590023B80876AFCEEE66AC0ED016A136CC3F30663BC
S31590023B9006EE903AF8EEE66A76EE866A87EEA67AB0
S31590023BA0FCEEC77A17EE903A836070BD0B6CDFED30
S31590023BB01A5AC3F3080307EE903AF8EEE77A77EECD
S31590023BC0A67A77EE867AC5EE876A67EEA67ABDE71B
S31590023BD00B6CDFED125AC3F3080307EE903AF8EE38
S31590023BE0E77A77EEA67A77EE867AECE70B6CDFEDDC
S31590023BF00C5AC3F3080307EE903AF8EEE77A77EE9B
S31590023C00A67A77EE867ADEE7C0E90033CCE700BF84
S31590023C10004402580090D0030024744C8096184BAE
S31590023C200024744A4F4970B58C6A8E6ACD6A16F42E
S31590023C307C7FC6F305134A6B00F0908007EE903AAC
S31590023C40C2F3CC0305F0010204F00304B8EEE77A5E
S31590023C505343012CB7EE006A06EE903AFAEEE96A01
S31590023C604ED0022C5ED0002C6AD10B689B0667D58B
S31590023C700A680B6BC2F3C1013B4AC3F30803CA40FD
S31590023C8007EE902AF8EEE75AC5EE877A07EE103AD3
S31590023C90B8EEC77A37EE267A37EE067A67EE877AE5
S31590023CA0304A136BC3F3462307EE103AB8EEC77A3F
S31590023CB037EE067AC7EE876AFCEEE66AC0ED006AD0
S31590023CC0136BC3F3064307EE103AB8EEC77A37EE94
S31590023CD0067AC7EE876AFCEEE66AC0ED016A136B56
S31590023CE0C3F3066306EE903AF8EEE66A76EE866AD5
S31590023CF087EEA67AFCEEC77A17EE903A836070BD8D
S31590023D000B6BDFED1A5AC3F3080307EE903AF8EEFF
S31590023D10E77A77EEA67A77EE867AC5EE876A67EEC7
S31590023D20A67ABDE70B6BDFED125AC3F3080307EED3
S31590023D30903AF8EEE77A77EEA67A77EE867AECE71D
S31590023D400B6BDFED0C5AC3F3080307EE903AF8EECD
S31590023D50E77A77EEA67A77EE867ADEE7C0E90033DF
S31590023D60CCE700BF004402580090D0030024744A66
S31590023D708096184B0024744C1FB5A0F580730B43A4
S31590023D8015D19D4B1A6D02F00702042A2DD8DFE851
S31590023D9012F01C00E100050051014100186810F074
S31590023DA0005000F0DF8001A8FFF792FED9E0A0F55F
S31590023DB000730B431BD1904B1A6D02F4E072802A6A
S31590023DC0ECD00CD8002A40F0C580186810F000702C
S31590023DD000F0C88001A8FFF725FF0298C2E0C02A2A
S31590023DE000F02881B2F5807F14D00020BAE0A0F5C9
S31590023DF080630B432ED1804B9A6D02F46002B2F52A
S31590023E00800FCBD0DED9B2F5C00F00F01381B2F598
S31590023E10000FE9E7DA6C196802F04052480706D5B6
S31590023E202AB91B68C3F3C1037448D8409AE0724B0F
S31590023E301968C90503D5B2F1805F00F0FD80186854
S31590023E4010F4003000F08E80B2F1005F6C4818BF1B
S31590023E50002087E0A0F500630B431FD1664B9A6D55
S31590023E6002F0E062B2F1007F98D0ABD9B2F1407F16
S31590023E7000F0E080B2F1806FB7D1DA6C196802F087
S31590023E8040521B68480701D5002ACBD0D90503D5E5
S31590023E90B2F1805F00F0D080574BD0E7A0F5805307
S31590023EA00B430FD1544B1A6D02F4E042B2F5005F08
S31590023EB03FF474AF86D9B2F5405F00F0BB80B2F59D
S31590023EC0804FD9E7A0F500530B4332D14A4A136D7E
S31590023ED003F4E023B3F5403F00F081800DD8B3F5AB
S31590023EE0803F16D0B3F5003F1BD0002B7FF47DAFF9
S31590023EF005B05DF804EBFEF70FBFB3F5802F74D0D3
S31590023F00B3F5A02F7FF471AF10683D4B10F40030DB
S31590023F106FE0106810F0006024D001A8FFF72EFD24
S31590023F205BE7106810F000501CD001A8FFF7D0FD97
S31590023F3053E7A0F500230B4320D12F4B9A6D02F441
S31590023F404032B2F5803F10D0B2F5003F95D0002AAC
S31590023F507FF44BAF186810F0006003D001A8FFF70A
S31590023F600DFD019805B05DF804FB186810F000503D
S31590023F70F8D001A8FFF7ACFD0398F3E7A0F58033DC
S31590023F800B430CD11C4BDA6CD2037FF51EAF18682B
S31590023F9010F00060E6D001A8FFF7F0FCECE7A0F580
S31590023FA080430B4330D1144A936D03F0E043B3F14F
S31590023FB0405F14D00DD8B3F1805FAAD0B3F1005F01
S31590023FC0AFD0002B7FF411AF05B05DF804EBFFF78D
S31590023FD0C3BCB3F1804F08D0B3F1A04F92E71068FB
S31590023FE010F00400BED013681CE71068054B10F45D
S31590023FF0807018BF1846B5E7004402580090D00367
S315900240008096980000093D00A0F5004008437FF491
S31590024010ECAE0A4A136D03F04053B3F1805F07D0BA
S31590024020B3F1005F3FF475AF002B7FF4DEAE6BE722
S315900240301068CBE6024895E7024893E70044025897
S315900240400080BB0000093D0038B50446C0B1437AF2
S3159002405003F0FF0213B9027205F0E2FF02236168D0
S31590024060637223681A6822F020020A431A601A6859
S3159002407042F004021A605B68590603D50423637200
S31590024080012038BDF9F704FD054623685B68DB0716
S3159002409004D5012300206372E060F2E7F9F7F8FC99
S315900240A0401B0228F1D923685B68DA07EDD4042312
S315900240B063720223E360E3E7F8B5037A04460E4699
S315900240C0012B2BD00123427A9A42D5B2037221D187
S315900240D002234372F9F7DCFC074623685A68D20733
S315900240E007D59B6800252361336001236372002301
S315900240F00DE0F9F7CDFCC01B0228EED923685B6868
S3159002410013F00103E9D1012262720222E260237264
S315900241102846F8BD04221D46C260E8E70225F7E765
S3159002412038B50A4A04460368DA60F9F7B1FC0546DF
S315900241302368DB689B0601D5002038BDF9F7A8FCF9
S31590024140401BB0F57A7FF3D90320F6E75FFF0300B1
S31590024150026870B5D468054614F040041AD14FF03F
S31590024160FF33D360F9F794FC234606462A68D4684F
S3159002417014F0400401D1032B01D1184670BDF9F712
S3159002418087FC801B2346B0F57A7FEFD9032385F807
S315900241902130EBE70023F0E738B50F4C0546E3688C
S315900241A023F08003E360A3689B0606D4FFF7B8FF6B
S315900241B010B1032085F8210038BDA36823F02003AF
S315900241C0A360FFF7ADFF10B1032085F82100A36825
S315900241D043F02003A360EFE70040005838B5044649
S315900241E0002845D090F8213003F0FF021BB980F8E1
S315900241F0202005F0B9FF022384F821302368DA687B
S31590024200D20604D50123002084F8213038BDCA2273
S3159002421020465A6253225A62FFF79AFF10BB2268CF
S315900242202069936823F4E00323F040039360636864
S3159002423091680343A069034320460B439360D4E9F4
S31590024240021343EA01431361FFF7A6FF50B92268AE
S315900242506569D36C23F00303D364E369D16C2B4372
S315900242600B43D3642368FF225A620028CAD0CDE753
S315900242700120CBE70023092803D840EA0310C0B2F5
S3159002428070470A380133C0B2F5E72DE9F04190F84C
S31590024290203005460E469046012B4FF0020354D02D
S315900242A0012280F82130036880F82020CA225A62BF
S315900242B053225A62FFF74CFF70BB296830787478A4
S315900242C0B7788B68B8F1000F32D113F0400308BF6C
S315900242D0F370FFF7CFFF80462046FFF7CBFF0246EB
S315900242E03846FFF7C7FFF37840EA835343EA084319
S315900242F043EA022303F07F3323F0FE430B608B687D
S3159002430023F480238B608A68D6E9033003432846D8
S3159002431013438B60FFF740FF2B68FF225A6210B956
S31590024320012385F82130002385F82030BDE8F081FD
S3159002433013F040034FEA042408BFF37044EA0043A3
S31590024340F2783B4343EA8253D4E71846EEE7F8B550
S3159002435090F8203005460220012B2BD0012385F8B8
S31590024360210085F820300E78C8784C7876038F78BD
S315900243700AB346EA00433B4343EA04242B68CA2223
S3159002438028465A6253225A62FFF7E2FE40B924F057
S315900243907F442A68284624F0C0045460FFF7FCFE46
S315900243A02B68FF225A6210B9012385F82130002327
S315900243B085F82030F8BDE30642BF24F010040A3493
S315900243C04C70FFF757FF04464878FFF753FF0246B3
S315900243D03846FFF74FFF40EA060343EA044343EAAF
S315900243E00224CBE7030900F00F0003EB830300EBF3
S315900243F04300C0B2704738B50368986A4860186936
S315900244001B68C0F30E00C3F3062503F07F04886091
S31590024410C3F30540C3F380534D7008708C70CB7014
S3159002442052B9FFF7DFFF08702846FFF7DBFF4870A7
S315900244302046FFF7D7FF8870002038BD38B503684D
S315900244405B68C3F30740C3F3042503F03F04C3F349
S315900244504233C8704D708C700B7052B9FFF7C2FF21
S31590024460C8702846FFF7BEFF48702046FFF7BAFF8E
S315900244708870002038BD90F8203002460220012B29
S3159002448019D082F82100CA201368586253205862C4
S31590024490986820F4002098609868014300209960FB
S315900244A0996841F400019960FF215962012382F8CB
S315900244B0200082F8213070470268436E118E23F8ED
S315900244C0021B4366B0F86A30013B9BB2A0F86A3091
S315900244D0B0F86A309BB21BB9136923F001031361DA
S315900244E070470268436E116B43F8041B4366B0F83B
S315900244F06A30013B9BB2A0F86A30B0F86A309BB240
S315900245001BB9136923F0010313617047C36D0268E7
S3159002451033F8021B1184C365B0F86230013B9BB23B
S31590024520A0F86230B0F862309BB21BB9136923F0DF
S31590024530020313617047C36D026853F8041B11623C
S31590024540C365B0F86230013B9BB2A0F86230B0F816
S3159002455062309BB21BB9136923F002031361704751
S31590024560036859699A6942F008029A619A6942F017
S3159002457010029A611A6822F001021A601A6922F4EC
S315900245805B7222F003021A619A6822F440429A60A0
S3159002459090F88120042A0BD08A0609D5D0F8842077
S315900245A042F08002C0F884209A6942F020029A6111
S315900245B090F88120032A0BD04A0609D5D0F8842098
S315900245C042F00402C0F884209A6942F040029A614D
S315900245D08A0509D5D0F8842042F00102C0F88420D9
S315900245E09A6942F400729A61CA0509D5D0F8842074
S315900245F042F00802C0F884209A6942F480729A6165
S315900246000023A0F86230A0F86A3070470268436EC1
S3159002461092F830201A70436E01334366B0F86A30CE
S31590024620013B9BB2A0F86A30B0F86A309BB223B9CC
S315900246300268136923F0010313617047C26D036820
S31590024640127883F82020C36D0133C365B0F86230C7
S31590024650013B9BB2A0F86230B0F862309BB223B9AC
S315900246600268136923F0020313617047F8B5044692
S3159002467008B90120F8BD026800234D4983628A4237
S31590024680C36809D0A1F578418A4205D001F58061C7
S315900246908A4201D00F2BECD8E16B08334909DB082B
S315900246A001FB033342498A4273D0A1F578418A428B
S315900246B06FD001F580618A426BD0082BD9D894F8D5
S315900246C0813003F0FF0223B9204684F8802005F05A
S315900246D0D7FC22680223616884F881301368A66B3E
S315900246E023F001031360936803F4F81CA369B3F1F2
S315900246F0806F04D1B1F5800F4DD1002E50D011F4B8
S315900247008000E568176850D0062D4ED927F4807E32
S31590024710276D4EEA070717600B43E76933433D431C
S31590024720A76A3D43E76B3D4345EA0C059560656B89
S315900247302B43656A2B4325692B4365692B43256A6F
S315900247402B43E56C2B43A5682B43A56C2B43A56D98
S315900247502B43D36059B9936823F4C05343F400634F
S315900247609360936823F4C06343F480639360136DFC
S3159002477023F00103136528B1D368616D23F00043DA
S315900247800B43D36000200123C4F8840084F881305F
S3159002479070E7102B92E70029B1D1B6F1805FAED1C6
S315900247A0106840F480501060A9E727F48077B2E74A
S315900247B0003001402DE9F84304461D46894690464D
S315900247C00768F9F765F994F881300646012BD8B255
S315900247D040F00881B9F1000F00F0A380B8F1000F04
S315900247E000F09F8094F88030012B00F0FB80032329
S315900247F0A26884F8800084F88130B2F5C02F4FF019
S315900248000003C4F85C90A4F86080C4F884306366B0
S31590024810A4F86280A4F86830A4F86A30C4E91C331C
S31590024820236839D11A6842F400621A605A686FF3A3
S315900248300F0242EA08025A601A6842F001021A60AE
S315900248406268B2F5800F03D11A6842F400721A6058
S31590024850E3680F2B35D8072B7AD8B4F862302168E3
S315900248609BB2002B33D04B69980740F1A180B4F8E4
S315900248706230E26D9BB2032B40F28180E36B402B58
S315900248807DD952F8043B0B62B4F86230E265043B80
S315900248909BB2A4F86230E0E7DA6822F4C02242F4CE
S315900248A00032DA60C2E75369980723D5E36D53F86D
S315900248B0041B1162E365B4F86230013B9BB2A4F823
S315900248C06230B4F8623022689BB2002BEBD1236837
S315900248D05B691B0776D52046FFF742FE012384F8D3
S315900248E081300023D4F8840084F88030C01A18BF2F
S315900248F0012016E0F9F7CCF8801BA842E1D3691C97
S31590024900DFD02046FFF72CFED4F88430032043F400
S315900249108073C4F88430012384F88130002384F8AC
S315900249208030BDE8F8834B699A0720D5B4F86220A7
S31590024930E36D92B2012A12D9E26B82B153F8042B3B
S315900249400A62E365B4F86230023B9BB2A4F8623025
S31590024950B4F8623021689BB2002BE4D1B7E733F802
S31590024960022B3A84E365B4F86230013BEDE7F9F73E
S315900249708FF8801BA842EBD36B1CE9D0C1E7B4F841
S3159002498062309BB2012B09D9E36B3BB132F8023B01
S315900249903B84B4F86230E265023B79E7137881F89A
S315900249A02030E36D0133E365B4F86230013B6FE783
S315900249B0F9F76EF8801BA842FFF44FAF691C3FF4DB
S315900249C04CAF9EE7F9F764F8801B85423FF67FAFBE
S315900249D06A1C3FF47CAFD4F8843043F02003C4F8C9
S315900249E0843078E702209CE72DE9F04704461E467C
S315900249F08A461746C56BD0F80090F9F749F894F8AD
S31590024A0081308046012BD8B240F01C81BAF1000F5A
S31590024A107DD0002F7BD094F88030012B00F012814C
S31590024A200423216884F8800084F881300023C4F836
S31590024A3064A0C4F88430E365A4F86A70A4F8603080
S31590024A40A4F86230A4F86870C4E91C33A368B3F57D
S31590024A50C02F32D10B6823F400630B604B686FF35F
S31590024A600F033B434B600B6843F001030B60636893
S31590024A70B3F5800F03D10B6843F400730B606D0995
S31590024A80E36801350F2BADB22ED8072B78D8B4F840
S31590024A906A309BB2002B2CD0236859695A69D00789
S31590024AA040F1928093F83030626E1370636E0133E8
S31590024AB06366B4F86A30013BACE0CB6823F4C0235A
S31590024AC043F48023CB60C9E7236859695A69D007B2
S31590024AD01FD51A6B636E43F8042B6366B4F86A307B
S31590024AE0013B9BB2A4F86A30B4F86A309BB2002BB1
S31590024AF0EAD12046FFF734FD012384F88130002362
S31590024B00D4F8840084F88030C01A18BF0120BDE81A
S31590024B10F087B4F86A2092B2AA4201D20A04D8D493
S31590024B20F8F7B6FFA0EB0800B042DDD3771CDBD0D6
S31590024B302046FFF715FDD4F88430032043F48073A2
S31590024B40C4F88430012384F88130002384F88030BD
S31590024B50DDE7B4F86A309BB2AB4225D2110423D575
S31590024B60B9F83020636E1A800433B9F8302023F8EE
S31590024B70022C6366B4F86A30023B9BB2A4F86A30A0
S31590024B80B4F86A309BB2002BB3D023685A695B693A
S31590024B90D807DED5B9F83020636E23F8022B636608
S31590024BA0B4F86A30013BE8E7B4F86A309BB2012B5D
S31590024BB001D19304EED4F8F76BFFA0EB0800B04254
S31590024BC0DED3771CDCD0B3E7B4F86A2092B2AA425D
S31590024BD024D20A0422D593F83030626E1370636E33
S31590024BE05A1C6266226892F830205A70636E5A1C7A
S31590024BF06266226892F830205A70636E5A1C626618
S31590024C00226892F830205A70636E01336366B4F864
S31590024C106A30043B9BB2A4F86A3038E7B4F86A204B
S31590024C2092B2032A03D811F4C04F7FF43BAFF8F740
S31590024C302FFFA0EB0800B042FFF429AF731C3FF49C
S31590024C4026AF75E7022062E730B590F881500446A8
S31590024C50012DE8B274D1002948D0002A46D0002B03
S31590024C6044D094F88050012D6AD084F880000520B3
S31590024C70E16584F881000020E168C4F884006266E8
S31590024C800F29A4F86230A4F86A30B4F86220256835
S31590024C9092B2A4F86030A4F8683028D9294961679D
S31590024CA029492167E96821F4C021E96069686FF3AF
S31590024CB00F010B436B602B6843F001032B60216855
S31590024CC04B699B0700D5EAB9002384F880300B69BB
S31590024CD043F4ED6343F004030B616368B3F5800F0D
S31590024CE003D10B6843F400730B60002030BD072993
S31590024CF08BBF16491649216721678CBF15491649FC
S31590024D006167CFE7E268E36D0F2A0DD953F8042B5A
S31590024D100A62E365B4F86230013B9BB2A4F8623052
S31590024D20B4F8622092B2CAE7072A03D933F8022B63
S31590024D302A84EEE71B7881F82030E36D0133E8E7A9
S31590024D400220D3E737450290E3440290B944029099
S31590024D500D4602900D4502903D4602902DE9F04196
S31590024D6090F8813004461746012BDDB240F09D80C3
S31590024D7000295FD0002A5DD090F88030012B00F098
S31590024D809480032380F88050C16580F88130002397
S31590024D900668C0F88430A4F86020A4F862204366BE
S31590024DA0A0F86830A0F86A30C0E91C338368B3F57E
S31590024DB0C02F2DD1336843F400633360E268A06F4D
S31590024DC00F2A83692BD9B3F5804F30D1384B4FF0E8
S31590024DD0000806F120020364364BC0F85080C36384
S31590024DE0354BC364B36823F40043B360B4F86230BE
S31590024DF09BB2FAF7ADFBA0B3D4F8843084F88080E6
S31590024E0043F01003C4F88430012384F8813011E012
S31590024E10F36823F4C02343F40033F360CEE7072A02
S31590024E200BD9B3F5005FD1D0B3F5804F08D00023EC
S31590024E3084F880302846BDE8F081B3F5005F05D14D
S31590024E40B4F862309BB201335B0807E0B3F5804F4A
S31590024E50BCD1B4F862309BB203339B08A4F862309B
S31590024E60B4E7A26F2368D2691449B2F5807F5A6873
S31590024E7002EA010218BF3A435A609A6842F4004223
S31590024E809A601A6942F448721A611A6842F00102EB
S31590024E901A606268B2F5800F03D11A6842F4007202
S31590024EA01A60002584F88050C4E70225C2E700BF45
S31590024EB08F5002903B500290A75002900000FFFF45
S31590024EC02DE9F04190F8813004461746012BDDB268
S31590024ED004D0002380F88030022503E029B900230C
S31590024EE084F880302846BDE8F081002AF7D090F801
S31590024EF08030012BF0D0042380F88050416680F8F0
S31590024F00813000230668C0F88430A4F86820A4F89B
S31590024F106A20A0F86030A0F86230C0E91C3383683A
S31590024F20B3F5C02F13D1336823F400633360E3687B
S31590024F30E06F0F2B12D98269B2F5804FCFD1826979
S31590024F40B2F5005F0CD0B2F5804FC8D108E0F36895
S31590024F5023F4C02343F48023F360E8E7072BEED8CB
S31590024F60B268072B22F48042B26014D88369B3F5F3
S31590024F70005F05D1B4F86A309BB201335B0807E053
S31590024F80B3F5804F0DD1B4F86A309BB203339B08C8
S31590024F90A4F86A3005E00F2B03D88369B3F5804FE6
S31590024FA0E8D0214B4FF000080A4606F1300103641F
S31590024FB01E4BC0F85080C3631D4BC364B4F86A306D
S31590024FC09BB2FAF7C5FA58B1D4F8843084F8808047
S31590024FD043F01003C4F88430012384F8813081E7CA
S31590024FE0E26F2368D2691349B2F5807F5A6802EA62
S31590024FF0010218BF3A435A609A6842F480429A6014
S315900250001A6942F450721A611A6842F001021A60E1
S315900250106268B2F5800F03D11A6842F400721A6080
S31590025020002584F880505DE79B500290655002906F
S31590025030A75002900000FFFF7047806B08B590F86A
S315900250408130072B06D0836FDB69B3F5807F02D15F
S31590025050FFF7F2FF08BD0268136943F00803136174
S31590025060F8E77047806B08B590F88130072B06D029
S31590025070C36FDB69B3F5807F02D1FFF7F2FF08BDFC
S315900250800268136943F008031361F8E77047806B6F
S3159002509008B5FFF7FBFF08BD7047806B08B5FFF7B1
S315900250A0FBFF08BD704710B5846BFAF7B4FE022871
S315900250B00DD02046FFF754FAD4F8843043F010030B
S315900250C0C4F88430012384F88130FFF7EBFF10BDDA
S315900250D008B5806B0023A0F86A30A0F862300123ED
S315900250E080F88130FFF7DEFF08BD70472DE9F04763
S315900250F00668044633697269D6F80880110590F8F5
S31590025100817003EA0205FFB209D51A0707D5B3697A
S3159002511043F40063B361FFF7E8FFBDE8F08705F05B
S315900251206403042B18D1636F20469847236F204659
S315900251309847012305F04509B9F1010F03D1236F71
S31590025140204698474B4605F02602022A06D1636FFF
S315900251502046BDE8F04718470023EBE7002BDCD149
S315900251602B0751D523689A6942F008029A619A6987
S3159002517042F010029A619A6942F400629A611A693F
S3159002518022F008021A619B6813F4404F1AD0204607
S31590025190FFF7E6F9012384F88130D4F8843023B3FB
S315900251A0FFF780FFB9E7E268636E0F2A10D922688B
S315900251B0126B43F8042B6366B4F86A30013B9BB2D8
S315900251C0A4F86A30B4F86A309BB2002BEBD1DEE7D2
S315900251D0072A03D9328E23F8022BECE7226892F83B
S315900251E030201A70636E0133E5E7052F02D104F081
S315900251F0B3FF92E7042F02D1FFF733FF8DE7032F18
S315900252008BD1FFF719FF88E715F4587F85D068068A
S315900252100AD5D4F88430226843F00403C4F8843063
S31590025220936943F040039361A9050AD5D4F8843073
S31590025230226843F00103C4F88430936943F40073FF
S315900252409361EA050AD5D4F88430226843F00803BC
S31590025250C4F88430936943F480739361AB060AD59C
S31590025260D4F88430226843F08003C4F8843093697A
S3159002527043F020039361D4F88430002B3FF44DAF72
S31590025280236808F440481A68B8F5404F22F00102A4
S315900252901A601A6922F45A7222F003021A6122D112
S315900252A09A68E06F22F440429A6050B1104B0365BF
S315900252B0FAF74EFB28B1D4F8843043F04003C4F891
S315900252C08430A06F00283FF428AF094B0365FAF7A4
S315900252D03FFB00283FF421AFD4F8843043F04003DB
S315900252E0C4F8843019E70123204684F8813057E7C1
S315900252F0D150029090F881007047026852E8003FC0
S3159002530023F0C00342E8003102680029F5D102F188
S31590025310080353E8003F23F4000302F1080C4CE81B
S3159002532000310029F3D12023C0F88830704700005D
S3159002533010B5026852E8003F23F4907342E80031B8
S3159002534002680029F5D10F4C02F1080353E8003F99
S31590025350234002F1080C4CE800310029F4D1C36EC7
S31590025360012B07D152E8003F23F0100342E80031A7
S315900253700029F7D12023C0F88C300023C3664367F7
S3159002538010BD00BFFEFFFFEF38B50546C8B1242316
S315900253900024C0F8883003681A6822F001021A6065
S315900253A01C605C609C6004F0FFFD2046C5F890404E
S315900253B085F88440C5F88840C5F88C40EC662C6721
S315900253C038BD0120FCE70000F8B504461346D4F830
S315900253D08850202D32D1F1B1EAB1A4F85620002698
S315900253E0A4F854202122E06FC4F890602165C4F895
S315900253F08820226888B1124F2832C763114F0764FA
S31590025400114FC0E91376FAF7A3F830B11023C4F816
S315900254109030C4F888500120F8BD402223681A6261
S31590025420226802F1080353E8003F43F0800302F139
S31590025430080141E800300028F3D1EDE70220EBE7BE
S31590025440E9540290315502903F550290026838B560
S31590025450D0F888300446D0F88C50916809061FD54A
S31590025460212B1DD102F1080353E8003F23F080035C
S3159002547002F1080040E800310029F3D1E06F60B1F3
S31590025480FAF752F948B1E06FFAF7C5FC202804D131
S3159002549010230320C4F8903009E02046FFF72DFF31
S315900254A0226893685B0601D5222D01D0002038BD73
S315900254B002F1080353E8003F23F0400302F108008B
S315900254C040E800310029F3D1D4F8800040B1FAF7D0
S315900254D02BF928B1D4F88000FAF79DFC2028D7D072
S315900254E02046FFF725FFE1E708B50346806BDB69A7
S315900254F0B3F5807F18D00023A0F85630026802F1E7
S31590025500080353E8003F23F08003083242E8003153
S3159002551002680029F2D152E8003F43F0400342E884
S3159002552000310029F7D108BD04F026FEFBE770474B
S31590025530806B08B5FFF7FBFF08BD70477047806B1D
S3159002554038B50468D0F88830D0F88C50A268120624
S3159002555006D5212B04D10023A0F85630FFF7CDFEB5
S31590025560A3685B0606D5222D04D10023A0F85E30EF
S31590025570FFF7DEFED0F8903043F01003C0F890307B
S31590025580FFF7DCFF38BD08B5806B0023A0F85E30CC
S31590025590FFF7D4FF08BD704703682DE9F041D9693A
S315900255A040F60F061A68044631429D6810D18E065F
S315900255B040F1978002F0200605F080573E4300F0B6
S315900255C09080436F002B00F08580BDE8F04118472C
S315900255D0A64EA7482E401040304300F08280CF0757
S315900255E009D5D00507D501201862D4F8900040F06D
S315900255F00100C4F890008F0709D5E80707D5022065
S315900256001862D4F8900040F00400C4F890004F0756
S3159002561009D5E80707D504201862D4F8900040F01F
S315900256200200C4F890000F070BD502F02000304319
S3159002563007D008201862D4F8900040F00800C4F809
S3159002564090000E050AD5500108D54FF400601862F5
S31590025650D4F8903043F02003C4F89030D4F89030C8
S31590025660002B37D08B0609D502F0200205F0805523
S315900256702A4303D0636F0BB120469847266820468B
S31590025680D4F89020B36802F0280203F0400353EA5C
S31590025690020521D0FFF74CFEB3685F0617D5226844
S315900256A002F1080353E8003F23F04003083242E830
S315900256B000310029F3D1D4F8800040B16D4B0365D7
S315900256C0FAF746F930B1D4F88000036D7DE72046AB
S315900256D0FFF734FFBDE8F081FFF730FFC4F8905032
S315900256E0F8E7E06E012840F0B580CE0640F1B28030
S315900256F0D00640F1AF801022B4F85C001A629A6824
S31590025700520677D5D4F880505B492A688A421ED0D1
S3159002571018318A421BD018318A4218D018318A42DF
S3159002572015D018318A4212D018318A420FD01831C8
S315900257308A420CD018318A4209D001F556718A42B2
S3159002574005D018318A4202D018318A42FFD0516868
S3159002575089B2002943D0814241D2EA69A4F85E1007
S31590025760B2F5807F2FD053E8002F22F4807243E85F
S3159002577000210029F7D103F1080252E8002F22F006
S31590025780010203F1080040E800210029F3D103F158
S31590025790080252E8002F22F0400203F1080040E886
S315900257A000210029F3D12022C4F88C20E16653E827
S315900257B0002F22F0100243E800210029F7D1D4F8F5
S315900257C08000F9F7B1FF0223B4F85C102367B4F8AE
S315900257D05E30C91A89B22046FFF7DDFE7AE781422A
S315900257E07FF478AFEB69B3F5807F7FF473AF0223D2
S315900257F02367F0E7B4F85E20B4F85E1092B289B2ED
S3159002580000293FF467AF801A81B200293FF462AF54
S3159002581053E8002F22F4907243E800200028F7D133
S31590025820164D03F1080252E8002F2A4003F10806AA
S3159002583046E800200028F4D120226067C4F88C2024
S31590025840E06653E8002F22F0100243E80020002879
S31590025850F7D1CCE7CF0213D56E0211D54FF4801251
S3159002586020461A62BDE8F04100F03EBF01000010EA
S31590025870200100048755029010000240FEFFFFEFC0
S3159002588008060BD502F0800005F40005284305D0E2
S31590025890A36F002B3FF41EAF204696E64F0611D516
S315900258A056060FD553E8002F22F0400243E8002116
S315900258B00029F7D120232046A167C4F8883004F046
S315900258C05BFC07E70D0206D5500004D52046BDE8DD
S315900258D0F04100F00BBFCB017FF5FCAE002ABFF67C
S315900258E0F9AE2046BDE8F04100F0FFBED0F88C201C
S315900258F0B0F86010222A08B5036855D15B6A826DAA
S315900259000B401370836D01338365B0F85E30013BB3
S315900259109BB2A0F85E30B0F85E309BB2002B42D1BB
S31590025920026852E8003F23F4907342E8003103681C
S315900259300029F5D103F1080252E8002F22F0010264
S3159002594003F1080C4CE800210029F3D1202241678B
S31590025950C0F88C20174A0167934205D1C26E012A7C
S315900259600ED004F025FC1EE05A681102F6D553E8D3
S31590025970002F22F0806243E800210029F7D1EDE75B
S315900259800022C26653E8002F22F0100243E800215B
S315900259900029F7D1DA69D20601D510221A62B0F837
S315900259A05C10FFF7F8FD08BD9A6942F008029A6109
S315900259B0F9E700BF000C0058D0F88C20B0F86010C0
S315900259C0222A08B5036852D15A6A1140826D22F88A
S315900259D0021B8265B0F85E20013A92B2A0F85E2070
S315900259E0B0F85E2092B2002A40D153E8002F22F4FA
S315900259F0907243E800210029F7D103F1080252E898
S31590025A00002F22F0010203F1080C4CE80021002934
S31590025A10F3D120224167C0F88C20174A016793423E
S31590025A2005D1C26E012A0ED004F0C2FB1EE05A685E
S31590025A301102F6D553E8002F22F0806243E8002146
S31590025A400029F7D1EDE70022C26653E8002F22F033
S31590025A50100243E800210029F7D1DA69D20601D56E
S31590025A6010221A62B0F85C10FFF795FD08BD9A698C
S31590025A7042F008029A61F9E7000C005803682DE992
S31590025A80F047DD690446D3F800809E68D0F88C20F2
S31590025A90B0F86070222A40F0B580B0F86830002BDA
S31590025AA000F08B804FF0000906F001064FF0040AD1
S31590025AB0AB0640F182802368A26D5B6A3B4013700D
S31590025AC0A36D0133A365B4F85E30013B9BB2A4F893
S31590025AD05E302368DD6968072AD0E9070AD518F48B
S31590025AE0807F07D001221A62D4F8902042F00102F8
S31590025AF0C4F89020AA0708D53EB102221A62D4F8B9
S31590025B00902042F00402C4F89020680708D53EB16E
S31590025B10C3F820A0D4F8903043F00203C4F8903032
S31590025B20D4F8903023B12046FFF708FDC4F8909040
S31590025B30B4F85E309BB2002BBAD1226852E8003F8D
S31590025B4023F4807342E8003123680029F5D1304866
S31590025B5003F1080252E8002F024003F1080545E8D6
S31590025B6000210029F4D120226167C4F88C20294AA9
S31590025B70216793420AD05A68110207D553E8002F3B
S31590025B8022F0806243E800210029F7D1E26E012AD1
S31590025B9034D10022E26653E8002F22F0100243E845
S31590025BA000210029F7D1DA69D20601D510221A62AC
S31590025BB0B4F85C102046FFF7EEFCB4F85E309BB268
S31590025BC0D3B1B4F868209A4216D9226802F1080332
S31590025BD053E8003F23F08053083242E800312268AE
S31590025BE00029F2D10C4B636752E8003F43F0200341
S31590025BF042E800310029F7D1BDE8F087204604F04B
S31590025C00D7FADAE79A6942F008029A61F4E700BF96
S31590025C10FEFFFFEF000C0058ED58029003682DE945
S31590025C20F047DD690446D3F800809E68D0F88C2050
S31590025C30B0F86070222A40F0B280B0F86830002B3B
S31590025C4000F088804FF0000906F001064FF0040A32
S31590025C50AB067FD52368A26D596A394022F8021B9A
S31590025C60A265B4F85E20013A92B2A4F85E20DD698C
S31590025C7068072AD0E9070AD518F4807F07D001224F
S31590025C801A62D4F8902042F00102C4F89020AA0732
S31590025C9008D53EB102221A62D4F8902042F004024C
S31590025CA0C4F89020680708D53EB1C3F820A0D4F86E
S31590025CB0903043F00203C4F89030D4F8903023B178
S31590025CC02046FFF73BFCC4F89090B4F85E309BB246
S31590025CD0002BBDD1226852E8003F23F4807342E83C
S31590025CE0003123680029F5D12F4803F1080252E8C2
S31590025CF0002F024003F1080545E800210029F4D15E
S31590025D0020226167C4F88C20284A216793420AD0E0
S31590025D105A68110207D553E8002F22F0806243E8B1
S31590025D2000210029F7D1E26E012A34D10022E266DF
S31590025D3053E8002F22F0100243E800210029F7D100
S31590025D40DA69D20601D510221A62B4F85C1020469E
S31590025D50FFF721FCB4F85E309BB2D3B1B4F8682059
S31590025D609A4216D9226802F1080353E8003F23F0BB
S31590025D708053083242E8003122680029F2D10C4B56
S31590025D80636752E8003F43F0200342E8003100295E
S31590025D90F7D1BDE8F087204604F00AFADAE79A6965
S31590025DA042F008029A61F4E7FEFFFFEF000C0058FA
S31590025DB0B9590290806B08B501230367C36E012B14
S31590025DC005D1B0F85C104908FFF7E5FB08BDFFF76F
S31590025DD0B4FBFBE708B50346806BDB69B3F5807FBE
S31590025DE032D00023A0F85E30026852E8003F23F4D6
S31590025DF0807342E8003103680029F5D103F1080265
S31590025E0052E8002F22F0010203F1080C4CE800211F
S31590025E100029F3D103F1080252E8002F22F0400242
S31590025E2003F1080C4CE800210029F3D12022C0F896
S31590025E308C20C26E012A07D153E8002F22F010025D
S31590025E4043E800210029F7D100230367C36E012B93
S31590025E5004D1B0F85C10FFF79EFB08BD04F0A8F9D8
S31590025E60FBE7D0F88820D0F88C00104370470000EA
S31590025E700268C369816830B504460069156887B0BF
S31590025E80014360690143A548194328400143E068EC
S31590025E901160516821F440510143A0695160A049B3
S31590025EA08A421CBF216A0843916821F06E4121F40F
S31590025EB030610143606A9160D16A21F00F0101431A
S31590025EC0D16298498A4212D1974A526D02F03802AB
S31590025ED0182A00F001813BD8082A00F0F580102A92
S31590025EE000F03A81002A00F0E98001206AE08F49A9
S31590025EF08A420DD18C4A526D02F00702052AF4D8D5
S31590025F00DFE812F07E00E2002A01EA0007012B0088
S31590025F1087498A42EED087498A42EBD086498A429D
S31590025F20E8D086498A42CFD085498A42E2D08549CD
S31590025F308A42DFD07A4B9A42D7D17B4A936D03F04D
S31590025F400703052BD1D8DFE803F038454A4F590F9E
S31590025F50202A00F0DE80282AC7D1B3F5004F00F040
S31590025F608A804FF40040C4E04FF40040764B626A58
S31590025F70656833F8122005EB4501B0FBF2F39942BE
S31590025F80B3D8B3EB053FB0D80023194604F0F0F826
S31590025F902A4609026B0841EA10610002C0184FF0C6
S31590025FA0000341F1000104F0E3F8684BA0F540725A
S31590025FB09A429AD82368D86003E0FDF7CDFC002870
S31590025FC0D4D100204FF00113A3660023C4E91D33F8
S31590025FD007B030BD6846FDF7D1FC0198EFE703A8FC
S31590025FE0FDF776FD0498EAE71368594813F0200FF7
S31590025FF0BCD01368C3F3C103D840B7E75548B5E799
S31590026000B3F5004F55D10023082B3FF66EAF01A290
S3159002601052F823F0416002904D600290EB5E02903E
S31590026020EB5E029053600290EB5E0290EB5E029002
S31590026030EB5E02905D6002900423E5E70823E3E7B6
S31590026040FCF76AFE0346002BBBD014E0FCF776FE03
S31590026050F8E76846FDF792FC019BF4E703A8FDF783
S3159002606037FD049BEFE713F0200F394B03D01268EC
S31590026070C2F3C102D340606A334A616832F8102093
S31590026080B3FBF2F34A0802EB43034FF6EF72B3FB0C
S31590026090F1F3A3F1100191423FF627AF23F00F02DD
S315900260A0C3F34203216892B21343CB6089E7294B2B
S315900260B0E1E7FCF731FE002883D01AE0B3F5004FF2
S315900260C0C4D0FCF73BFEF6E7B3F5004FB4D0684672
S315900260D0FDF754FC0198EEE7B3F5004F124A1368A8
S315900260E0C1D013F0200F1A4803D01368C3F3C1032B
S315900260F0D840616A144A636832F81120B0FBF2F014
S3159002610000EB5300B0FBF3F04FF6EF73A0F11002E1
S315900261104EE7B3F5004FCAD00E48EAE7F369FFCFD0
S31590026120000C005800100140004402580044004000
S3159002613000480040004C00400050004000140140CE
S3159002614000780040007C0040304A0390FFFC0F002C
S315900261500090D00300093D00B3F5004F3FF46EAFB7
S3159002616003A8FDF7B5FC0498A5E700BF836A1A0752
S3159002617010B506D50168846B4A6822F40042224320
S315900261804A60DC0706D50168C46A4A6822F400327E
S3159002619022434A60990706D50168046B4A6822F43D
S315900261A0803222434A605A0706D50168446B4A6890
S315900261B022F4802222434A60DC0606D50168C46B2B
S315900261C08A6822F4805222438A60990606D501682B
S315900261D0046C8A6822F4005222438A605A0610D5C9
S315900261E00168446C4A68B4F5801F22F4801242EA30
S315900261F004024A6005D14A68846C22F4C0022243A2
S315900262004A601B0606D50268C16C536823F40023C4
S315900262100B43536010BD2DE9F843DDF820900446F8
S315900262200D46174698462268D36935EA03030CBF92
S3159002623001230023BB4201D0002022E0B9F1FF3FA7
S31590026240F2D0F7F725FCA0EB0800484529D8B9F11A
S31590026250000F26D021680B685A07E4D5802DE2D02C
S31590026260402DE0D0CE6916F008060CD008252046BF
S315900262700D62FFF75DF800230120C4F8905084F870
S315900262808430BDE8F883CB691B05CCD54FF4006307
S3159002629020460B62FFF74CF8202384F88460C4F8FA
S315900262A090300320EDE72DE9F7439846D0F88830F1
S315900262B004460E46202B174646D1002946D0002A80
S315900262C044D021230025C0F89050C0F88830F7F7C3
S315900262D0DFFBA3688146A4F85470B3F5805FA4F8F7
S315900262E0567003D123690BB935461E46B4F856202B
S315900262F04B46CDF8008092B242B940212046FFF734
S315900263008AFF202348B9C4F8883009E00022802108
S315900263102046FFF780FF30B120230320C4F888304F
S3159002632003B0BDE8F08322685EB935F8023BC3F349
S3159002633008039362B4F85620013A92B2A4F8562012
S31590026340D4E716F8013BF4E70220E9E70120E7E7F4
S3159002635073B500260446C0F89060F7F799FB236858
S3159002636005461B681A071CD56FF07E4332464FF4DA
S315900263700011009303462046FFF74DFF88B122682D
S3159002638052E8003F23F0800342E800310029F6D11B
S315900263902023C4F888300320002384F8843002B086
S315900263A070BD23681B685B0724D56FF07E4300227D
S315900263B04FF48001204600932B46FFF72CFFC8B17D
S315900263C0226852E8003F23F4907342E80031226833
S315900263D00029F5D102F1080353E8003F23F00103A7
S315900263E002F1080040E800310029F3D12023C4F8D5
S315900263F08C30D0E720230020C4F88830C4F88C3043
S31590026400E0662067C8E710B5044650B3D0F88830E6
S315900264101BB980F8843003F0BBFE24232268C4F8AB
S315900264208830136823F001031360A36A13B12046E0
S31590026430FFF79CFE2046FFF71BFD012811D023682B
S3159002644020465A6822F490425A609A6822F02A02AA
S315900264509A601A6842F00102BDE810401A60FFF78E
S3159002646077BF012010BD000030B581650023816899
S31590026470A0F85C20B1F5805FA0F85E20436731D129
S315900264800369002B40F2FF1318BFFF23A0F8603078
S315900264900023C0F890302223C0F88C30016801F1B5
S315900264A0080353E8003F43F00103083141E8003402
S315900264B00368002CF2D1456E8468B5F1005F0169DC
S315900264C035D1B0F86850954231D8B4F5805F29D16C
S315900264D0C1B1264A426753E8002F42F4807243E8DC
S315900264E0002121E029B90369002B0CBFFF237F23EA
S315900264F0CCE7B1F1805FC9D10369002B0CBF7F2332
S315900265003F23C3E71A4A426703F1080252E8002F73
S3159002651042F0805203F1080040E800210029F3D1AD
S31590026520002030BD114A42670029D4D1ECE7B4F578
S31590026530805F16D151B10F4A426753E8002F42F459
S31590026540907243E800210029F7D1E9E70A4A4267A7
S3159002655053E8002F42F0200243E800210029F7D1A8
S31590026560DEE7044A42670029F2D0E6E77D5A0290B6
S315900265701D5C0290ED580290B9590290D0F88C3079
S31590026580202B30B415D1B9B1B2B100230468C366D9
S315900265900A4B9C420AD063681B0207D554E8003F17
S315900265A043F0806344E80035002DF7D130BCFFF705
S315900265B05BBF022030BC70470120FBE7000C0058FD
S315900265C070B51346A0F85C20002204468165C0F897
S315900265D0902022202568C4F88C00D4F88000A0B1BF
S315900265E01C4EC6631C4E06641C4EC0E913620A46D4
S315900265F005F12401F8F7ACFF38B110230120C4F855
S3159002660090302023C4F88C3070BD226923683AB149
S3159002661053E8002F42F4807243E800210029F7D113
S3159002662003F1080252E8002F42F0010203F108003A
S3159002663040E800210029F3D103F1080252E8002F25
S3159002664042F0400203F1080141E800200028F3D10C
S31590026650DAE700BFD55D0290B55D02903F55029094
S31590026660D0F88C30202B30B415D1B9B1B2B1002309
S315900266700468C3660A4B9C420AD063681B0207D51C
S3159002668054E8003F43F0806344E80035002DF7D18B
S3159002669030BCFFF795BF022030BC70470120FBE764
S315900266A0000C0058436E30B52BB90123A0F86A301E
S315900266B0A0F8683030BD0368094D9A689968094C0C
S315900266C0C2F34262490F6B5C615C1B01B3FBF1F34F
S315900266D0A0F86A30AB5CA25C1B01B3FBF2F3E7E76E
S315900266E0504A0390484A039070477047704710B5D6
S315900266F090F884300446012B17D02423C0F88830B2
S3159002670003681A68196842F0005221F00101196073
S315900267104FF0005141661A60FFF7C4FF2023C0F87C
S315900267208830002084F8840010BD0220FCE790F89F
S315900267308430012B14D002682423C0F88830116863
S31590026740136821F0005123F001031360002343667E
S315900267501160202280F88430C0F88820184670474D
S315900267600220704770B590F884300446012B17D0FA
S3159002677005682423C0F888302E682B6823F001031D
S315900267802B60AB6823F060431943A960FFF78AFF39
S3159002679020232E60C0F88830002084F8840070BDD3
S315900267A00220FCE770B590F884300446012B17D08E
S315900267B005682423C0F888302E682B6823F00103DD
S315900267C02B60AB6823F060631943A960FFF76AFFF9
S315900267D020232E60C0F88830002084F8840070BD93
S315900267E00220FCE7064B1B684BB102EB0121054BDD
S315900267F0002201EB0031186889B2E9F7B8BF7047F9
S315900268007414002470660024F8B5064611480C46A6
S3159002681003F0E2FB0746304603F0DEFB874217D1D0
S315900268200D4803F0D9FB0546204603F0D5FB854279
S315900268300ED13A463146074803F076FC40B92A46CD
S315900268402146054803F070FCB0FA80F04009F8BD85
S315900268500020FCE75814002448140024F7B5044697
S315900268600D2723781BBB03B0F0BD0A2904D17E2ADB
S3159002687003F8017B1ED0013214F8011B013203F892
S31590026880011B217809B17F2AEFD1124B00251B6893
S31590026890012B11D11048009510490068ECF770FE53
S315900268A00028DED02946082003F01AFCD9E70022F8
S315900268B00A4BE6E77F22E4E7094E92B20749094876
S315900268C03560FEF781FD3368002BCAD10120E9F7C6
S315900268D03FFEF8E7180000246C1400248CD7003091
S315900268E014000024886B00242DE9F043002385B020
S315900268F0624C0393ADF80A302368002B5CD00122D8
S315900269005F4C604B1146607903F056FB00225E4F56
S3159002691010201146DFF89891ECF7B6FC17225B49E6
S315900269203860ECF729FD3B68012202210093584B0F
S31590026930607903F041FBFF213868ECF769FD554E0B
S315900269400122554B0221607903F036FB31463868B5
S31590026950ECF734FE0122514B0546114600906079C0
S3159002696003F02AFBDFF84C81336841F288329A6150
S31590026970D8F80030012B04D0002201211046FFF7EF
S3159002698031FF0022012302211046C8F80030FFF79A
S3159002699029FFADB10122424B6079114603F00CFBFF
S315900269A0002201211046FFF71DFF3068ECF7F4FD37
S315900269B03068ECF7D3FCC2E70A20E9F7C9FD9BE7FA
S315900269C003A93068ECF720FF002837D1039B0122F8
S315900269D003211B685B890093324B607903F0ECFAD2
S315900269E00DF10A0249460398EEF7F0F8D8F800300E
S315900269F0012B0CD0002201211046FFF7F3FE002254
S31590026A00012302211046C8F80030FFF7EBFE00255D
S31590026A10BDF80A30AB4208DC0398EEF703F900287A
S31590026A20DEDA0398EEF792F8CAE7D9F80030032136
S31590026A3000205A5D0135FFF7D5FEE9E70330A9D16B
S31590026A400025194B012203216079ADF8085003F015
S31590026A50B3FA0123009502A930681A46ECF790FD25
S31590026A6005460028ACD00121152003F039FB0122FE
S31590026A700E4B1146607903F09FFA8AE7741400244C
S31590026A806524002408A3029070140024184C0390E5
S31590026A901EA302906C14002443A302906BA302904F
S31590026AA0F3A3029091A30290AEA30290CEA302907A
S31590026AB0681400241800002438B50D4B0D4C1B6841
S31590026AC00D4D5B6A23702B68022B0AD0002201219E
S31590026AD01046FFF787FE0022022110462960FFF733
S31590026AE081FE227803210120BDE83840FFF77ABE65
S31590026AF0886B00247C140024180000241FB50D4CCA
S31590026B002068E9F797FE08B904B010BD4FF0FF323E
S31590026B10216801A8E9F754FE019B102BF0D1029B44
S31590026B2003F47063B3F5807F02BF034B01221A60B0
S31590026B30E6E700BF706600241C10002408B5044BDB
S31590026B401868E9F777FE003818BF012008BD00BF24
S31590026B507066002430B5044685B0094D002201A81E
S31590026B602968E9F72DFEDDE90120102A02D1C0B28B
S31590026B7005B030BD002CF1D14FF0FF30F8E700BFE1
S31590026B80706600240023F0B5C45C202C05D03CBB73
S31590026B901460002300200B60F0BD0133F4E742F845
S31590026BA026400136231AA44614F8017B202F0AD1D7
S31590026BB0002DF7D18CF80050013306E0222F08BF42
S31590026BC085F00105EEE7002FF8D1C45C202CF3D0B6
S31590026BD0C418C35C002BE2D1002EDAD0012312E056
S31590026BE000252E46F4E7222C07F1010702D0013048
S31590026BF08CF8004052F82350EC5D05EB000C002C0B
S31590026C00F1D101332C549E42C4D000200746F1E7BD
S31590026C10F8B50D4E3468302C0DDC0C4F4FEA041C3F
S31590026C2007EB041547F80C0001340020EB60346042
S31590026C30C5E90112F8BD01220548064B1146407975
S31590026C4003F0BAF90120F5E7241100242811002453
S31590026C506524002415A402900FB413B504AB084C16
S31590026C60FF2153F8042B2046019303F0E1F92046C5
S31590026C70FFF7F4FD002002B0BDE8104004B0704763
S31590026C802410002408B50248FFF7E6FF002008BD4D
S31590026C903CA4029008B50248FFF7DEFF002008BD2B
S31590026CA04CA40290FFF7DABD2DE9F04F0A4689B05F
S31590026CB089460021074603F033FA514B1C682CB1E2
S31590026CC000221A60012009B0BDE8F08F2646A04640
S31590026CD0DFF848B1DFF848A1DBF80030494D5BB3E5
S31590026CE003F076F90A28044637D003264FF00208B5
S31590026CF0A4F1200368799BB25E2B32D8424B0122D3
S31590026D000321CDF80080CDE9016403F055F9022EF6
S31590026D1073D0012ED6D0032EDED10023E5B2049392
S31590026D20DAF80030002B27DD0635EDB2042D21D896
S31590026D300123CAF80030CFE7344B4FF0FF3205A853
S31590026D401968E9F73DFD059B102B01BF069CC4F31C
S31590026D500338C4F30326E4B2CAE70D2403264FF0A0
S31590026D600208CDF800800122294B0321CDE9016466
S31590026D706879CAE7013BDCE7FF2DD9D0254B1A6823
S31590026D80002A12DD7F2D01D0082D0ED1013A04A8DA
S31590026D901A600023BB5442F20803ADF81030082360
S31590026DA08DF81230FFF77EFF96E70D2D03D0A5F1F1
S31590026DB020015E2990D80D2DBD548DF8105016D114
S31590026DC00A228DF8102004A8FFF76CFF114B1A685F
S31590026DD09145C4BF01321A600D2D7FF47DAF1A68BA
S31590026DE003201744002207F8012C1A606BE70A4A1F
S31590026DF01268002AE7D02A22E3E7304663E700BF0B
S31590026E001C100024652400244EA40290706600246F
S31590026E1075A40290141000242010002478140024E3
S31590026E2018100024002307B5CDE90033154B93F8CB
S31590026E303030E3B11448FFF70FFF1448FFF70CFF09
S31590026E401348FFF709FF07216846FFF72DFF03282E
S31590026E500BD11049684603F0B3F840B10E48FFF7DC
S31590026E60FBFE002003B05DF804FB0C48F7E70C48E4
S31590026E70FFF7F2FE6420E9F76BFB03F035F9094858
S31590026E80EDE700BF782400249FA40290E5A4029027
S31590026E9015A5029056A502905AA502906DA502904C
S31590026EA078A5029086A5029010B5104C94F85430AD
S31590026EB033B104F15400FFF7F5FE0D48FFF7F2FEE9
S31590026EC00C4B0D4A18680D4B00280CBF10461846FD
S31590026ED0FFF7E8FE94F83000094A0A4BBDE81040E5
S31590026EE000280CBF10461846FFF7DCBE7824002413
S31590026EF05AC6029080140024B2A50290ADA50290C3
S31590026F00B9A50290B8A502902DE9F04FBFB08022A4
S31590026F1000218A4C1EA803F003F95020E9F718FBCA
S31590026F2023680BB30122864E864B00241146707954
S31590026F3003F042F8844F854B01221A6080211EA8E5
S31590026F40FFF7B2FE054600900122814B032170792C
S31590026F5003F032F8012D0BD100237E4A1360002CE8
S31590026F6040F0E9800024E9E70A20E9F7F1FAD7E749
S31590026F70032CE3D8DFE804F00229498F023D754BD2
S31590026F800022012D1A60EDD8734B1B68012B02D19A
S31590026F907248FFF787FE7248FFF784FE97F85430DF
S31590026FA043B17048FFF77EFE6F48FFF77BFE6F484E
S31590026FB0FFF778FE6E48FFF775FE39696D48FFF761
S31590026FC04BFE6D48FFF76EFE5DE0102200216B4886
S31590026FD003F0A6F810220021694803F0A1F8032DC8
S31590026FE0ACD110221EA96548022403F095F8654893
S31590026FF0FFF758FE644B01221A60644B012203216B
S315900270007079009402F0D8FF98E7032D96D110225A
S315900270101EA95B4803F080F85B4B00225C495D48F1
S315900270201A60FFF7F1FB4B4C814658B101235A483F
S315900270302360FFF737FE5948FFF734FE0324FFF724
S3159002704033FFDAE756495748FFF7DEFB054630B17C
S315900270505148C4F80090FFF725FE5348ECE73E4BA3
S315900270601B68022B11D151495148FFF7CDFB60B1F4
S315900270705048FFF717FE03F01FF864202560E9F7E2
S3159002708067FA03F031F80124B7E700234A482360F0
S31590027090FFF708FE95E76422002105A803F040F861
S315900270A005AA04A91EA8FFF76DFD049B002B039366
S315900270B03EDDDFF814A100254FF00109DFF80CB18F
S315900270C0059803F04DF8DBF80010DDF814808D4238
S315900270D00DDB3A49404602F073FF20B138494046EB
S315900270E002F06EFFF0B91B4B00221A6069E7B8F105
S315900270F0000F13D0DAF8001081B1404602F060FF1B
S3159002710028B1DAF80410404602F05AFF30B94FF02F
S315900271100009DAF80C3005A90398984701350AF167
S31590027120100AD0E7B9F1000F02D02648FFF794FD76
S31590027130FFF7BAFE02E71C465FE700BFD81B0024A2
S3159002714065240024BBA5029078240024741400249C
S31590027150D0A502908014002418000024EDA5029078
S31590027160F7A5029007A60290CC24002409A60290C5
S315900271700CA6029016A602903FA6029058140024DE
S31590027180481400244AA60290201000243DA702909B
S31590027190BC240024ADA5029055A6029072A6029038
S315900271A0AC24002485A602908BA602909DA60290FE
S315900271B0A3A60290ABA60290DFA60290FAA6029030
S315900271C001A7029006A702902811002424110024F8
S315900271D001282DE9F8430C4615D1304C0025304E46
S315900271E0304F3148FFF738FD33681034AB4203DC39
S315900271F02E48FFF731FD49E054E90412384601352D
S31590027200FFF72AFDF0E7022825D10026234DDFF865
S3159002721090903746486802F0A3FFD9F80030BB42F7
S3159002722002DC9EBB2248E4E7D4F80480B8F1000F52
S315900272300ED0296861B1404602F0C2FE20B169685B
S31590027240404602F0BDFE18B90126A868FFF72AFD4E
S3159002725001371035E1E7033801281CD8486802F057
S315900272607FFF65681349284602F0AAFE20B11249AB
S31590027270284602F0A5FE60B9A06802F071FFE068A8
S3159002728002F06EFFD4E9020102F0F2FE0020BDE8A0
S31590027290F8830A48ADE70A48ABE700BF28110024F5
S315900272A02411002482A7029059A702908EA70290D9
S315900272B0CEA70290B940039008A802900DA802901A
S315900272C03AA80290014B01221A60704714000024DA
S315900272D00D4B13B5DC7890F83130DB070BD50430C3
S315900272E0F5F762FE0122094B11460090204602F004
S315900272F063FE02B010BD0122054B2046114602B034
S31590027300BDE8104002F058BE6524002445B70290AD
S315900273105BB702908FB51420364EE9F719F9012220
S31590027320354B1146B07802F047FE344C02F054FFCA
S31590027330334B01220321B07802F03EFE0021314FF9
S315900273400846314DEDF768FD94F82F30002B49D160
S315900273502068EDF7A2FD38606068EDF79EFD286023
S31590027360A068EDF79AFD294B294A18600292294A9C
S31590027370294D01920022234928460092224AEEF78D
S31590027380F9FD2846EEF784FE94F82F301BB995F84E
S3159002739031305B072AD52048EEF780FE94F82F50BD
S315900273A03DB9E068EDF779FD1C4908602846EEF78D
S315900273B087F894F82F30012B02D11748F4F754FD31
S315900273C017491548EEF7B4FE164B01220321B07801
S315900273D002F0F2FD144B01221A6041F28830E9F76D
S315900273E0B7F8FAE7002038602860BCE72846EEF73F
S315900273F079FED3E76524002470B70290782400249E
S3159002740086B702909C1B0024981B0024941B002490
S31590027410854D0190A1010190A01B0024901B002490
S31590027420D1720290A5B70290D81B00240148F5F7B5
S31590027430BBBD00BFA41B00240148F5F7B5BD00BF34
S31590027440A81B00240148F5F7AFBD00BFAC1B002472
S3159002745008B50020EEF744F8BDE80840F5F7A4BD5C
S31590027460F0B50C680025DFF858E04FF00A0C065D7F
S315900274702C462C2E0CD1E5B16C431C601AE02E2EB4
S3159002748011BF059E14603C460C4D18BF37600BE049
S315900274902A2EF0D01EF8067017F00407EFD00CFBD8
S315900274A0046495FBFCF5303C0E6801360E60865DF1
S315900274B0DFE714600B6801330B60F0BDA086010014
S315900274C0896A0490F0B50C68069E055D00242746ED
S315900274D02C2D05D10B6801330B60059B1C60F0BD0A
S315900274E02A2DF7D09C42BABF1555013437600D68E4
S315900274F001350D60455DEBE74D4BF0B51B688BB0E2
S315900275004C4F06460C464C4D3B604C4B18604C4BD0
S315900275100B44B3F5FA5F09D94A4B012201910093C4
S3159002752011464FF08073287A02F0CAFD464B01222B
S31590027530032100934FF08073CDE90164287A02F01B
S31590027540BFFD424C3B68012203210893A38D07930A
S3159002755094F82B30069394F82A30059394F82930B0
S31590027560049394F82830039394F82730029394F86E
S3159002757026300193364B00934FF08073287A02F0AF
S315900275809FFD2378012203210693A38C059394F8F9
S315900275902230049304F111030134039394F82030BA
S315900275A0019402932B4B2C4C00934FF08073287AC4
S315900275B002F086FDE368012202210493A3680393F5
S315900275C06368029323680193244B00934FF0807370
S315900275D0287A02F075FD002301220321C4E90233C1
S315900275E0C4E900331E4C2368DE691E4B0196009354
S315900275F04FF08073287A02F063FDB30616D51A4BC4
S31590027600012202210093194B287A02F059FD4FF478
S31590027610807217492046FFF723F8236801221A62DF
S3159002762002221A6204221A6208221A620BB0F0BD72
S31590027630F41B0024FC1B002465240024F81B002460
S31590027640A0B59DFDC5B70290D9B702901E1C002425
S31590027650FCB7029039B80290E01B00245CB8029005
S31590027660606A002483B8029094B8029001000001E7
S315900276700CD800302DE9F047BEB0802200211EAE14
S31590027680304602F04DFDB44A4FF400311368196248
S3159002769001211962022119620421196208211962D3
S315900276A0D2F88030AD4A1B6893421ED0183293426C
S315900276B01BD01832934218D01832934215D01832F2
S315900276C0934212D0183293420FD0183293420CD072
S315900276D01832934209D002F55672934205D0183267
S315900276E0934202D018329342FFD05C689C4FC4F505
S315900276F080743868FF346342E4B2DBB258BF5C42AE
S3159002770004F580731B1A5A42DBB2D2B258BF534267
S31590027710A3F10802772A00F2D9819D1E431CB04636
S31590027720B4465A42DFF85CE2DBB2D2B258BF534259
S3159002773000221EF80310013301320CF8011B594244
S31590027740DBB2C9B258BF4B429542F2DC854B01225D
S3159002775003210093844BCDE901048448CDE9035675
S315900277600125007A02F0ACFC3046079502F034FC13
S31590027770062840F2AF819DF878301595242B40F07B
S31590027780A581304602F028FC2B460025984204DD5E
S3159002779018F8012F2A2A40F008810138834280F294
S315900277A09581581C002215AB0221304402F078FCD8
S315900277B0159B002B00F08A81C0B2854240F08681EB
S315900277C0002507AA31466A488DF87E5002F048FC99
S315900277D0022800F0F680032800F02881012840F064
S315900277E07181294620220CAE0C900DA80A95CDE9FE
S315900277F0085502F095FC2946242215A802F090FC21
S315900278000AAB09AA08A90DF17F000096FFF728FE98
S31590027810099B42F21072574D93FBF2F285F829209A
S31590027820642293FBF2FC02FB1C339CFBF2FE85F86E
S315900278302B300A9B02FB1ECE0DAAAB850BAB85F8AD
S315900278402AE0009320230196FFF73CFE0C9B002B27
S3159002785000F0AE800B9B012B40F0AA809DF834304D
S315900278602B700BAD1023444A08A90DF17F000196A7
S315900278700095FFF727FE20230DAACDE90056FFF7C4
S3159002788021FE0C9B002B00F096800B9B012B40F067
S3159002789092809DF83420374B83F822200CAE0BADA4
S315900278A01023364A08A90DF17F0001960095FFF73D
S315900278B009FE20230DAACDE90056FFF703FE0C9B85
S315900278C0002B7BD00B9B012B78D19DF83420294B32
S315900278D083F821200CAE08A90DF17F000AAB09AA04
S315900278E00096FFF7BDFD42F210750A9B099A93FB2B
S315900278F0F5F302EB820203EB4203214A53800BAB70
S315900279000DAA019600932023FFF7DCFD0AAB09AA84
S315900279100096FFF7A5FD6420099B164993FBF0F6A6
S3159002792093FBF5F500FB163381F82850EDB281F8FA
S315900279302630DBB21895034496FBF0F21A9391F82F
S31590027940293000FB126215A8179391F82A3081F814
S315900279502720D2B2169317E0606A002410000240E4
S31590027960DC1B0024A6B802900300000165240024C3
S315900279706C0100241E1C00242F1C00241F1C0024B2
S31590027980001C00240CD8003091F82B30013A159344
S315900279904FF0FF3319921D9302F08AFB514B1860F8
S315900279A0514A13680133136090E001335540EDE676
S315900279B00023079355E7002307936FE70023079366
S315900279C088E7CDE909550B950DAE06250CAB15AAA0
S315900279D009A90DF17F00009320230196FFF772FD0E
S315900279E0013DF3D10AAA0BAB0096FFF739FDDFF8FA
S315900279F000810A9B88F800300BAB0096FFF730FDAA
S31590027A000A9B0B9D4FF47A7C03EB830395FBFCF563
S31590027A1003EB830305EB83050BABA8F804500096A2
S31590027A20FFF71EFD314B0A9A9A84B9E701230A950C
S31590027A300D9508A915950DF17F000CAACDE90B3588
S31590027A40CDE908550BAD0AAB0095FFF709FD0AABD8
S31590027A500DAA0095FFF704FD0AAB15AA0095FFF74C
S31590027A60FFFC0D9B224A5E1EDDF854A002EBC30872
S31590027A70B60082F800A04FEA8309B14590D0B2458C
S31590027A801CDD0B2E1ADC0BAD09AA08A90DF17F009D
S31590027A900AAB0095FFF7E4FC099B08F8023C0AAB97
S31590027AA00095FFF7DDFC0AAB0095FFF7D9FC0AAB10
S31590027AB00095FFF7D5FC099B08F8013C013608F1C1
S31590027AC00208DAE7084AD3680133D3603C603EB0D5
S31590027AD0BDE8F087044B5A6801325A609A680132BF
S31590027AE09A60F3E7F41B0024E01B00241E1C00247A
S31590027AF0001C00240F4B70B51C680E460E4B1546A3
S31590027B001B68C01A0D4B1B683BB10D4B0D491A6889
S31590027B100023A0FB010102F02BFB0A4B984288BF7F
S31590027B20C01A4FF0190394BF01340234584334609B
S31590027B30286070BDFC1B0024F81B00241C2700241F
S31590027B40C4080024005A6202034B0A4601461B6887
S31590027B505B6A1846FFF7CEBF086E0024002A0B68B0
S31590027B6010B50BDB13440C4A93420B6005D903689C
S31590027B70013303600B689B1A0B6010BD54429C4202
S31590027B8006D90368013B0360034B086803440B6004
S31590027B900B681344F0E700BF00CA9A3B10B5084C35
S31590027BA003202168B1FA81F1490902F035FA236876
S31590027BB00A22013393FBF2F102FB1133236010BDCB
S31590027BC0E41C0024314B0A222DE9F0431C688FB045
S31590027BD0013494FBF2F102FB11441C60002C52D149
S31590027BE02B4D01222B4E0221AB69DFF8B4800D9307
S31590027BF06B690C932B690B93EB680A93AB680993A9
S31590027C006B6808932B680793B36906937369059318
S31590027C1033690493F3680393B36802937368019389
S31590027C20336800931C4B98F8010002F0C5F9EAF705
S31590027C30C7FF98F80190DFF86C8007466FF009024B
S31590027C404FF0FF33D8E90001381A61EB410102F097
S31590027C50BFFA6430114B224641F10001CDE9000191
S31590027C600221484602F0A8F921461C223046C8E96C
S31590027C70007402F055FA1C22214628460FB0BDE840
S31590027C80F04302F04DBA0FB0BDE8F083E01C002439
S31590027C90B8170024741B002407BC02904ABC0290B9
S31590027CA065240024D81C00240F4B10B51B780F4C6A
S31590027CB0412B15D10E4B1B68A3B921680129CCBF64
S31590027CC000210121062002F0A7F9236801335A42C6
S31590027CD003F0030302F0030258BF5342236010BD20
S31590027CE00021EFE70121EDE71E1C0024D01C0024A1
S31590027CF01C2700240F4B1B689A1E012A10B50E4CA6
S31590027D0014D9012B14D121680129CCBF002101215C
S31590027D10072002F081F9236801335A4203F00303E4
S31590027D2002F0030258BF5342236010BD0121EFE7D0
S31590027D300021EDE784170024CC1C002408B56420AA
S31590027D40554CE8F705FC012254481146544B4078AD
S31590027D5002F032F9534A54495448554B126809680D
S31590027D600068FEF755FF534A53495448544B1268DC
S31590027D7009680068FEF74CFF524A53495348544BE0
S31590027D80126809680068FEF743FF524A52495348FF
S31590027D90534B126809680068FEF73AFF514A5249F6
S31590027DA05248534B126809680068FEF731FF514AF0
S31590027DB051495248524B126809680068FEF728FFEB
S31590027DC0504A51495148524B126809680068FEF769
S31590027DD01FFF504A50495148514B12680968006832
S31590027DE0FEF716FF4F4A50495048514B12680968A0
S31590027DF00068FEF70DFF4F4A4F495048504B1268A4
S31590027E0009680068FEF704FF4E494F484F4B2268B7
S31590027E1009680068FEF7FCFE4D494E484E4B2268B3
S31590027E2009680068FEF7F4FE4C4A4D494D484E4BA0
S31590027E30126809680068FEF7EBFE4C4A4C494D48B9
S31590027E404D4B126809680068FEF7E2FE4B4A4C49B0
S31590027E504C484D4B126809680068FEF7D9FE4B4AAA
S31590027E604B494C484C4B126809680068FEF7D0FEA5
S31590027E7002F09EF802F000F902F082F9FFF78EFE08
S31590027E80FFF7A0FEFFF710FFFFF734FF02F07CF931
S31590027E906420E8F75DFBEFE70C06002465240024D6
S31590027EA058BC02904000002444000024480000245C
S31590027EB0956C029034000024380000243C00002483
S31590027EC0D1710290E4010024E8010024EC0100241F
S31590027ED0C1310008280000242C0000243000002420
S31590027EE0856C029020020024240200242802002499
S31590027EF041380008D8010024DC010024E001002466
S31590027F00093300088C020024900200249402002473
S31590027F10993A00081C000024200000242400002422
S31590027F20256E0290A8080024AC080024B00800240C
S31590027F30995E0008700700247407002478070024CD
S31590027F40B15A0008180600241C060024E14B0008CA
S31590027F501006002414060024C142000824080024B6
S31590027F60280800242C080024AD920290B40800241C
S31590027F70B8080024BC080024815D0008500900243A
S31590027F805409002458090024E19B0290200A0024F7
S31590027F90240A0024280A0024F18E000807B50090CE
S31590027FA0012205480221054BC07A02F005F800200D
S31590027FB003B05DF804FB00BF652400244CC2029016
S31590027FC007B50090012205480221054BC07A01F0BF
S31590027FD0F3FF002003B05DF804FB00BF6524002484
S31590027FE069C2029007B50090012205480221054B0D
S31590027FF0C07A01F0E1FF002003B05DF804FB00BFF8
S315900280006524002484C2029007B5037801220548AC
S3159002801002210093044BC07A01F0CEFF03B05DF8C3
S3159002802004FB00BF65240024A1C2029038B5054620
S3159002803011480C46FDF70AFA0F48FDF7A5F9681E96
S31590028040032805D8DFE800F0020E11140A4B5C6093
S315900280500948FEF7D8F9802208490748BDE8384012
S31590028060FEF7FEBA044B9C60F2E7034B1C61EFE706
S31590028070014BDC60ECE700BF1C6C00248CD900300D
S3159002808070B586B0144606460D461022002102A807
S3159002809002F046F8092C24DC4FF6FF230DF10B0271
S315900280A08DF80B60ADF808302C238DF80A3000233A
S315900280B0A34218DB04F11803FF2200250C486B44F7
S315900280C002A903F80C2CF02203F80B2C012300953D
S315900280D0A21D0068EBF754FA18B129460D2001F05B
S315900280E0FFFF06B070BDE95C013302F8011FDFE7BE
S315900280F0482200241FB50068ECF7CFFE0446039091
S3159002810068B90D4B5B6803930398ECF7C6FE04229D
S31590028110039003A90120FFF7B3FF04B010BD0146F7
S315900281200120FFF783FF054800940122044B0221A8
S31590028130C07A01F041FFE7E71C6C00246524002415
S31590028140BDC202901FB503788DF80F307BB9144BE0
S315900281509B68002B14BF072308238DF80F3001224A
S315900281600DF10F010220FFF78BFF04B010BD082B13
S315900281704FF002001CBF07238DF80F309DF80F4079
S31590028180B4F1080118BF01210907FFF74FFF05480F
S3159002819000940122044B0221C07A01F00DFFDEE722
S315900281A01C6C002465240024DFC202901FB503785C
S315900281B08DF80F30BBB91D4B1B69B3F5806F0ED08E
S315900281C0B3F5C06F0DD001238DF80F3001220DF15A
S315900281D00F010320FFF754FF05B05DF804FB03235C
S315900281E0F2E70223F0E7022B19D0032B1AD0012BC8
S315900281F04FF000011CBF01238DF80F300320FFF7CB
S3159002820015FF9DF80F200A4B02210A4853F8223097
S3159002821001220093084BC07A01F0CEFED6E74FF4C6
S31590028220C061EBE74FF48061E8E700BF1C6C002465
S31590028230B84703906524002402C302901FB50478C0
S315900282408DF80F40ACB9174BDB68B3F5005F0ED0D3
S31590028250B3F5405F14BF012303238DF80F3001223B
S315900282600DF10F010420FFF70BFF04B010BD02239E
S31590028270F3E7022C13D0032C0CBF4FF4405100218C
S315900282800420FFF7D3FE084B0848012253F8243006
S3159002829002210093064BC07A01F08EFEDFE74FF47F
S315900282A00051EDE71C6C0024A84703906524002436
S315900282B022C302904378013B042B13D8DFE803F0E4
S315900282C00306090C0F000230FFF714BF0230FFF7C6
S315900282D039BF0230FFF76ABF0230FFF7AFBF0230F5
S315900282E0FFF792BE7047000030B5204D85B0204C06
S315900282F02B68E05401335A4203F00F0302F00F0247
S3159002830058BF5342012B2B6009DDFF280AD11C442A
S3159002831014F8022CFF2A04BF03F1FF332B60FA20D4
S3159002832005B030BDF028FAD1023BE25CFF2AF6D1C5
S31590028330227810492C2AC87A10D1029302216378A6
S31590028340CDE900230C4B012201F036FE2968204626
S315900283500239FFF7AFFF00202860E1E70092022181
S31590028360064B012201F028FEF5E700BF24220024E5
S31590028370142200246524002445C3029063C302900C
S3159002838030B585B005460024104B00900122104866
S315900283900221ADF80C40C07A8DF80E4001F00CFE29
S315900283A04FF6FF530B4800940322ADF80C3003A905
S315900283B0012300688DF80E50EBF7E2F818B12146CA
S315900283C00E2001F08DFE05B030BD00BF90C3029025
S315900283D0652400244822002430B585B00546002441
S315900283E0104B0090012210480221ADF80C40C07A41
S315900283F08DF80E4001F0E0FD4FF6FF630B480094B6
S315900284000322ADF80C3003A9012300688DF80E50B3
S31590028410EBF7B6F818B121460F2001F061FE05B0D0
S3159002842030BD00BFABC302906524002448220024CD
S3159002843037B50446009010480122104B0221C07AAB
S3159002844001F0BAFD4CB90E4C206808B9FFF798FFB7
S3159002845001232360002003B030BD2C2C08D1094D96
S315900284602B6813B92046FFF78BFF01232B60F1E7A8
S315900284702046FFF7B1FFEDE765240024C8C30290BA
S31590028480442200244022002470B50646164C174D0D
S315900284902B6821687F335A4203F07F0302F07F02F2
S315900284A058BF53428B421AD0114A12481368465407
S315900284B0013313604B1C5A4203F07F0302F07F0292
S315900284C058BF534223600C4B1A683AB901220144B1
S315900284D00A481A60FCF778FF23682B6070BD0A2061
S315900284E0E8F736F8D4E700BF3C220024382200246D
S315900284F0302200240CD90030342200241C6C002433
S3159002850010B5274C034622683AB9FF2801D1236059
S315900285100FE0BDE81040FFF7B7BFFF2A0AD1FF2848
S3159002852003D1FFF7B1FF0023F1E7821DD2B2042AED
S31590028530EDD910BDF03A0F2AFBD801A151F822F0DD
S315900285409B85029033850290338502903385029003
S31590028550338502903385029033850290338502905B
S3159002856033850290338502909B8502908185029095
S31590028570898502908F850290958502909B850290BF
S31590028580FFF756FF2060D4E7FFF708FDFAE7FFF7FB
S3159002859017FDF7E7FFF726FDF4E7FFF7A5FEF1E7EC
S315900285A0282200242DE9F04F002387B0944C5A20BC
S315900285B00493ADF80E300593E7F7CAFF2368002BB4
S315900285C000F0BB8001228F4E8F4B1146F07A01F05C
S315900285D0F3FC00221020DFF870921146EAF754FE5F
S315900285E08A4B8B49DA8BC9F80000EAF7C5FED9F8AF
S315900285F0003002210122F07A0093864B01F0DCFCD6
S31590028600FF21D9F80000EAF703FF834DDFF80C82C9
S315900286102B4601220221F07A01F0CEFC7F49D9F84D
S315900286200000EAF7CBFF01227D4B044611460090EB
S31590028630F07A01F0C1FC754AD8F80030128C9A6132
S31590028640002CE5D104A9D8F80000EBF7DDF807462F
S3159002865018B10021112001F043FD724B724AD3F8F2
S3159002866080301B6893421ED0183293421BD0183228
S31590028670934218D01832934215D01832934212D0A0
S31590028680183293420FD0183293420CD0183293423A
S3159002869009D002F55672934205D01832934202D00F
S315900286A018329342FFD05C68DFF8A0A1C4F180042F
S315900286B0DFF89CB17F34634204F07F0403F07F03BA
S315900286C058BF5C42DAF8003004F18005ED1A6B422D
S315900286D005F07F0503F07F0358BF5D42002D30DC25
S315900286E0CAF80040002F79D1049B1B685B89002B46
S315900286F0A8D04E4C01220321F07A276000934C4B6E
S3159002870001F05AFC0DF10E0205A90498ECF75EFAF7
S31590028710BDF80E30002B55D10498ECF783FA002859
S31590028720F0DA0498ECF712FA2368012203210093F7
S31590028730F07A404B01F040FC84E70A20E7F708FF05
S315900287403CE73D4B01220321F07A0095002701F088
S3159002875033FCDAF8003001335A4203F07F0302F019
S315900287607F0258BF5342354AD15C0133FF290ABF73
S315900287707A1C3A460BF80710571C0BF802105A420D
S3159002878003F07F0302F07F0258BF5342013D01D0AE
S315900287907E2FE8DD2A4B012203210097F07A01F021
S315900287A00BFC00233A46594600930123D8F8000061
S315900287B0EAF7E6FE0746002890D000210C2001F049
S315900287C08FFC8BE7059B5A1C05921878FFF798FE4B
S315900287D0BDF80E30013BADF80E3099E703373FF402
S315900287E031AF0122174BF07A114601F0E5FBD8F82A
S315900287F00000EAF7D1FED8F80000EAF7AFFD04E7E9
S31590028800D81B002465240024E5C302907824002412
S31590028810184C0390FCC3029023C402904822002471
S315900288204DC402901C6C0024100002403022002499
S31590028830BEC40290E0C4029075C402908CD90030F6
S3159002884098C4029004C502904C2200242C22002443
S315900288505022002438B50E4B0E4D1C682B689C4254
S3159002886003D10D4B00221A6038BDD8BF80240B4924
S315900288700B48E21A194492B2FCF7A6FD634204F041
S315900288807F0403F07F0358BF5C422C60ECE700BF85
S315900288903C22002438220024342200240CD90030B1
S315900288A01C6C00240A2380F3080030B5B0FBF3F069
S315900288B00A4D002305FB03F49842D4BF2E223D2293
S315900288C0B4F1333F98BF7C22CA5401331A2BF1D1AB
S315900288D03E230B5400238B7630BD00BFCDCCCCCC3F
S315900288E008B501F00DFC002803480CBF3C213E213F
S315900288F0BDE80840FEF7B0B9AFF1029070B52F4CC3
S315900289002F4B21682F4A02392F4801298CBF1146D5
S315900289101946FEF7A1F92368023B012B4CD82B4C42
S315900289202B482178FEF798F923782A4D13F0010FF8
S3159002893029492A4818BF2946294EFEF78DF92378E8
S31590028940284813F0020F0CBF31462946FEF784F9E8
S315900289502378254913F0040F244B254818BF19464E
S31590028960FEF77AF92378234813F0080F0CBF3146A5
S315900289702946FEF771F923781F4913F0100F1F4B02
S315900289801F4818BF1946FEF767F923781D4913F059
S31590028990200F1D4B1D4818BF1946FEF75DF9217829
S315900289A01B48C1F38011FEF757F921781948C90976
S315900289B0BDE87040FEF750B970BD00BF8417002421
S315900289C0DAF10290E4F1029055F2029080170024B7
S315900289D071F20290FFF1029003F2029094F20290E9
S315900289E016F20290B2F202902CF2029019F20290D2
S315900289F0D0F20290EEF202904AB5029043B50290FE
S31590028A000CF302904BF202903BF202902AF3029000
S31590028A1048F3029066F30290484B494A2DE9F34790
S31590028A201968484B484800290CBF11461946474CCD
S31590028A30FEF712F9464B474A1968474B47480029B1
S31590028A400CBF11461946FEF707F9217800296ED117
S31590028A504348FEF701F92378412B6CD194F82120F3
S31590028A60642540494048FEF7F7F894F822203F499A
S31590028A703F48FEF7F1F8A18C4FF4A4723D48DFF817
S31590028A801C814A43DFF81891B2FBF5F2FEF7E4F83F
S31590028A9094F8283094F8272094F826103648FEF752
S31590028AA0DBF8A38D3548009394F82B3094F82A205E
S31590028AB094F82910324CFEF7CFF832482178FEF717
S31590028AC0CBF8A2883048B2FBF5F105FB1122254678
S31590028AD092B22F46FEF7C0F862880A232B480024EA
S31590028AE0B2FBF3F103FB112292B2FEF7B5F82848D6
S31590028AF0FEF7B2F82E4604F1030A4046FEF7ACF8AA
S31590028B003B78A34205DDF3792146B2794846FEF7D2
S31590028B10A3F8013402365445F2D10C2C05F1060520
S31590028B20E8D11C4802B0BDE8F047FEF795B81A485E
S31590028B30FEF792F88FE702B0BDE8F0871C27002473
S31590028B4084F3029088F30290AEF302901E1C0024E6
S31590028B5018270024A0F302908FF30290C0F302909C
S31590028B60D2F302901F1C002418F402902F1C0024AA
S31590028B702CF4029040F402905AF402907BF4029004
S31590028B80001C0024A3F40290B5F40290CEF4029055
S31590028B90ECF4029038D20290EFF3029016F502901E
S31590028BA026F5029008B501F047FA20B10348BDE8D0
S31590028BB00840FEF751B80248F9E700BF35F5029032
S31590028BC068F502902DE9F0418EB01B220021274CC8
S31590028BD06846274E01F0A4FA1B22002107A801F04D
S31590028BE09FFA0123234F2360FDF788FFDFF89080D9
S31590028BF02148FEF731F84FF4FA60E7F7A9FCFDF742
S31590028C009DFF30B1FDF77AFF002323600EB0BDE8D9
S31590028C10F081012001F09CFA6946FFF743FE01209C
S31590028C2001F096FA6A4601463046FEF715F83D6817
S31590028C3007A92846FFF736FE0A4640462946FEF71A
S31590028C400BF801F0E1F900280CBF2E25432501F01F
S31590028C5003FA0028294609480CBF2E225222FDF714
S31590028C60FBFFC820E7F774FCC9E700BF082200247F
S31590028C70A4F50290042200248AF50290C6F5029089
S31590028C80B8F502902DE9F04389B01B220021344EAB
S31590028C9001A8344D01F044FA0123DFF8DC803360F9
S31590028CA0FDF72CFF3048FDF7D7FF4FF4FA60E7F750
S31590028CB04FFC2E4F00232B80FDF740FF044630B128
S31590028CC0FDF71CFF0023336009B0BDE8F083C8208E
S31590028CD0E7F73EFCB5F8009001A9C9F30719484693
S31590028CE0FFF7E0FD0A4640464946FDF7B5FF39686B
S31590028CF001AB1F4800FB04F20134B2F1333F8CBF43
S31590028D002E227C22152C03F8012BF3D100238DF809
S31590028D10193043F2104399420BDC43F63C43ADF8CB
S31590028D20043001AA1348FDF797FF00232B803B607E
S31590028D30C2E743F6DF33994205DD3E238DF81730BD
S31590028D408DF81830EDE7A1F55F536422383B93FB1B
S31590028D50F2F320335E226B4403F8122CE1E700BF54
S31590028D6008220024FC2100248AF50290681B002424
S31590028D70CDCCCCCCDEF50290CDF50290F8B5194C5F
S31590028D80012364252370237833B10A20E7F7E0FBA9
S31590028D90013DF8D12378FBB9134C144E144D154F5F
S31590028DA0226831681448FDF757FF2A6839681348D4
S31590028DB0FDF752FF33683A682168D21A2B68104839
S31590028DC05B1A4FF47A7193FBF1F30E4901FB023170
S31590028DD0BDE8F840FDF740BF0B48FDF73DFF257013
S31590028DE0F8BD00BFB4170024A4170024A8170024C6
S31590028DF0AC170024B0170024F2F502900CF60290FC
S31590028E0026F6029040420F004AF602902DE9F3416F
S31590028E1040F2FF724FF001113748F5F787FC60B9BF
S31590028E203548F5F7A1F9044638B9334D002128465D
S31590028E30F4F770FE50B10A2C03D13048FDF70CFFBF
S31590028E401EE001200134E7F783FBEFE70A2CF4D00A
S31590028E502948F4F7EBFE2A4B81B250201A8CB3F8CC
S31590028E604030891A9B1A4143264891FBF3F11E31F1
S31590028E70052301EBC10292FBF3F22032FDF7ECFEE1
S31590028E800124214E00219020334622462746DFF8C0
S31590028E908080CDE9004401F08FF996F90010052300
S31590028EA01A4801EBC10292FBF3F22032FDF7D4FE8F
S31590028EB065000123032202219035ADB2284601F0C6
S31590028EC03FF998B13346012200212846CDE9007731
S31590028ED001F072F996F900200521404602EBC20391
S31590028EE093FBF1F321462033FDF7B6FE0134082CAD
S31590028EF0DED102B0BDE8F0817073002496F602903E
S31590028F0000E8F11F77F602904CDA0030B6F602903E
S31590028F10D5F602901FB500230DF10B0103A803931A
S31590028F208DF80B3001F068F89DF80B3023B10F489D
S31590028F30FDF792FE04B010BD039840F6B8340C4B80
S31590028F40B0FBF3F103FB11000A4BB0FBF3F203FB08
S31590028F501200B0FBF4F304FB130032240390B0FB2F
S31590028F60F4F000900448FDF777FEE3E7F5F60290F9
S31590028F7000EB410020BF020024F702907FB5002447
S31590028F80274D284E28480394CDE90144FDF764FE07
S31590028F90013415F8011F3046FDF75EFE052CF7D118
S31590028FA0224B234893F82E10FDF756FE03AA02A9E8
S31590028FB001A801F025F8019B23B91E48FDF74CFE46
S31590028FC004B070BD1C48FDF747FE039B1B48002B5F
S31590028FD014BF64210A21FDF73FFE194A194B0299E3
S31590028FE01948002914BF11461946FDF735FEFEF7BA
S31590028FF01DFA01461548FDF72FFEFEF71DFA0146AA
S315900290001348FDF729FEFEF71DFA01461148FDF7B2
S3159002901023FEFEF71DFA01460F48FDF71DFECFE728
S31590029020A024002469F7029052F702907824002433
S31590029030080A039070F70290A5F70290C6F702907D
S315900290404DF7029048F70290E5F7029006F80290E3
S3159002905020F802903AF8029054F8029000B5ADF5D5
S31590029060177D4FF416720021684601F059F80648AA
S31590029070FDF7F2FD6846E9F703FB6846FDF712FE37
S315900290800DF5177D5DF804FB6EF802902DE9F0411F
S315900290908AB028220021274C6846274D01F040F8D5
S315900290A00123264E2360FDF729FD254F2548FDF71E
S315900290B0D3FD4FF4FA60E7F74BFAFDF73FFD804692
S315900290C030B1FDF71BFD002323600AB0BDE8F081A5
S315900290D028222E21684601F023F87C231A49412240
S315900290E08DF800308DF8213020238DF824808DF86C
S315900290F0223051F8043B93FBF5F30133202BA8BFA2
S315900291002023012BB8BF012328336B4403F8282C64
S315900291100132D2B2512AECD1336813B142238DF87F
S3159002912023303A6869460948FDF796FDC820E7F765
S315900291300FFAC2E708220024A086010078210024B3
S31590029140742100248AF502907C21002422A20290A6
S315900291502DE9FF47474B1B682BB9474804B0BDE83A
S31590029160F047FDF779BDFDF7C9FC4448FDF774FD5C
S315900291704FF4FA60E7F7ECF9414D0023414EDFF8E0
S315900291802081DFF82091404F2B603360FDF7D6FCAB
S3159002919020B104B0BDE8F047FDF7B0BCD8F8003076
S315900291A09BBB2B686BB3D9F800404FF47A60374A71
S315900291B04FF0280A04F0030CB4FBF2F1B4FBF0F37F
S315900291C002FB114200FB1343B2FBF0F219209B08FB
S315900291D000FB0CFCE01949BF2D482B24001B2D24C3
S315900291E0B0FBFAFE0AFB1E004FF0190A0AFB00F0CA
S315900291F0CDE900C4CDE902E02648FDF72DFD002316
S315900292002B60C820E7F7A4F9C0E73368002BF8D0A3
S31590029210214B0446013453F8042B192C1044F9D1EE
S3159002922090FBF4FEDFF880A04FF47A6C04FB1E04E8
S31590029230164A82444FF47A70BEFBFCF3BEFBF2F1FF
S31590029240444364200CFB13E302FB11E20EF0030E7F
S315900292509B08CDF804A0B4FBF0F4FA2000FB0E4470
S315900292600E48B2FBFCF20094FDF7F6FC0023336045
S31590029270C7E700BF1C2700247AF802908AF502906D
S3159002928010270024885F002400A69DFD00093D005A
S31590029290005A6202ADF80290245F0024E0F8029030
S315900292A08C5F0024C0080024003665C4002302287F
S315900292B013B50C4601930FD1486800F051FF01AAED
S315900292C06168204800F0CCFE019B43B11E48FDF731
S315900292D0C3FC002002B010BD01230193F6E70138CA
S315900292E00C28F6D8DFE800F0070A0D101316191CA1
S315900292F01F2225282B00FFF7F3FAEAE7FFF7FEFA7B
S31590029300E7E7FFF789FBE4E7FFF74CFCE1E7FFF7B6
S3159002931059FCDEE7FFF7B6FCDBE7FFF72FFDD8E750
S31590029320FFF774FDD5E7FFF7F5FDD2E7FFF726FEC7
S31590029330CFE7FFF793FECCE7FFF7A8FEC9E7FFF763
S3159002934007FFC6E77C070024E0B802902DE9FF47A5
S3159002935080460E4617469946EBF7ECFB0546A0B9B2
S315900293602C460146042000F0BBFE19480122032137
S31590029370CDE9017473885BBA9BB20093154B807BDF
S3159002938000F01AFE04B0BDE8F087BCB22146EBF7B6
S31590029390EFFB224631462868EDF768FA0446824684
S315900293A038B10021062000F09BFE2846EBF7CEFB53
S315900293B0DBE74B4608F114022946D8F81000EAF783
S315900293C063F804460028F0D051460720EBE700BF29
S315900293D065240024C300039037B5002200BA0C46D8
S315900293E0104D486111462020E9F74EFF0E4B206141
S315900293F0012200900221A87B00F0DEFD04F1140107
S3159002940045222069E9F7DEFF2369012202210093B2
S31590029410064BA87B00F0D0FD236941F288329A610F
S3159002942003B030BD65240024E90003900701039040
S315900294302DE9F04190B049BA044617460DF10A0853
S315900294403622ADF80810014640461E4600F09CFDB5
S31590029450204600F0C1FD012F044600F1030518D005
S31590029460022F1DD0002402AB1148012203211D4474
S31590029470104BCDE90085807B00F09EFD4523224668
S3159002948002A93046FFF762FF0023338110B0BDE890
S31590029490F08102AB08490C34581900F07DFEE2E7E0
S315900294A002AB06490934581900F076FEDBE700BF95
S315900294B06524002438010390290103903201039018
S315900294C02DE9F04F0446006989B047F2305243685D
S315900294D0002606A99A82ADF81660CDE90666EAF7E5
S315900294E093F9054688B13146122000F0F9FD022320
S315900294F0012244486381A5811146434BCDE900562A
S31590029500807B00F059FD002609E0069B1B685E8968
S31590029510A6F10408B8F5007F0BD905236381069856
S3159002952008B1EBF713FB304609B0BDE8F08F042380
S31590029530F4E7364F0DF1160207A90698EBF746FBAC
S31590029540BDF81690079978194A464D4400F028FEC0
S315900295500698EBF767FB0028ADB2EBDAB7F8029004
S315900295604FF0000B2748012299FA99F5284B00965D
S3159002957003211FFA85FACDE901AB807B00F01CFD31
S315900295803A787B7803EB0223069A9BB2032B63808D
S315900295901DD1B9F5807F928907D1A28023895A1C61
S315900295A0924508D1043E2581B9E7A18891421CBF14
S315900295B05E466381F2E7534506D1002117204FF0AC
S315900295C0FF3600F08DFDAAE7062363819BE7042B05
S315900295D00ED1042EA1D19389B9F1000F02D1A380A5
S315900295E0258190E7A2889A421CBF03236381F7E7FD
S315900295F0052B9CD10123464663817B885BBAA38166
S315900296008DE700BF6524002457010390DC240024D3
S315900296107701039007B5018900228388019249BA9E
S315900296200422ADF806100DEB02018DF80520FFF726
S315900296308DFE03B05DF804FB03890A46084901339F
S31590029640043230B400259BB20D700325CB704D7059
S315900296501D0A03818D70838830BCFFF777BE00BFE9
S31590029660DC24002410B588B00446202200216846E6
S3159002967000F056FD63890522023B8DF80120934244
S3159002968025D8DFE803F003060A1D2422114901A812
S3159002969009E011498DF80320F9E704230F498DF863
S315900296A003300DEB030000F077FD01A800F094FC67
S315900296B0A388421D69462046FFF748FE08B010BDB2
S315900296C0042307498DF80330EBE70649DFE706499D
S315900296D0DDE700BFA4010390AC010390B6010390AD
S315900296E0C1010390D3010390E001039010B50446A3
S315900296F0006908B1E9F732FE204618220021BDE83A
S31590029700104000F00DBD00004189828909B922BB43
S3159002971070474B1E072B20D8DFE803F004090D1083
S315900297201316191C0E4B01210E48FDF795BA02210C
S315900297300D48FDF791BA03210C48FAE704210C482B
S31590029740F7E705210B48F4E706210B48F1E70721D5
S315900297500A48EEE708210A48EBE70A48E9E700BF1C
S31590029760E0240024F1010390160203903302039041
S31590029770520203907202039099020390BF020390E1
S31590029780E40203900A03039010B5094C094A236830
S315900297900948D15CFDF760FA236801335A4203F017
S315900297A0030302F0030258BF5342236010BD00BF69
S315900297B0885E002444480390300303902DE9F04FCD
S315900297C0AFB00C461822002106900AA800F0A8FC19
S315900297D0502200211AA800F0A3FC2822002110A8EA
S315900297E000F09EFC24B128222146784800F094FC91
S315900297F0764B1E78002E3DD17548FDF72DFACDE9B0
S315900298000066CDE90466BDF83230724D002B40F009
S31590029810C281009B64245C436F4B1B68012B14BF6F
S315900298204FF000734FF48003B4FBF3F4F4F730F97E
S315900298304FF47A73801B22460099B0FBF3F3674884
S31590029840FDF70AFA01232B60069B022B0CD1019B92
S3159002985013B16348FDF700FA01996248FDF7FCF9E6
S31590029860019B0BB100232B600AA8FFF73FFF2FB095
S31590029870BDE8F08F069B012B0DD1574B5A481B68BA
S31590029880012B14BFD2211E21FDF7E6F9574A00217A
S31590029890069800F03DFC564C5648616900F07CFBF8
S315900298A060690AA90024FFF797FD01220AAB47488F
S315900298B011462546FFF7BCFD2746F4F7E9F800F175
S315900298C0FA03064602940793CDE90044CDE904448F
S315900298D00AA8FFF7F5FD059B814601330593BDF86E
S315900298E03230002B40F04A810AA8FFF793FEBDF86A
S315900298F03230002B40F04281B9F1FF3FE8D003931A
S315900299003D4BDFF8F8E0196800239C461A46039807
S31590029910814529DC0BB1384B1960039B99454CD094
S3159002992072BBB9F5007F2EE103981EF800A00130B4
S31590029930AAF120080390B8F1400F09D807F1B803AD
S31590029940114601376B4403F850AC01239C46DEE77F
S31590029950BAF10D0F02D0BAF10A0FD8D1B1FA81F24B
S31590029960012152090B46D2E74F2F04DD002BD7D0A7
S31590029970214B1960D4E7002AD6D00BB11E4B196041
S31590029980049B1AA8013304930123099300F024FB44
S315900299900D280ED99DF86830532B0AD19DF869305F
S315900299A0029303F0FB03332B2AD0029B302B00F059
S315900299B0AC800723ADF8323079E0B9F5007FAFDAA3
S315900299C0BCF1000FDCD1002ADAD11CE7905E0024AC
S315900299D0340303908C5E002410220024E10303904A
S315900299E0270403902F04039077030390899702909C
S315900299F078240024B2030390845E0024E024002499
S31590029A004FF0080809AB012202210DF16A0000F01D
S31590029A1047FB099B07461AA8002B4FEA580B0CBF27
S31590029A204FF0070A4FF0000A00F0D6FABB1CCBF1B2
S31590029A30000BB0EB430F07EB0B0418BF4FF0070A6E
S31590029A40013CBAF1000FB4D1012209AB41461BA8E1
S31590029A5000F026FBCBF1000BFFB205465246D3002F
S31590029A60013225FA03F393453B44DFB2F7D1099BC2
S31590029A70002B9ED008F1B8030DEB0308A8F14C0811
S31590029A80544545DA099B002B93D0FF2F91D14FF085
S31590029A900003ADF83230029B332B08D1B5F1006F3B
S31590029AA056D36219454B9A4243D805F5F015BDF83F
S31590029AB03270F7B9029B332B1BD1009B224623446B
S31590029AC00093069B012B45D110A93D4800F068FBF7
S31590029AD0224629463A4800F0D7FAF3F7D9FF079B70
S31590029AE0984206D900993748FDF7B6F8079BFA339C
S31590029AF00793502200211AA8002700F011FBBDF807
S31590029B003230002B3FF4FCAE0BE74FF0040879E7B6
S31590029B1009AB40460122022100F0C2FA10ABC0B254
S31590029B2008F102080AF8030038440AF1010AC7B29A
S31590029B30A6E7B5F1104F0BD3234B1B68012B234B92
S31590029B4018BF6FF0DC439A4202D805F1E045AEE7C2
S31590029B5008232FE729461A4800F042FA184910AA14
S31590029B603B46A342B9DA12F8010B013311F8017B95
S31590029B7087421EBF019801300190F2E7B9F5007F46
S31590029B8003D0B9F1FF3F7FF43EAEBDF83230002BE1
S31590029B903FF49EAE37E60E48FDF75EF80AA8FFF749
S31590029BA0B3FD0C48FDF758F80B48DDE90412FDF7B2
S31590029BB053F81AA90948FDF74FF853E6FFFF010833
S31590029BC050DF0030CD03039010220024FFFF3F9018
S31590029BD038D202904C0403906F0403909004039041
S31590029BE001282DE9F04FC8BF002399B0D8BF0123B1
S31590029BF0054648680E46019300F0B2FA019C9CB95C
S31590029C0001AA7168AD4800F02BFA012802D1AC1E68
S31590029C1018BF0124019B022843EA040307D1032DAE
S31590029C200BDD43F0010308E000200446F2E7032827
S31590029C30F5D0042803D1042DF3D1002208E005289B
S31590029C4001D1022DF8E70628F7D1AA1E18BF0122E4
S31590029C50032D42EA03020CBFB168002101924AB178
S31590029C609748FCF7F9FF9748FCF7F6FF9648FCF7FA
S31590029C70F3FF66E00138062863D8DFE810F00700A4
S31590029C8079007D007F00CD0018017601002418220C
S31590029C90002108A800F044FA282200210EA800F01C
S31590029CA03FFA2146142203A8029400F039FA282298
S31590029CB02146864800F034FA854C86490EA800F073
S31590029CC0C3F985490EA800F067FA6169834800F0E6
S31590029CD063F9606908A9FFF77FFB012208AB0EA81A
S31590029CE01146FFF7A5FB08A8FFF7EAFB044608A86A
S31590029CF0FFF70AFDBDF82A303BBBB4F5007F27D0AB
S31590029D0008A8FFF787FCBDF82A3043BB03AA02A92D
S31590029D107348FCF737FF282205996C4800F034F90E
S31590029D20704A71497148FCF797FF7148DDE9031251
S31590029D30FCF792FF65496F48FCF78EFF08A8FFF77C
S31590029D40D5FC002019B0BDE8F08FB4F5007F06D19E
S31590029D50052308A8ADF82A30FFF784FCD3E76648B6
S31590029D60FCF77AFF28220021584800F0D9F9E5E756
S31590029D700120FFF723FDE4E70220FAE70123F468C6
S31590029D800EA9B0680E9300F043F90EA90646204636
S31590029D9000F03EF90E9B0546002B39D1574866E7EF
S31590029DA0371957484FF0000B3946FCF755FF39469D
S31590029DB0544F10225348B84600F012F90BF1010B9A
S31590029DC018F8011B5046FCF747FFBBF1100FF5D16F
S31590029DD04FF00008DFF85891DFF858B14A48FCF77F
S31590029DE03BFF17F8011B08F1010819F8010010F062
S31590029DF0170F584608BF2E21FCF72EFFB8F1100F09
S31590029E00EFD110344148FCF727FFA542C8D898E70E
S31590029E100024DFF824A1F8E73D4C3E482368DFF89A
S31590029E20E480012BDFF8149114BFD2211E21FCF796
S31590029E3013FF394A0021012000F06AF923680024B1
S31590029E403648012B2646254614BF4FF000774FF42D
S31590029E508007FCF701FF4FF480722946404600F0D6
S31590029E60BFF8284A002312F8011B0133FF2918BFB5
S31590029E700134B3F5807FF6D106FB07F36422B3FB78
S31590029E80F2F39D4204D331460A364846FCF7E4FE85
S31590029E9005F58075AF42DED82148FCF7DDFE2146F6
S31590029EA02048FCF7D9FE204B00221A6049E71E4B48
S31590029EB01B68002B44D11D48D9E600BFF008002448
S31590029EC09B040390E70403902C050390905E002474
S31590029ED0782400240CA60290EDA10290B30303907D
S31590029EE0E0240024620503906D05039073050390A8
S31590029EF08B050390A3050390B8050390F105039093
S31590029F00DF05039050DF0030EE05039038D20290C1
S31590029F1010220024770303908997029010060390EB
S31590029F202E060390370603908C5E00245A06039001
S31590029F30896A049031030390E705039024060390FF
S31590029F400B48FCF789FE0B48FCF786FE0A48FCF79D
S31590029F5083FE0A48FCF780FEC820F3F79FFD012096
S31590029F6000F032F900F0C0F8EBE605487FE600BF54
S31590029F707C060390B9060390E106039024070390AA
S31590029F805D070390000000005FF800F013A9000837
S31590029F905FF800F0813600085FF800F09142000801
S31590029FA05FF800F0517B00085FF800F0A98800087E
S31590029FB05FF800F0F16300085FF800F07166000840
S31590029FC05FF800F0F10200085FF800F009A40008BB
S31590029FD05FF800F0510F00085FF800F005030008E3
S31590029FE05FF800F0193F00085FF800F0597D00080D
S31590029FF05FF800F0897D00085FF800F01D180000F8
S3159002A0005FF800F0C93600085FF800F0E930000802
S3159002A0105FF800F0D16200085FF800F0412F000867
S3159002A0205FF800F0917F00085FF800F0D989000888
S3159002A0305FF800F051A800085FF800F0313100088F
S3159002A0405FF800F0D90D00085FF800F0C7B5000878
S3159002A0505FF800F0C97B00085FF800F00131000854
S3159002A0605FF800F0016100085FF800F06DA8000843
S3159002A0705FF800F0D15300085FF800F0E92F00086E
S3159002A0805FF800F0498000085FF800F0D13F0008C1
S3159002A0905FF800F0693600085FF800F001A7000843
S3159002A0A05FF800F0696200085FF800F0597B0008DB
S3159002A0B05FF800F0E1AA00085FF800F091590008F5
S3159002A0C05FF800F0296700085FF800F0B10D00080C
S3159002A0D05FF800F0517E00085FF800F0890D0008E5
S3159002A0E05FF800F0415400085FF800F07D28000008
S3159002A0F05FF800F041B400085FF800F0F9690008D3
S3159002A1005FF800F0193100085FF800F0C1360008D8
S3159002A1105FF800F0593E00085FF800F031630008DE
S3159002A1205FF800F0C1A800085FF800F0EFA80008F9
S3159002A1305FF800F0413700085FF800F025A70008A5
S3159002A1405FF800F0C93500085FF800F0010E0008CC
S3159002A1505FF800F0490D00085FF800F071390008C9
S3159002A1605FF800F0A96300085FF800F0F17F00083D
S3159002A1705FF800F0D90700085FF800F079600008F0
S3159002A1805FF800F0296400085FF800F07928000073
S3159002A1905FF800F0018400085FF800F0D1A800088B
S3159002A1A05FF800F0D7B500085FF800F0B9650008CF
S3159002A1B05FF800F0D16000085FF800F049350008BA
S3159002A1C05FF800F0393600085FF800F0813A00082F
S3159002A1D05FF800F0390700085FF800F0993600083A
S3159002A1E0566F746572322D324B5F534E002E7478D1
S3159002A1F07400526573746F72652066696C65206926
S3159002A200732025730A0073657420257320256C6468
S3159002A2102E256C642E256C642E256C640A0073655B
S3159002A220742025732025640A007365742025732093
S3159002A23025730A00536F7272792C207468697320A1
S3159002A240636F6D6D616E642069736E27742061769B
S3159002A25061696C61626C6520696E2067756573745D
S3159002A260206D6F64652E0A004261636B757020667D
S3159002A270696C652077696C6C2062652025730A008B
S3159002A2806D797374617469636970006D79737461C1
S3159002A290746963736E006D797374617469636777B9
S3159002A2A0006D79737461746963646E730074667415
S3159002A2B0706164647200677073626175640067703E
S3159002A2C07365646765006775657374707764007209
S3159002A2D06F6F74707764006D796E616D65006D79DC
S3159002A2E069706D6F64650073326E706F727400730D
S3159002A2F0326E7074696D650072786D6F6465007206
S3159002A3007373696D6F646500436F6E4574685278B6
S3159002A3105461736B3A2053746172740D0A00436FE1
S3159002A3206E736F6C655461736B3A206E6574636F6E
S3159002A3306E6E5F6E65772028307825382E387829AC
S3159002A3400D0A00436F6E736F6C655461736B3A209E
S3159002A35057616974696E6720666F72206120636FB8
S3159002A3606E6E656374696F6E0D0A00436F6E736FDE
S3159002A3706C655461736B3A2054656C6E65742043B8
S3159002A3806F6E6E656374696F6E20282564290D0A57
S3159002A39000436F6E736F6C655461736B3A20476FAF
S3159002A3A074204461746120282564290D0A00436F44
S3159002A3B06E736F6C655461736B3A2054696D656FF9
S3159002A3C0757420636865636B2E2E2E0D0A00436F9B
S3159002A3D06E736F6C655461736B3A20436F6E736FD5
S3159002A3E06C65206C696E6B2074696D656F757421EE
S3159002A3F00D0A00436F6E736F6C655461736B3A20EE
S3159002A400436F6E6E656374696F6E20636C6F73656E
S3159002A410642E0D0A00436F6E736F6C655461736B95
S3159002A4203A20436F6D6D616E64207461626C652033
S3159002A4306F766572666C6F77210D0A004C6F67674F
S3159002A440696E67206F75742E2E2E0A000C00436F6C
S3159002A4506E736F6C655461736B3A205461736B20A3
S3159002A4604576656E74202825642C25642C272563F1
S3159002A47027290D0A00436F6E736F6C655461736B77
S3159002A4803A205461736B204576656E742028256454
S3159002A4902C25642C307825322E3278290D0A0059D3
S3159002A4A06F75206861766520616C7465726564204B
S3159002A4B073657474696E677320696E206D656D6FCE
S3159002A4C0727920746861742068617665206E6F7403
S3159002A4D0206265656E20736176656420746F204E86
S3159002A4E0564D2E0A005468657365207365747469B7
S3159002A4F06E67732077696C6C206265206C6F7374DB
S3159002A50020696620796F75207265626F6F74206E0E
S3159002A5106F772E0A00456E746572202279657322D2
S3159002A5202028696E206C6F77657220636173652946
S3159002A53020746F20636F6E6669726D2C20616E79DE
S3159002A5407468696E6720656C736520746F206162AA
S3159002A5506F72742E0A00796573004F4B2C206E65CC
S3159002A560766572206D696E642E2E2E0A0041626F98
S3159002A5707274696E67210A005265626F6F74696EB2
S3159002A580672E2E2E0A00486D6D2C206469646E2704
S3159002A59074207265626F6F7420666F7220736F6D2E
S3159002A5A06520726561736F6E2E2E2E0A00726F6F22
S3159002A5B074004775657374002A3E00436F6E736F1D
S3159002A5C06C655461736B3A2053746172740D0A0010
S3159002A5D0436F6E736F6C655461736B3A20534D2063
S3159002A5E04576656E7420282564290D0A00FFFB01C5
S3159002A5F0FFFB03FFFE220057656C636F6D65207447
S3159002A6006F2074686520002700272000566F7465B6
S3159002A61072322D324B00202853657269616C202369
S3159002A62025642C2053572052657620302E3037528F
S3159002A6302C20323032362D30382D3033290A0055BF
S3159002A6407365726E616D653A200050617373776FB0
S3159002A65072643A20005741524E494E472120576123
S3159002A660746368646F672064697361626C65642E53
S3159002A6700A004772656574696E6773204D617374DB
S3159002A6806572210A00677565737400477265657411
S3159002A690696E6773204775657374210A00726573D4
S3159002A6A0657400666163746F72790052657365743E
S3159002A6B074696E67204E564D20746F20666163747E
S3159002A6C06F72792073657474696E677320616E64B4
S3159002A6D0207265626F6F74696E672E2E2E0A00491C
S3159002A6E06E76616C696420757365726E616D652FA5
S3159002A6F070617373776F72640A006C6F676F7574AB
S3159002A700006578697400436F6D6D616E64206E6F3B
S3159002A710742061207265636F676E697A65642E0A2A
S3159002A720456E7465722068656C7020666F722063E0
S3159002A7306F6D6D616E64206C6973740A00436F6EFF
S3159002A740736F6C655461736B3A204E6577205374C0
S3159002A7506174652025640D0A00436F6D6D616E64A8
S3159002A76073206172653A202873686F727463757488
S3159002A77020696E20706172656E746865736973295B
S3159002A7800A00202D20257320282573290A00202AC5
S3159002A7903E2070726F6D7074206D65616E73207558
S3159002A7A06E73617665642073657474696E67732CD3
S3159002A7B0203E206D65616E7320616C6C20736574AA
S3159002A7C074696E67732073617665642E0A00436FAF
S3159002A7D06D6D616E64206E6F7420666F756E642EF9
S3159002A7E0202054797065202768656C702720666FE3
S3159002A7F07220612066756C6C20636F6D6D616E64FC
S3159002A800206C6973742E0A0073686F7700457874AA
S3159002A810656E6465642068656C7020697320666FE6
S3159002A82072207365742F73686F7720636F6D6D6195
S3159002A8306E64206F6E6C792E0A0053796E7461780D
S3159002A840206572726F722C202768656C702720665D
S3159002A8506F72206C697374206F6620636F6D6D6181
S3159002A8606E6473206F72202768656C70205B636FCD
S3159002A8706D6D616E645D20666F722073796E746120
S3159002A880780A007265626F6F74202D207265626F0E
S3159002A8906F7420746865206465766963650A0072D0
S3159002A8A065626F6F74006C6F676F7574202D204CA4
S3159002A8B06F67206F7574206F662074686520746563
S3159002A8C0726D696E616C2073657373696F6E0A003F
S3159002A8D068656C70202D2068656C70207769746845
S3159002A8E020636F6D6D616E64730A202768656C7064
S3159002A8F027206C6973747320616C6C20636F6D6D25
S3159002A900616E64730A202768656C70205B636F6D55
S3159002A9106D616E645D2073686F777320636F6D6D82
S3159002A920616E642073796E7461780A00686C700047
S3159002A93068656C7000636C73202D20636C65617220
S3159002A940207468652073637265656E0A2053656E1E
S3159002A9506420414E53492F5654313030204646207A
S3159002A96028666F726D20666565642920746F206310
S3159002A9706C656172207468652073637265656E0A90
S3159002A98000636C730043434D49566F746572004180
S3159002A990534C33566F7465004D61737465725F43A1
S3159002A9A06F6E74726F6C006E3063616C6C2E64792C
S3159002A9B06E646E732E6E6574004E6F742061207293
S3159002A9C065636F676E697A6564204449414C20736A
S3159002A9D0657474696E67206F72206D697373696EA0
S3159002A9E0672F657874726120617267756D656E7492
S3159002A9F02C20656E746572202773686F7720646960
S3159002AA00616C2720666F72206C6973742E0A0053EC
S3159002AA106F7272792C206E6F7420616363657373A3
S3159002AA2069626C65207769746820677565737420AE
S3159002AA306C6F67696E2E0A004449414C20536572C9
S3159002AA40766572204950202869662073746174690C
S3159002AA5063293A00556E617574686F72697A656496
S3159002AA60206368616C6C656E67652072617465209F
S3159002AA70286D73293A004449414C20536572766594
S3159002AA80722055445020506F72743A202020202014
S3159002AA9020202020202020005472616E736D6974EC
S3159002AAA0206275666665722064656C617920286D90
S3159002AAB073293A00436F6D7072657373696F6E3A5C
S3159002AAC0005061636B65742054696D696E67204DA1
S3159002AAD06F64653A004449414C20536572766572BB
S3159002AAE0204950204163717569736974696F6E204C
S3159002AAF06D6F64653A00486F737420506173737713
S3159002AB006F72643A00566F746572204368616C6C1A
S3159002AB10656E676520737472696E673A00566F74D4
S3159002AB2065722050617373776F72643A004449413B
S3159002AB304C20536572766572204651444E3A0052C5
S3159002AB40657374617274696E67204449414C2063DF
S3159002AB506F6D6D732E2E2E0A005468652070617289
S3159002AB60616D6574657220796F75206A757374204C
S3159002AB706368616E676564207265717569726573E3
S3159002AB802061207265626F6F7420746F2074616B9E
S3159002AB9065206566666563742E0A00536176696EF2
S3159002ABA0672073657474696E6773206669727374CD
S3159002ABB020776F756C64206265206120676F6F6481
S3159002ABC0206964656120746F6F2E00556E7361768D
S3159002ABD06564206368616E67657320617265206C37
S3159002ABE06F7374206F6E207265626F6F7421203A54
S3159002ABF0290A00526573657474696E6720475053CB
S3159002AC002053796E632E2E2E0A002020202020209B
S3159002AC1020202020204449414C205365727665724B
S3159002AC2020495020286966207374617469632920CB
S3159002AC302D20253132732028253373293A0020207E
S3159002AC40202020204449414C2073657276657220FB
S3159002AC504950206163717569736974696F6E206D6D
S3159002AC606F6465202D202531327320282533732970
S3159002AC703A2025730A002020202020202020202000
S3159002AC80202020204449414C2053657276657220DB
S3159002AC907265736F6C766564204950202D2025313C
S3159002ACA032732028253373293A0020202020202031
S3159002ACB020202020202020202020204449414C2062
S3159002ACC05365727665722055445020506F72742087
S3159002ACD02D20253132732028253373293A20256475
S3159002ACE00A002020202020556E617574686F726963
S3159002ACF07A6564206368616C6C656E6765207261C3
S3159002AD00746520286D7329202D20253132732028D1
S3159002AD10253373293A2025640A00547820427566B1
S3159002AD206665722F53696D756C63617374206C617D
S3159002AD30756E63682044656C617920286D7329204D
S3159002AD402D20253132732028253373293A20256404
S3159002AD502E25362E36640A00202020202020202000
S3159002AD60202020202020202020202020202020204B
S3159002AD702020436F6D7072657373696F6E202D20FC
S3159002AD80253132732028253373293A2025730A00F8
S3159002AD90202020202020202020202020202020201B
S3159002ADA02020205061636B65742054696D696E67CB
S3159002ADB0204D6F6465202D2025313273202825334E
S3159002ADC073293A2025730A00202020202020202053
S3159002ADD020202020202020202020202020202020DB
S3159002ADE0486F73742050617373776F7264202D204D
S3159002ADF0253132732028253373293A2025730A0088
S3159002AE0020202020202020202020202020202020AA
S3159002AE1020202020202020566F7465722050617366
S3159002AE2073776F7264202D20253132732028253353
S3159002AE3073293A2025730A002020202020202020E2
S3159002AE4020202020202020566F746572204368614E
S3159002AE506C6C656E676520737472696E67202D20BF
S3159002AE60253132732028253373293A2025730A0017
S3159002AE70202020202020202020202020202020203A
S3159002AE8020202020204449414C20536572766572D9
S3159002AE90204651444E202D202531327320282533C9
S3159002AEA073293A2025730A004469616C207365748C
S3159002AEB074696E6720636F6D6D616E64206E6F74D8
S3159002AEC020666F756E642E202054797065202768EF
S3159002AED0656C702073686F77206C6F63616C272046
S3159002AEE0666F7220612066756C6C206C6973742E25
S3159002AEF00A006469616C2069706D6F6465006469AB
S3159002AF00616C20636F6D7072657373696F6E0064A6
S3159002AF1069616C207061636B657474696D696E6743
S3159002AF20006469616C20756E61757468726174658E
S3159002AF30006469616C20706F7274006469616C2040
S3159002AF407478646C79006469616C20737461746955
S3159002AF50636970006469616C20766F746572636868
S3159002AF60616C006469616C20766F74657270776447
S3159002AF70006469616C20686F7374707764006469A9
S3159002AF80616C206671646E006469616C2073746191
S3159002AF907469636970205B6970616464725D202D67
S3159002AFA0204449414C20736572766572204950203F
S3159002AFB06164647265737320286966206469616C42
S3159002AFC02069706D6F64652069732073746174690A
S3159002AFD063290A006469616C2061637475616C69A6
S3159002AFE070202D205265736F6C76656420444941BA
S3159002AFF04C2049502061646472657373202873688B
S3159002B0006F77206F6E6C79290A006469616C207083
S3159002B0106F7274205B706F72746E756D5D202D20E9
S3159002B0204449414C2073657276657220495020508E
S3159002B0306F72740A006469616C20756E61757468CA
S3159002B04072617465205B6D735D202D20556E6175FE
S3159002B05074686F72697A6564207265747279207207
S3159002B06061746520283130302D31303030306D7337
S3159002B070290A006469616C207478646C79205B6D2E
S3159002B080735D202D205472616E736D6974206465B0
S3159002B0906C617920666F7220627566666572696EFA
S3159002B0A06720616E642073696D756C636173742039
S3159002B0B06C696E6575702E0A20202044656C6179E4
S3159002B0C02063616E20626520646F776E20746F20B4
S3159002B0D06E73207573696E6720666C6F6174696EA4
S3159002B0E06720706F696E7420666F726D61740A0064
S3159002B0F06469616C20636F6D7072657373696F6E4C
S3159002B100205B756C61777C616470636D5D202D2028
S3159002B110436F6D7072657373696F6E206D6F646540
S3159002B1202E20204E6F74652C207468652044494108
S3159002B1304C0A202020736572766572206465746568
S3159002B140726D696E657320746869732C20736F20B3
S3159002B1507468697320636F6D6D616E642069736E36
S3159002B160277420757365642E0A006469616C207079
S3159002B17061636B657474696D696E67205B67707CD9
S3159002B1806770737C66616B656770735D202D205066
S3159002B19061636B65742074696D657374616D7020FB
S3159002B1A06D6F64650A202D206770202D2047656E8D
S3159002B1B06572616C20507572706F736520706163F1
S3159002B1C06B65742074696D696E670A202D206770AD
S3159002B1D073202D204750532D74696D6564207061DC
S3159002B1E0636B6574730A202D2066616B6567707355
S3159002B1F0202D20416E206578706572696D656E743A
S3159002B200616C206D6F64652E204E6F742075736528
S3159002B21066756C2D2D7965740A006469616C206976
S3159002B220706D6F6465205B7374617469637C646E20
S3159002B230735D202D204D6574686F6420746F207243
S3159002B24065736F6C766520746865204449414C201D
S3159002B250495020616464726573732E0A202D20739F
S3159002B2607461746963202D207573652061646472BC
S3159002B27065737320696E206469616C20737461745E
S3159002B2806963207365747474696E670A202D2064ED
S3159002B2906E73202D2075736520646E7320616E64C3
S3159002B2A0204651444E20746F2066696E642064690C
S3159002B2B0616C20495020616464726573730A0064FC
S3159002B2C069616C20686F7374707764205B707764C1
S3159002B2D05D202D20546869732069732074686520F7
S3159002B2E073686172656420686F737420706173739A
S3159002B2F0776F726420666F722074686520646961E4
S3159002B3006C0A202020736572766572202831362069
S3159002B3106368617273206D6178290A006469616C51
S3159002B32020766F7465726368616C205B6368616C8A
S3159002B3305D202D2054686520566F746572322063A5
S3159002B34068616C6C656E676520737472696E67204E
S3159002B350283136206368617273206D6178290A00FC
S3159002B3606469616C20766F746572707764205B7025
S3159002B37077645D202D205468697320697320746800
S3159002B3806520756E697175652070657220766F7429
S3159002B39065722070617373776F726420666F722024
S3159002B3A07468650A2020206469616C2073657276E0
S3159002B3B0657220283136206368617273206D6178D8
S3159002B3C0290A006469616C206671646E205B706103
S3159002B3D074685D202D20466F722020444E53206C57
S3159002B3E06F6F6B75702C2074686973206973207403
S3159002B3F06865207061746820746F2073656E64202E
S3159002B400746F0A202020444E5320746F2072657305
S3159002B4106F6C766520746F20616E2049502061644E
S3159002B420647265737320666F7220746865204449EE
S3159002B430414C207365727665720A006469616C206C
S3159002B44072657374617274202D20546869732064D6
S3159002B450697361626C6573204449414C20636F6DD8
S3159002B4606D7320666F722061626F757420352073DA
S3159002B47065636F6E647320746F0A202020666F7204
S3159002B480636520612072652D6E65676F746961745C
S3159002B490696F6E20776974682074686520444941A3
S3159002B4A04C207365727665722E20204D6F73746C84
S3159002B4B07920666F720A202020746573742F6465F2
S3159002B4C062756767696E6720707572706F73657360
S3159002B4D00A00737461746963007374610067656EC0
S3159002B4E06572616C0067656E0066616B6567707305
S3159002B4F00066677073006D756C6177006164706346
S3159002B5006D007369700061637475616C6970006136
S3159002B5106970007561720074786400636D70007072
S3159002B520746D0069706D006368610076707700686B
S3159002B53070770070727400726573746172740072BF
S3159002B540737400414450434D004D754C61770044ED
S3159002B55069616C496E5461736B3A2053746172746B
S3159002B5600D0A004469616C496E5461736B3A2044CA
S3159002B57049414C2073657276657220444E53204C35
S3159002B5806F6F6B7570206661696C6564210D0A0038
S3159002B5904469616C496E5461736B3A206E6574634B
S3159002B5A06F6E6E5F6E6577202825382E3878290D56
S3159002B5B00A004469616C496E5461736B3A206E65F8
S3159002B5C074636F6E6E5F636F6E6E6563742028250B
S3159002B5D0382E3878290D0A004469616C5461736B70
S3159002B5E03A2044652D417574686F72697A65642054
S3159002B5F06279204449414C210D0A004469616C5498
S3159002B60061736B3A20417574686F72697A656421C9
S3159002B61020282573290D0A004469616C5461736B65
S3159002B6203A204449414C206661696C65642063689E
S3159002B630616C6C656E67652F726573706F6E7365FC
S3159002B640210D0A004469616C5461736B3A205278F9
S3159002B650417574683A2054696D65203D203078258D
S3159002B660382E38782C20486F737420466C61672088
S3159002B670427974653A20307825322E32780D0A0056
S3159002B6804469616C5461736B3A20754C61772054AE
S3159002B690782054533A2025752E25303975206465C5
S3159002B6A06C7461202536640D0A004469616C54619C
S3159002B6B0736B3A2053656E64696E67204175746840
S3159002B6C0206C656E2025640D0A004469616C546194
S3159002B6D0736B3A20754C61772052782054533A20F6
S3159002B6E025752E253039752064656C746120253652
S3159002B6F0640D0A004469616C4F75745461736B3AB8
S3159002B7002053746172740D0A0025372E37732563A0
S3159002B7100025382E387325630025342E34642E3056
S3159002B720004469616C5461736B3A204C6F73742058
S3159002B7304449414C2053657276657220636F6D6DF4
S3159002B74073210D0A004C5749503A204C696E6B2072
S3159002B75069732075702025730D0A004C5749503A2B
S3159002B760204C696E6B20697320646F776E0D0A00A8
S3159002B77045746865726E65745461736B3A2053743E
S3159002B7806172740D0A00457468546F705461736BDC
S3159002B7903A20507265204D595F4C5749505F496E19
S3159002B7A069740D0A00457468546F705461736B3AEC
S3159002B7B020506F7374204D595F4C5749505F496EB4
S3159002B7C069740D0A004750532044656C7461204F8A
S3159002B7D04F42212025640D0A004750532054696D2B
S3159002B7E03220495251203A20434331203D2025753B
S3159002B7F02064656C74612025640D0A0047505320BD
S3159002B800446174613A2025322E32642F25322E32CB
S3159002B810642F25322E32642025322E32643A253216
S3159002B8202E32643A25322E32642E25332E336420FC
S3159002B83055543A2025750D0A004750532044617499
S3159002B840613A2025732563202573256320416C7404
S3159002B8503A25642053743A25630D0A0047505320C3
S3159002B860446174613A204F4B202532642042532022
S3159002B87025326420424320253264204920253264B1
S3159002B8800D0A0047505320495352312025382E38FD
S3159002B890780D0A0047505320444D412072657374C7
S3159002B8A06172740D0A0047505320554152542049F3
S3159002B8B05251202533642D2533642028253364295B
S3159002B8C020222573220D0A0024474E524D4300240E
S3159002B8D0474E474741002447504753560025730029
S3159002B8E0496E76616C696420706172616D6574658A
S3159002B8F0722C207365652068656C702E0A004175FE
S3159002B90064696F205061636B6574204A69747465CB
S3159002B9107220486973746F6772616D0A0020206D98
S3159002B9207320202020636F756E7420677261706831
S3159002B9300A002533642D25336420253564200020A2
S3159002B94020203E25336420253564200041756469A4
S3159002B9506F205061636B6574204E6574776F726B5E
S3159002B9602044656C617920486973746F6772616D62
S3159002B9700A002020206D732020202020636F756E90
S3159002B980742067726170680A003D3D3D3D3D3D3DC4
S3159002B9903D3D203D3D3D3D3D203D3D3D3D3D3D3D79
S3159002B9A03D3D3D3D3D3D3D3D3D3D3D3D3D3D3D3D2F
S3159002B9B03D3D3D3D3D3D3D3D3D3D3D3D3D3D3D3D1F
S3159002B9C03D3D3D3D3D3D3D3D3D3D3D0A0025346479
S3159002B9D02D253464202535642000202020203E2504
S3159002B9E0346420253564200073746F70006E65741C
S3159002B9F064656C6179202D205B73746172747C73BB
S3159002BA00746F707C72657365747C73686F775D20F2
S3159002BA10417564696F207061636B6574206E65749D
S3159002BA20776F726B2064656C6179206D6561737551
S3159002BA3072657220636F6E74726F6C730A20202027
S3159002BA4020202020202020207374617274202D20C3
S3159002BA507374617274206D6561737572696E670A2B
S3159002BA60202020202020202020202073746F7020F8
S3159002BA702D2073746F70206D6561737572696E6730
S3159002BA800A20202020202020202020207265736505
S3159002BA9074202D20726573657420636F756E74655C
S3159002BAA072730A20202020202020202020207368D4
S3159002BAB06F77202D2073686F77206E657464656C3E
S3159002BAC0617920686973746F6772616D0A006E643A
S3159002BAD06C006E657464656C6179006A69747465EC
S3159002BAE072202D205B73746172747C73746F707C98
S3159002BAF072657365747C73686F775D20417564694E
S3159002BB006F207061636B6574206A697474657220C4
S3159002BB106D6561737572657220636F6E74726F6C08
S3159002BB20730A2020202020202020207374617274B2
S3159002BB30202D207374617274206D656173757269BC
S3159002BB406E670A20202020202020202073746F7098
S3159002BB50202D2073746F70206D6561737572696E96
S3159002BB60670A202020202020202020726573657489
S3159002BB70202D20726573657420636F756E7465727D
S3159002BB80730A20202020202020202073686F77209F
S3159002BB902D2073686F77206A69747465722068695C
S3159002BBA073746F6772616D0A006A6974006A697468
S3159002BBB0746572004772656574696E677320667202
S3159002BBC06F6D20204954434D202073706163652127
S3159002BBD020307825382E38780A0031304D003130B1
S3159002BBE0304D0048445800464458004B535A38301A
S3159002BBF038313A204C696E6B207570202825732F48
S3159002BC002573292E0D0A004D61696E5461736B205E
S3159002BC103A2054782F5278205050532825642C2558
S3159002BC20642C25642C25642C25642C25642C25648F
S3159002BC30202F2025642C25642C25642C25642C2504
S3159002BC40642C25642C2564292000207C20435055A1
S3159002BC5020256425250D0A004D61696E5461736B2A
S3159002BC60203A2053746172740D0A004E6F206172ED
S3159002BC7067756D656E74732C207472792068656C25
S3159002BC8070206D74727370692E0A0042616420701E
S3159002BC906172616D657465722C2074727920686523
S3159002BCA06C70206D74727370692E0A00466F7220E2
S3159002BCB07478642074686520706172616D657465CC
S3159002BCC07220697320612031362D6269742068650D
S3159002BCD07820286E6F203078292076616C75652ED3
S3159002BCE00A0056616C75652077696C6C20626520D6
S3159002BCF073656E74206F6E206E657874204D545203
S3159002BD0020726571756573742E0A004C6173742086
S3159002BD107265636569766564205350492076616CD5
S3159002BD2075652066726F6D20746865204D54523A1F
S3159002BD3020307825342E34782E0A0054696D657336
S3159002BD4074616D702025642C2025646D7320616763
S3159002BD506F2C0A00576967676C696E67204F50545B
S3159002BD605F4952512E2E2E0A004E6F2072657370C5
S3159002BD706F6E736520616674657220312073656398
S3159002BD806F6E642C20676976696E672075702E0ACD
S3159002BD90004D54523230303020726573706F6E643B
S3159002BDA065642077697468696E2025646D730A00EC
S3159002BDB04D5452205350492057726974652C2076FF
S3159002BDC0616C20726563656976656420776173201C
S3159002BDD0307825342E34780D0A004D545220535023
S3159002BDE04920526561642C2076616C2073656E746D
S3159002BDF02077617320307825342E34780D0A0072BC
S3159002BE00786400727478006D7472737069202D2054
S3159002BE105B74786420232323237C7278647C727407
S3159002BE20785D0A202020202020202020747864200B
S3159002BE302D204461746120746F2073656E6420773F
S3159002BE4068656E207265717565737465642C20746D
S3159002BE5068656E20342068657820646967697473B2
S3159002BE600A202020202020202020727864202D2055
S3159002BE705265706F7274206C61737420726563651B
S3159002BE806976656420646174610A202020202020EE
S3159002BE90202020727478202D2041736B204D5452AD
S3159002BEA020746F207265717565737420747864203E
S3159002BEB0646174610A006D7370006D747273706957
S3159002BEC0004772656574696E67732066726F6D203E
S3159002BED05350494E4F5220737061636521203078DA
S3159002BEE025382E38780A00506172616D65746572D4
S3159002BEF0206D757374206265207365742C20737936
S3159002BF006E63206F722073686F772E0A004E656596
S3159002BF10642073697820617267756D656E74732C8F
S3159002BF20207365652068656C700A004572726F723F
S3159002BF30732073657474696E6720746865205254B1
S3159002BF40432074696D652C20636865636B2070610C
S3159002BF5072616D65746572730A0052544320546916
S3159002BF606D6520736574210A00475053206E6F7475
S3159002BF70206C6F636B65642120286E6F74207365E5
S3159002BF807474696E6720525443290A004572726F1F
S3159002BF9072732073657474696E6720746865205233
S3159002BFA054432074696D65210A00525443205469A2
S3159002BFB06D652073796E632764207769746820476C
S3159002BFC05053210A00252E32642F252E32642F25B6
S3159002BFD02E32642000252E32643A252E32643A257A
S3159002BFE02E3264205554430A0073796E630072743C
S3159002BFF063202D205B7365747C73796E637C7368A2
S3159002C0006F775D0A2020202020202073796E63208E
S3159002C0102D2073657473205254432066726F6D207F
S3159002C0204750532074696D650A20202020202020D5
S3159002C030736574207979206D6D2064642068682018
S3159002C0406D6D207373202D20736574205254432096
S3159002C0506D616E75616C6C790A20202020202020FB
S3159002C060202020202055736520323420686F757207
S3159002C0702074696D652C2070726566657261626C5A
S3159002C08079205554430A2020202020202073686F5F
S3159002C09077202D2073686F777320525443207469EA
S3159002C0A06D650A00727463005350494E4F52205286
S3159002C0B0454D5320496E666F3A20307825322E329E
S3159002C0C0782C20307825322E32780A005350494EF9
S3159002C0D04F52204465766963653A204D5832354C05
S3159002C0E0333233330A005350494E4F5220446576C9
S3159002C0F06963653A204D5832354C32353634350AB5
S3159002C100005350494E4F5220446576696365204DDF
S3159002C110697373696E672F756E7265636F676E6901
S3159002C1207A6564210A005350494E4F5220457261F6
S3159002C13073653A20307825382E38780A005350495C
S3159002C1404E4F522045726173653A20446F6E650A6E
S3159002C150005350494E4F522020526561643A203026
S3159002C1607825382E3878206C656E2025640A00531F
S3159002C17050494E4F522057726974653A203078254D
S3159002C180382E3878206C656E2025640A0053504903
S3159002C1904E4F522057726974653A20446F6E650A03
S3159002C1A0005350494E4F522020526561644F54506D
S3159002C1B03A20307825382E3878206C656E202564A2
S3159002C1C00A005350494E4F52204C6F636B696E670B
S3159002C1D0204F54502E2E2E0A005350494E4F522025
S3159002C1E053656375726974792052656720626566D4
S3159002C1F06F726520307825322E32780A0053504974
S3159002C2004E4F5220536563757269747920526567F1
S3159002C21020616674657220307825322E32780A0053
S3159002C2205350494E4F52204F5450204C6F636B657A
S3159002C230640A005350494E4F52204F54502064691D
S3159002C240646E2774206C6F636B210A005365723299
S3159002C2504E657452785461736B3A20527820574FD8
S3159002C2604E54282564290D0A00536572324E657420
S3159002C27052785461736B3A20527820444F28256441
S3159002C280290D0A00536572324E6574527854617361
S3159002C2906B3A20527820444F4E54282564290D0A31
S3159002C2A000536572324E657452785461736B3A20BC
S3159002C2B0436F6E74726F6C2025640D0A005365721B
S3159002C2C0324E657452785461736B3A204E6577207C
S3159002C2D042617564726174653A2025640D0A005351
S3159002C2E06572324E657452785461736B3A204E651C
S3159002C2F077206461746120626974733A2025640DB3
S3159002C3000A00536572324E657452785461736B3A71
S3159002C310204E6577205061726974793A2025730DA3
S3159002C3200A00536572324E657452785461736B3A51
S3159002C330204E65772053746F7020426974733A2049
S3159002C34025730D0A00536572324E657452785461A4
S3159002C350736B3A2053422825642C25642C25642934
S3159002C3600D0A00536572324E657452785461736B3E
S3159002C3703A205342204F7074696F6E2028256429A3
S3159002C380204E6F742068616E646C65642E0D0A008F
S3159002C390536572324E657452785461736B3A205477
S3159002C3A07820444F282564290D0A00536572324E2F
S3159002C3B0657452785461736B3A20547820444F4E88
S3159002C3C054282564290D0A00536572324E657452BB
S3159002C3D0785461736B3A2052782057494C4C2825F1
S3159002C3E064290D0A00536572324E6574527854610F
S3159002C3F0736B3A2053746172740D0A0053657232EC
S3159002C4004E657452785461736B3A206E6574636F9D
S3159002C4106E6E5F6E65772028307825382E387829AB
S3159002C4200D0A00536572324E657452785461736B7D
S3159002C4303A2057616974696E6720666F722061202F
S3159002C440636F6E6E656374696F6E0D0A00536572E3
S3159002C450324E657452785461736B3A2054656C6EA1
S3159002C460657420436F6E6E656374696F6E202825BE
S3159002C47064290D0A00536572324E6574527854617E
S3159002C480736B3A20554152542052782064617461FC
S3159002C49020282564290D0A00536572324E6574521E
S3159002C4A0785461736B3A2055415254205278204405
S3159002C4B04D41206F757420282564290D0A00536515
S3159002C4C072324E657452785461736B3A20476F7428
S3159002C4D0204950204461746120282564290D0A0060
S3159002C4E0536572324E657452785461736B3A205525
S3159002C4F041525420547820646174613A202825640C
S3159002C500290D0A00536572324E65745278546173DE
S3159002C5106B3A20436F6E6E656374696F6E20636CBF
S3159002C5206F73656420627920636C69656E740D0A17
S3159002C530005175657279004E6F6E65004F646400A6
S3159002C5404576656E0025732025642E25642E256416
S3159002C5502E25640A004E6F742061207265636F67A0
S3159002C5606E697A656420706172616D657465722C0C
S3159002C570207472792068656C702073686F772E0AC2
S3159002C58000566F7465723220495020416464726518
S3159002C59073733A00566F74657232205375626E6584
S3159002C5A0743A00566F74657232204761746577618A
S3159002C5B0792049503A00566F7465723220444E5330
S3159002C5C03A0042656C6F7720697320612073756DAE
S3159002C5D06D617279206F66207468652075736572D5
S3159002C5E02045746865726E65742073657474696E9D
S3159002C5F067732D2D75736564206F72206E6F742E1E
S3159002C6000A00202D20566F7465723220537461741D
S3159002C61069632049502041646472657373203A00BD
S3159002C620202D2020202020566F746572322053745C
S3159002C63061746963205375626E6574203A00202D89
S3159002C64020566F7465723220537461746963204701
S3159002C650617465776179204950203A00202D202017
S3159002C660202020202020566F7465723220537461E8
S3159002C67074696320444E53203A00202D20566F74DD
S3159002C6806572322049502061637175697369746964
S3159002C6906F6E206D6F64653A002A2A2A2053746160
S3159002C6A07469632073657474696E677320617265C9
S3159002C6B02069676E6F72656420696E2044484350A4
S3159002C6C0206D6F64652E202A2A2A0A00456E7465AB
S3159002C6D07220277374617475732065746865726EBF
S3159002C6E065742720746F20736565207265736F6C0D
S3159002C6F0766564206164647265737365732E0A004D
S3159002C700544654502053657276657220416464642F
S3159002C710726573733A004750532052656365697622
S3159002C7206572206261756420726174653A00257340
S3159002C7302025750A00566F74657232207365726988
S3159002C740616C206E756D6265723A00566F74657291
S3159002C7503220486172647761726520526576697398
S3159002C760696F6E3A2025642E25322E32640A00476E
S3159002C77075657374204C6F67696E20506173737719
S3159002C7806F72643A00526F6F74204C6F67696E20B5
S3159002C79050617373776F72643A00566F74657273F1
S3159002C7A0206E616D652028666F7220434C49293A46
S3159002C7B0002537733A2025730A004C6F6767696EB6
S3159002C7C067206C6576656C7320617265206E6F6EFC
S3159002C7D0652C206D616A6F722C20737570706F7202
S3159002C7E0742C20616E6420696F2E0A004E6F7465F8
S3159002C7F02074686174206C6F6767696E67206C65D8
S3159002C80076656C7320617265206E6F7420736176A3
S3159002C8106564206163726F7373207265626F6F7461
S3159002C820732E0A00566F746572322D324B20526502
S3159002C8307620312E31300A0053706F6E736F7265A7
S3159002C840642062793A0A005761796E6520285730DA
S3159002C850415250290A00436F6C6F7261646F204394
S3159002C8606F6E6E656374696F6E2028636F6C636F0B
S3159002C8706E2E6F7267290A00526F636B79204D6F25
S3159002C880756E7461696E2048616D2028726D68615B
S3159002C8906D2E6F7267290A0044657369676E2074FC
S3159002C8A065616D3A0A00202042656E20284B43321C
S3159002C8B0564A57290A002044617665202857413105
S3159002C8C04A484B290A0020446F756720284B32410B
S3159002C8D044290A004A616D657320284B49304B4EB4
S3159002C8E0290A00204A65666620284B304A53432916
S3159002C8F00A00204D61726B20284E3743544D290A07
S3159002C900002057696C6C20284E30584741290A00FE
S3159002C9104F70656E20536F757263652048617264BD
S3159002C920776172650A004F70656E20536F757263F8
S3159002C9306520536F6674776172650A00475053207B
S3159002C94031505053206163746976652065646765DA
S3159002C9503A00416E616C6F672050726F6265205328
S3159002C9606F757263653A00536572324E65742049EB
S3159002C9705020506F72743A00536572324E6574202D
S3159002C980527820506F6C6C2054696D6520286D73B7
S3159002C990293A0053656520677073626175642061F8
S3159002C9A06E6420677073656467650A0052782044E6
S3159002C9B06574656374204D6F64653A0052535349AA
S3159002C9C0204D6574686F643A0042656C6F7720619A
S3159002C9D072652074686520616E616C6F6720525330
S3159002C9E053492076616C75657320666F7220616E0D
S3159002C9F02052535349206F66203020616E64203254
S3159002CA0035352E0A005468652064426D2076616C35
S3159002CA1075652069732070657220746865204D541F
S3159002CA20522D3230303020737065632066726F6D8E
S3159002CA302074686520766F6C746167652E0A005261
S3159002CA40535349202041444320566F6C74732020DF
S3159002CA5064426D0A003D3D3D3D203D3D3D3D203DBC
S3159002CA603D3D3D3D203D3D3D3D0A0020202030206C
S3159002CA70253464202532642E25322E3264202534C4
S3159002CA80640A002032353520253464202532642EFE
S3159002CA9025322E3264202534640A005643584F209C
S3159002CAA043616C6962726174696F6E2056616C75CE
S3159002CAB0653A00446562756720466C616720256415
S3159002CAC0203D2025640A0043757272656E74204873
S3159002CAD0414C2054696D657374616D702028732979
S3159002CAE03A202537642E25332E33640A0054696D15
S3159002CAF0657374616D702873292020202054696DA6
S3159002CB00652041676F202020202020204944202044
S3159002CB1020446174612028646563292044617461AC
S3159002CB202028686578290A003D3D3D3D3D3D3D3DC5
S3159002CB303D3D3D3D203D3D3D3D3D3D3D3D3D3D3DAA
S3159002CB40203D3D3D3D3D3D3D3D3D3D203D3D3D3DB7
S3159002CB503D3D3D3D3D3D203D3D3D3D3D3D3D3D3D8A
S3159002CB603D0A00202537642E25332E33642025373F
S3159002CB70642E25332E3364202531306420253130BE
S3159002CB806420307825382E38780A004E6F20457604
S3159002CB90656E7473210A0042652061776172652021
S3159002CBA0746861742074696D657374616D707320B5
S3159002CBB0726F6C6C206F76657220657665727920DD
S3159002CBC03439206461797320287E312C3330302CAD
S3159002CBD0303030207365636F6E6473292E0A004C71
S3159002CBE06F675B2532645D3D2533642C2000416C72
S3159002CBF06C206572726F72206C6F6720656E7472AC
S3159002CC0069657320617265207A65726F210A00499F
S3159002CC106E76616C696420495020616464726573B2
S3159002CC20730A002573206E6F772025642E25642E55
S3159002CC3025642E25640A00496E76616C6964206FBC
S3159002CC4072206F7574206F662072616E6765206EB2
S3159002CC50756D6265722C2072616E676520697320AC
S3159002CC60256420746F2025642E0A002573206E6F2A
S3159002CC70772025750A002573206E6F772025752EED
S3159002CC8025362E36750A00496E76616C6964207077
S3159002CC906172616D657465722E0A506172616D651D
S3159002CCA0746572732063616E2062653A2000257303
S3159002CCB020002573206E6F772025730A00496E76C1
S3159002CCC0616C696420706172616D657465722E0A19
S3159002CCD0506172616D65746572732063616E2062D4
S3159002CCE0653A206F6E2F6F66662C20747275652F6B
S3159002CCF066616C73652C206F7220312F300A005357
S3159002CD006F7272792C207468697320706172616D8A
S3159002CD10657465722069736E2774206368616E67A5
S3159002CD206561626C652E0A004D697373696E672040
S3159002CD30706172616D657465720A00537472696E80
S3159002CD406720746F6F206C6F6E670A004E6F742047
S3159002CD5061207265636F676E697A6564207061722D
S3159002CD60616D657465722C207472792068656C7039
S3159002CD70207365742E0A004D697373696E6720730A
S3159002CD80657474696E6720666F7220746865207028
S3159002CD906172616D657465720A00544654502053EF
S3159002CDA0657276657220416464726573733A004760
S3159002CDB05053204261756420726174653A006C6FBB
S3159002CDC0636B00506172616D6574657273206172F6
S3159002CDD0652073657269616C206E756D62657220ED
S3159002CDE02833322D626974292C206D616A6F722004
S3159002CDF04857205265762028302D323535292C20F9
S3159002CE00616E64206D696E6F722048572052657606
S3159002CE102028302D3939290A00506172616D657466
S3159002CE206572206572726F72732E0A00492068616C
S3159002CE3076652053657269616C206E756D62657256
S3159002CE4020256420616E6420486172647761726500
S3159002CE50205265762025642E253032640A00497365
S3159002CE602074686973207768617420796F7520776A
S3159002CE70616E7420746F2070726F6772616D206933
S3159002CE806E746F204F54503F0A00544849532049BC
S3159002CE905320495252455645525349424C452121B7
S3159002CEA00A3D3D3D3D3D3D3D3D3D3D3D3D3D3D3D4D
S3159002CEB03D3D3D3D3D3D3D0A00412072616E646FB0
S3159002CEC06D697A6564204D4143204164647265734D
S3159002CED0732077696C6C20616C736F206265206732
S3159002CEE0656E65726174656420616E6420736176A5
S3159002CEF0656420696E204F54502E0A00456E746503
S3159002CF00722022796573222028696E206C6F77656C
S3159002CF107220636173652920746F20636F6E6669F0
S3159002CF20726D2E0A0050726F6772616D6D696E67CF
S3159002CF30204F54502E2E2E0A0050726F626C656DE1
S3159002CF4073206372656174696E6720746865204D9B
S3159002CF50414320416464726573732C2061626F72DF
S3159002CF6074696E672E2E2E0A00506C656173652069
S3159002CF707265626F6F7420666F72207365747469DE
S3159002CF806E677320746F2074616B65206566666543
S3159002CF9063742E0A00566F7465723220495020418E
S3159002CFA063717569736974696F6E206D6F64653AA2
S3159002CFB000506172616D657465727320617265204D
S3159002CFC04D6F64756C6520616E64206465627567E9
S3159002CFD0206C6576656C2028747970652073686F0D
S3159002CFE077206C6F6767696E6720746F20736565CB
S3159002CFF02073657474696E6773292E0A0050617284
S3159002D000616D65746572206572726F72202874798B
S3159002D01070652073686F77206C6F6767696E67209B
S3159002D020746F2073656520706172616D6574657247
S3159002D03073292E0A004750532044657669636573B7
S3159002D04020737570706F7274656420617265206C5E
S3159002D0506976346620616E64206D386E2E0A0046BB
S3159002D0606F722025732C204261756420736574203B
S3159002D070746F2025642C206564676520736574201F
S3159002D080746F2025732E0A00536572324E65742092
S3159002D090527820506F6C6C2074696D6520286D7380
S3159002D0A0293A005278204465746563743A000A53AB
S3159002D0B0657420796F7572207365727669636520DF
S3159002D0C06D6F6E69746F7220746F206120314B4858
S3159002D0D07A20746F6E65207769746820334B487A2C
S3159002D0E020646576696174696F6E2E0A0050726566
S3159002D0F07373202761272061667465722061646A62
S3159002D100757374696E6720746865207369676E615A
S3159002D1106C20666F722061207265636569766572AE
S3159002D1202073656E7369746976697479206F662067
S3159002D13031322064422053494E41442E0A005072A5
S3159002D1406573732027712720616674657220696EF4
S3159002D1506372656173696E67207468652067656E30
S3159002D160657261746F722062792032352064422E24
S3159002D1700A0050726573732027732720746F207389
S3159002D1806176652074686520726573756C74732018
S3159002D19028796F752063616E207072657373207142
S3159002D1A020616E642061206D756C7469706C652067
S3159002D1B074696D65732C206C617374206F6E652033
S3159002D1C075736564292E0A005072657373202778E9
S3159002D1D02720746F2061626F727420746865207064
S3159002D1E0726F6365737320616E64206B65657020E0
S3159002D1F06F6C642076616C7565732E0A0050726549
S3159002D200737320616E79206B657920746F207374C5
S3159002D2106172742E2054686520532F4E206261727B
S3159002D22020697320746865726520666F72206775CF
S3159002D2306964616E63652E0A0A002573202564204F
S3159002D240005253534920323535202866756C6C202E
S3159002D250717569657429207365742E0A0052535349
S3159002D260492030202861756469626C65292073654E
S3159002D270742E0A00596F7572206E6F69736520520B
S3159002D2805353492073657474696E67206973206875
S3159002D2906967686572207468616E2066756C6C2029
S3159002D2A07175696574696E67210A00596F75207088
S3159002D2B0726F6261626C7920676F74202771272082
S3159002D2C0616E6420276127206261636B7761726465
S3159002D2D0732E0A0041626F7274696E672077697461
S3159002D2E0686F7574206D616B696E67206368616E95
S3159002D2F06765732E0A00416E616C6F6720525353B5
S3159002D300492063616C6962726174696F6E20636FA2
S3159002D3106D706C6574652E0A0052656D656D6265F9
S3159002D3207220746F20736176652073657474696E6A
S3159002D330677320666F72207468656D20746F2062C1
S3159002D34065207065726D616E656E742E0A00564325
S3159002D350584F2063616C6962726174696F6E207650
S3159002D360616C7565206973206E6F772025750A004A
S3159002D370496E76616C6964206F72206F7574206F46
S3159002D380662072616E6765206E756D6265722C207D
S3159002D39072616E676520697320302D363535333567
S3159002D3A02E0A0053706563696679206E6F207661E6
S3159002D3B06C756520746F20757365206C6F6F702025
S3159002D3C076616C7565206F7220612073696E676CE9
S3159002D3D0652031362D6269742076616C75652E0AE8
S3159002D3E000466C616720706172616D6574657273D7
S3159002D3F02061726520666C6167206E756D626572DA
S3159002D4002028302D25642920616E642076616C7502
S3159002D410652028302D323535290A00506172616DAA
S3159002D42065746572206572726F7220287479706560
S3159002D4302073657420666C61677320746F207365C0
S3159002D4406520706172616D6574657273292E0A002A
S3159002D4505468697320636F6D6D616E642068617341
S3159002D460206E6F20706172616D6574657273212092
S3159002D4700044617461204C6F6767657220656E74B3
S3159002D480726965732068617665206265656E206350
S3159002D4906C65617265642E0A004572726F72204CD9
S3159002D4A06F6720636F756E746572732068617665B7
S3159002D4B0206265656E20636C65617265642E0A00F2
S3159002D4C04E6F20657874656E6465642068656C70CD
S3159002D4D020666F72207468617420636F6D6D616EE1
S3159002D4E0640A2F005365742F53686F7720636F6DAC
S3159002D4F06D616E64206E6F7420666F756E642E20F9
S3159002D5002054797065202768656C702073686F77F0
S3159002D5102720666F7220612066756C6C206C697329
S3159002D520742E0A004572726F72204C6F676765722D
S3159002D5303A204572724C6F675B25645D3D25640D9A
S3159002D5400A004E2F410A006D79737461746963699A
S3159002D55070205B6970616464725D202D20566F74D1
S3159002D5606572322049502061646472657373202813
S3159002D5706966206D7969706D6F6465206973207331
S3159002D5807461746963290A006D797374617469634D
S3159002D590736E205B6970616464725D202D20566F94
S3159002D5A074657232207375626E657420286966207E
S3159002D5B06D7969706D6F6465206973207374617497
S3159002D5C06963290A006D7973746174696367772058
S3159002D5D05B6970616464725D202D20566F7465720A
S3159002D5E032206761746577617920616464726573CC
S3159002D5F07320286966206D7969706D6F64652069FC
S3159002D6007320737461746963290A006D7973746106
S3159002D610746963646E205B6970616464725D202DC7
S3159002D62020566F7465723220444E53206164647240
S3159002D63065737320286966206D7969706D6F64656C
S3159002D64020697320737461746963290A006D79691C
S3159002D650706D6F6465205B737461746963207C205E
S3159002D660646863705D2054686520566F7465723283
S3159002D67073206C6F63616C20495020616371756988
S3159002D680736974696F6E206D6F64650A006574685C
S3159002D69065726E6574202D2053686F772073756D51
S3159002D6A06D657279206F66204574686E65726E65D7
S3159002D6B0742073657474696E6773202873686F77C4
S3159002D6C0206F6E6C79290A006D7973657269616C47
S3159002D6D06E756D202D2053686F7720746875732050
S3159002D6E0566F74657232732073657269616C206EBF
S3159002D6F0756D626572202873686F77206F6E6C798C
S3159002D700290A006D796877726576202D2053686FA5
S3159002D71077207468697320566F74657232732068C5
S3159002D72061726477617265207265766973696F6EEC
S3159002D730202873686F77206F6E6C79290A00677557
S3159002D740657374707764205B70617373776F7264BC
S3159002D7505D202D20546865206775657374206C6F03
S3159002D76067696E2070617373776F726420283135A2
S3159002D7702063686172616374657273206D61782942
S3159002D7800A00726F6F74707764205B70617373773F
S3159002D7906F72645D202D2054686520726F6F7420BD
S3159002D7A06C6F67696E2070617373776F72642028ED
S3159002D7B031352063686172616374657273206D613D
S3159002D7C078290A006C6F6767696E67205B626C6F77
S3159002D7D0636B2076616C7565205D202D20456E61A8
S3159002D7E0626C65206465627567206C6F6767696EA7
S3159002D7F06720627920626C6F636B2E2020426C6F79
S3159002D800636B73206172653A0A202D202020206274
S3159002D8106F6F74203A20426F6F742070726F6365D7
S3159002D82073730A202D206D61696E617070203A20A3
S3159002D8304D61696E2073657175656E6365720A20B6
S3159002D8402D2020657468617070203A204574686551
S3159002D850726E65742073657175656E6365720A2062
S3159002D8602D206574686C776970203A204C77495000
S3159002D87020646961676E6F73746963730A202D20E1
S3159002D8806B737A38303831203A2045746865726EF7
S3159002D89065742050485920646961676E6F73746924
S3159002D8A063730A202D20636F6E736F6C65203A2026
S3159002D8B0436F6E736F6C6520696E74657266616391
S3159002D8C0650A202D2020202020693263203A2049A3
S3159002D8D0324320696E746572666163650A202D20F3
S3159002D8E02020206469616C203A204449414C206989
S3159002D8F06E746572666163650A202D202020202051
S3159002D900677073203A2047505320696E7465726629
S3159002D9106163650A202D202074656C6E6574203AC9
S3159002D9202074656C6E657420696E74657266616347
S3159002D930650A202D2020206C6F63616C203A204C62
S3159002D9406F63616C207265706561746572206D6F2C
S3159002D95064652073657175656E6365720A202D2004
S3159002D960736572326E6574203A2052464332323172
S3159002D9703720696E7465726661636520746F207470
S3159002D98068652072657065617465720A202D202023
S3159002D9907370696E6F72203A20535049204E6F729F
S3159002D9A020647269766572730A202D2020737069DD
S3159002D9B06D7472203A204D5452323030302053508A
S3159002D9C04920696E746572666163650A202D20200E
S3159002D9D0202074667470203A205446545020647203
S3159002D9E0697665720A0A202D202020207663786F48
S3159002D9F0203A205643584F206472697665720A0A15
S3159002DA002056616C75657320666F72206C6F6767BE
S3159002DA10696E6720696E666F726D6174696F6E204A
S3159002DA206172653A0A202D202020206E6F6E652045
S3159002DA303A204C6F6767696E672064697361626C9E
S3159002DA4065642028666F72207468617420626C6FB8
S3159002DA50636B290A202D2020206D616A6F72203A0D
S3159002DA60204D616A6F72206576656E747320286D9B
S3159002DA7061696E6C7920736572696F7573206572D0
S3159002DA80726F7273290A202D20737570706F72747B
S3159002DA90203A204D6F72652064657461696C656485
S3159002DAA0206C6F6767696E6720286E6F74206A753F
S3159002DAB073742065726F7273290A202D202020209C
S3159002DAC02020696F203A2076657279206C6F7720D4
S3159002DAD06C6576656C20696F0A0063726564697419
S3159002DAE073202D20476976696E6720637265646933
S3159002DAF074207768657265206974206973206475ED
S3159002DB006521202873686F77206F6E6C79290A00D9
S3159002DB10677073646576205B6C697634667C6D3863
S3159002DB206E5D202D205468652047505320626175A2
S3159002DB306420616E642061637469766520656467AA
S3159002DB4065206279206D6F64756C650A00677073E3
S3159002DB5062617564205B62617564726174655D2051
S3159002DB602D2047505320696E7465726661636520F5
S3159002DB706261756420726174650A00677073656488
S3159002DB806765205B726973696E67207C2066616C3B
S3159002DB906C696E675D202D2047505320315050534B
S3159002DBA02061637469766520656467650A007072A0
S3159002DBB06F6265205B706F696E745D202D20536570
S3159002DBC074732074686520696E7465726E616C20D8
S3159002DBD0616E616C6F672070726F6265206F75748B
S3159002DBE07075742E2020506F696E74732061726501
S3159002DBF03A0A202D202020206E6F6E65203A205002
S3159002DC00726F6265206469736162656C640A202D25
S3159002DC10202020207278696E203A205261772076F1
S3159002DC20616C75652066726F6D2041444320696E02
S3159002DC307075740A202D202020727864656D203AC2
S3159002DC4020506F73742064652D656D706861736979
S3159002DC50730A202D207278766F696365203A205078
S3159002DC606F737420766F69636562616E642066690C
S3159002DC706C7465720A202D2020207478737263204A
S3159002DC803A2041732064656C697665726564206298
S3159002DC907920746865204449414C20736572766593
S3159002DCA0722028706F7374206465636F6D707265ED
S3159002DCB07373696F6E290A202D2020202074787044
S3159002DCC06C203A2041667465722043544353532024
S3159002DCD061646465722028696620656E61626C650E
S3159002DCE064290A202D20207478746F6E65203A205C
S3159002DCF04166746572205465737420546F6E652004
S3159002DD0061646465722028696620656E61626C65DD
S3159002DD1064290A202D20202074786F7574203A2069
S3159002DD2041732073656E7420746F20746865204405
S3159002DD3041430A202D2020727373736967203A201B
S3159002DD40486967682D70617373207369676E616C39
S3159002DD50207573656420746F2064657465726D694D
S3159002DD606E652061626F76652D62616E6420525394
S3159002DD7053492076616C75650A202D202072737343
S3159002DD806C766C203A20525353492076616C7565B5
S3159002DD9020286E6F7420617564696F2C20616E61A4
S3159002DDA06C6F6720726570726573656E7461746963
S3159002DDB06F6E206F662052535349290A0073326E52
S3159002DDC0706F7274205B706F72746E756D5D202DBC
S3159002DDD0204D5452323030302073657269616C2016
S3159002DDE0696E7465726661636520495020706F72C0
S3159002DDF074202864656661756C742069732032306C
S3159002DE003030290A0073326E7074696D65205B6DCD
S3159002DE10735D202D204D545232303030207365720E
S3159002DE2069616C20706F727420495020706F6C6CAF
S3159002DE30696E672074696D65202864656661756C84
S3159002DE4074206973203130306D73290A0072786DAF
S3159002DE506F6465205B6F66667C636F727C637463C6
S3159002DE6073737C636F7263746373737C6F6E5D207E
S3159002DE702D2053657473207768617420636F6E6486
S3159002DE806974696F6E73206D616B6520666F72201F
S3159002DE90610A76616C69642052782028616E6420EA
S3159002DEA0676574732072657472616E736D6974744A
S3159002DEB06564290A56616C6964206D6F6465732086
S3159002DEC06172653A0A202D2020202020206F6666F6
S3159002DED0203A204E6F7468696E67202852782077B0
S3159002DEE0696C6C206E657665722062652076616CCF
S3159002DEF06964290A202D202020202020636F722019
S3159002DF003A204F6E6C7920612076616C6964204D5F
S3159002DF1054523230303020434F52207369676E61CB
S3159002DF206C2074726967676572732052780A202D25
S3159002DF30202020206374637373203A204F6E6C798D
S3159002DF4020612076616C6964204D545232303030B3
S3159002DF50204354435353207369676E616C207472E5
S3159002DF606967676572732052780A202D20636F72F3
S3159002DF706374637373203A20426F746820434F52DE
S3159002DF8020616E64204354435353206D75737420FD
S3159002DF9062652076616C696420746F207472696719
S3159002DFA06765722052780A202D202020202020207A
S3159002DFB06F6E203A20527820616C77617973207661
S3159002DFC0616C696420282121212920666F72207450
S3159002DFD0657374696E672E2054782074696D656FC7
S3159002DFE075742069732064697361626C65640A0052
S3159002DFF0727373696D6F6465205B616E616C6F6736
S3159002E0007C6870665D202D20525353492076616C50
S3159002E010756520736F757263652E2020536F7572C6
S3159002E0206365206172653A0A202D20616E616C6F7C
S3159002E03067202D204D54523230303020525353495E
S3159002E040207369676E616C2070696E0A202D206854
S3159002E0507066202D2055707065722062616E642004
S3159002E0606E6F697365206C6576656C202873696D31
S3159002E070696C617220746F20566F7465722F525458
S3159002E080434D290A202020546869732069732073AE
S3159002E09074696C6C206265696E672066696E65202C
S3159002E0A074756E65640A00727863616C202D2052D5
S3159002E0B05353492063616C6962726174696F6E2011
S3159002E0C070726F636573732E0A007663786F7661EA
S3159002E0D06C202D205643584F2043616C69627261C1
S3159002E0E074696F6E2076616C75652E0A006D796E15
S3159002E0F0616D65205B6E616D655D202D204F70743C
S3159002E100696F6E616C206E616D6520746F2070759B
S3159002E1107420696E2066726F6E74206F66207468C2
S3159002E1206520636F6D6D616E642070726F6D707431
S3159002E1302E0A20202048616E647920696620796FC4
S3159002E140752068617665206D616E7920566F74656B
S3159002E15072327320616E64206E65656420612072EE
S3159002E160656D696E646572207768696368206F6E03
S3159002E1706520796F750A202020617265206C6F6721
S3159002E18067656420696E20746F2E00666C61677392
S3159002E190205B666C61676E756D2076616C75655DE8
S3159002E1A0202D20466F7220646562756767696E6777
S3159002E1B020707572706F7365732E20205468657324
S3159002E1C065206172652065696768740A20202066F9
S3159002E1D06C61677320746861742063616E206265F6
S3159002E1E020736574206279207468652075736572F0
S3159002E1F0206F7220696E7465726E616C6C792E20D6
S3159002E200205468656972207573652077696C6C0A0B
S3159002E2102020206368616E6765206F766572207430
S3159002E220696D652C206F6E6C7920757365206966B1
S3159002E2302061736B656420746F20646F20736F2006
S3159002E2406279206120646576656C6F7065722E0ABC
S3159002E25000646C6F67676572205B6E6F2070617287
S3159002E260616D735D202D2054686520566F746572BA
S3159002E270322068617320616E20696E7465726E6178
S3159002E2806C2064617461206C6F6767657220666F3B
S3159002E290720A2020207265616C2D74696D65206406
S3159002E2A06562756767696E672E20204572726F7216
S3159002E2B020636F64657320616E642074696D657303
S3159002E2C074616D7073206172652073746F72656488
S3159002E2D020696E20610A2020204649464F206275A9
S3159002E2E0666665722E2020546865206D65616E693A
S3159002E2F06E6773206F662074686520636F646573BA
S3159002E3002077696C6C207661727920626574776584
S3159002E310656E0A2020206669726D77617265207239
S3159002E320656C6561736573206173206E6565647350
S3159002E3302061726973652E2020546869732069730F
S3159002E34020666F7220646576656C6F706572732055
S3159002E3506F6E6C792E0A20202D2073686F77206459
S3159002E3606C6F676765722073686F777320746865E0
S3159002E37020636F6E74656E7473206F662074686521
S3159002E3802064617461206C6F6767657220464946A6
S3159002E3904F2E0A20202D2073657420646C6F676758
S3159002E3A0657220636C65617273206F7574207468F0
S3159002E3B0652064617461206C6F676765720A007488
S3159002E3C066707461646472205B6970616464725D84
S3159002E3D0202D2053657473207468652049502061FE
S3159002E3E064647265737320666F72207468652054D4
S3159002E3F0465450207365727665720A00536574733B
S3159002E4002F73686F777320706172616D6574657230
S3159002E4107320666F7220746865204449414C2028A7
S3159002E42041534C2920636F6D6D756E696361746992
S3159002E4306F6E730A202D20456E746572202773685D
S3159002E4406F77206469616C2720746F2073656520ED
S3159002E450616C6C2074686520706172616D6574651B
S3159002E46072730A202D20456E746572202768656C3A
S3159002E470702073686F77206469616C205B7061723B
S3159002E480616D5D2720666F722064657461696C7335
S3159002E490206F6E2061207370656369666963207070
S3159002E4A06172616D657465720A00536574732F7338
S3159002E4B0686F777320706172616D6574657273208F
S3159002E4C0666F7220746865206C6F63616C207265EA
S3159002E4D07065617465722066756E6374696F6E732A
S3159002E4E00A202D20456E746572202773686F7720F7
S3159002E4F06C6F63616C2720746F2073656520616C05
S3159002E5006C2074686520706172616D657465727352
S3159002E5100A202D20456E746572202768656C7020DE
S3159002E52073686F77206C6F63616C205B7061726148
S3159002E5306D5D2720666F72206120737065636966D0
S3159002E540696320706172616D657465720A006572A5
S3159002E550726C6F6773205B6E6F20706172616D7300
S3159002E5605D202D2054686520566F7465723220683E
S3159002E570617320616E20696E7465726E616C20653E
S3159002E58072726F7220616363756D756C61746F726E
S3159002E5900A202020666F72207261726520657272FF
S3159002E5A06F72732E20546865726520697320616E4E
S3159002E5B0206172726179206F66206572726F722025
S3159002E5C0636F756E746572732E20546865206D65DF
S3159002E5D0616E696E670A2020206F662074686520D6
S3159002E5E0636F6465732077696C6C207661727920AB
S3159002E5F06265747765656E206669726D776172651C
S3159002E6002072656C6561736573206173206E6565B2
S3159002E61064732061726973652E0A2020205468699A
S3159002E6207320697320666F7220646576656C6F706D
S3159002E630657273206F6E6C792E0A20202D20736876
S3159002E6406F77206572726C6F67732073686F7773DA
S3159002E6502074686520636F6E74656E7473206F663E
S3159002E66020746865206572726F72206C6F67676539
S3159002E67072732E0A20202D20736574206572726C37
S3159002E6806F677320636C65617273206F7574207403
S3159002E6906865206572726F72206C6F676765720A21
S3159002E6A000616C6C202D2053686F777320616C6CBF
S3159002E6B0207468652073686F7720636F6D6D616EE5
S3159002E6C064730A006C69763466006D386E006E6FFC
S3159002E6D06E65007278696E00727864656D00727804
S3159002E6E0766F696365007478737263007478706C80
S3159002E6F0007478746F6E650074786F7574007273B7
S3159002E70073736967007273736C766C006E6F6E00CA
S3159002E7106D616A6F72006D616A00737570706F7267
S3159002E720740073757000696F006D61696E617070C7
S3159002E73000657468617070006574686C77697000C2
S3159002E7406B737A3830383100636F6E736F6C650015
S3159002E750693263006469616C0074656C6E657400FD
S3159002E7606C6F63616C00736572326E657400737060
S3159002E770696E6F72007370696D74720074667470EC
S3159002E780007663786F006D7369006D7364006C6FC9
S3159002E790630064696100746164006770736465768E
S3159002E7A0006764760067626400676564006D696DF0
S3159002E7B00065746865726E657400657468006D793B
S3159002E7C073657269616C6E756D006D736E006D79AD
S3159002E7D06877726576006D687700677077007270F9
S3159002E7E077006C6F6767696E670070726F6265001B
S3159002E7F07072620073327000733274006372656471
S3159002E800697473006372640072786D0072736D003E
S3159002E810727863616C00727863007663786F766162
S3159002E8206C00766376006D6E6D00666C6167730040
S3159002E830666C6700646C6F6767657200646C6700EC
S3159002E8406572726C6F67730065726C007365742F74
S3159002E85073686F77202D2073657474696E67205B79
S3159002E86076616C75655D204368616E67652F736826
S3159002E8706F7720566F746572322073657474696E01
S3159002E880670A203D3D3D3D3D3D3D3D3D3D3D3D3D46
S3159002E890202D204E4554574F524B205345545449A0
S3159002E8A04E4753203D3D3D3D3D3D3D3D3D3D3D3DEC
S3159002E8B03D3D3D3D3D3D3D3D3D3D0A202020206D67
S3159002E8C079737461746963697020286D73692920FC
S3159002E8D02D20566F7465723220495020616464729D
S3159002E8E06573732028696620737461746963290A53
S3159002E8F0202020206D79737461746963736E202869
S3159002E9006D736E29202D20566F7465723220537561
S3159002E910626E6574202869662073746174696329CE
S3159002E9200A202020206D7973746174696367772059
S3159002E930286D736729202D20566F74657232204791
S3159002E94061746577617920495020286966207374CD
S3159002E95061746963290A2020206D797374617469E0
S3159002E96063646E7320286D736429202D20566F740C
S3159002E97065723220444E53204164647265737320EB
S3159002E98028696620737461746963290A202020209D
S3159002E99020206D7969706D6F646520286D696D2987
S3159002E9A0202D20566F746572322049502061637112
S3159002E9B07569736974696F6E206D6F64650A20203C
S3159002E9C02020202065746865726E657420286574AF
S3159002E9D06829202D20566F74657232204950207313
S3159002E9E0756D6D617279202873686F77206F6E6C82
S3159002E9F079290A202020202020746674706164642C
S3159002EA0072202874616429202D2054465450207314
S3159002EA10657276657220616464726573730A2020EA
S3159002EA20206D7973657269616C6E756D20286D7350
S3159002EA306E29202D20566F74657232207365726925
S3159002EA40616C206E756D626572202873686F77208F
S3159002EA506F6E6C79290A202020202020206D7968FB
S3159002EA607772657620286D687729202D20566F74E7
S3159002EA70657232204861726477617265205265765A
S3159002EA806973696F6E202873686F77206F6E6C79E1
S3159002EA90290A2020202020202073326E706F7274F3
S3159002EAA0202873327029202D20536572324E657458
S3159002EAB020495020506F72740A2020202020207303
S3159002EAC0326E7074696D65202873327029202D20FC
S3159002EAD0536572324E657420527820506F6C6C205A
S3159002EAE074696D6520286D73290A202020202020C4
S3159002EAF06775657374707764202867707729202DFF
S3159002EB00204775657374206C6F67696E20706173A8
S3159002EB1073776F72640A20202020202020726F6FF4
S3159002EB2074707764202872707729202D20526F6F27
S3159002EB3074206C6F67696E2070617373776F7264FD
S3159002EB400A203D3D3D3D3D3D3D3D3D3D3D3D3D20CA
S3159002EB502D204449414C2C204C4F43414C2C20476C
S3159002EB60505320414E44204D4953432053455454CB
S3159002EB70494E4753203D3D3D3D0A202020202020EE
S3159002EB80202020206469616C202864696129202DE7
S3159002EB90205B706172616D2076616C75655D204453
S3159002EBA049414C20736572766572207365747469F7
S3159002EBB06E67730A2020202020202020206C6F630D
S3159002EBC0616C20286C6F6329202D205B70617261C5
S3159002EBD06D2076616C75655D206C6F63616C206DDE
S3159002EBE06F64652073657474696E67730A2020205A
S3159002EBF020202020206770736465762028676476CB
S3159002EC0029202D2047505320706172616D732062C6
S3159002EC1079206465766963650A2020202020202069
S3159002EC2067707362617564202867626429202D205B
S3159002EC3047505320696E746572666163652062619E
S3159002EC40756420726174650A202020202020206736
S3159002EC50707365646765202867656429202D20474F
S3159002EC60505320696E7465726661636520315050A7
S3159002EC705320656467652028726973696E672F668B
S3159002EC80616C6C696E67290A202020202020202042
S3159002EC9072786D6F6465202872786D29202D2052C6
S3159002ECA065636569766520616374697665206D6FC3
S3159002ECB064650A202020202020727373696D6F6428
S3159002ECC065202872736D29202D2052535349206452
S3159002ECD06574656374206D6F64650A202020202018
S3159002ECE020202020727863616C2028727863292014
S3159002ECF02D20525353492063616C69627261746923
S3159002ED006F6E0A202020202020207663786F76610D
S3159002ED106C202876637629202D205643584F20431F
S3159002ED20616C6962726174696F6E2076616C7565E9
S3159002ED300A202020202020206C6F6767696E67204A
S3159002ED40286C6F6729202D205B626C6F636B20762F
S3159002ED50616C75655D20446562756767696E67204B
S3159002ED606C6F67676572206C6576656C0A202020E9
S3159002ED7020202020202070726F6265202870726297
S3159002ED8029202D20416E616C6F672070726F6265CB
S3159002ED9020736F757263650A202020202020202020
S3159002EDA020666C6167732028666C6729202D204443
S3159002EDB06562756720666C6167730A202020202041
S3159002EDC02020646C6F676765722028646C672920BF
S3159002EDD02D2044617461206C6F676765720A2020EA
S3159002EDE020202020206572726C6F677320286572CE
S3159002EDF06C29202D204572726F72206C6F67730A90
S3159002EE0020202020202020206D796E616D6520289B
S3159002EE106D6E6D29202D20566F7465727320636F07
S3159002EE206D6D616E642070726F6D7074206E616D1F
S3159002EE30650A2020202020202063726564697473FD
S3159002EE40202863726429202D2050726F6A6563743C
S3159002EE5020637265646974730A2020202020202022
S3159002EE6020202020616C6C2028616C6C29202D203A
S3159002EE70416C6C20706172616D73202873686F7734
S3159002EE80206F6E6C79290A00616E616C6F67006102
S3159002EE906E610068706600626577310062657732EE
S3159002EEA000636F720063746300636F72637463735B
S3159002EEB0730063637400646863700066616C6C6966
S3159002EEC06E670066616C00726973696E670072693B
S3159002EED0730066616C73650074727565004932439E
S3159002EEE052646D3A20307825322E32782C25642061
S3159002EEF0004E564D20636F72727570742120416276
S3159002EF006F727465642E0A004932435264313A2014
S3159002EF10307825322E32782C25642000493243529D
S3159002EF2064323A20307825322E32782C25642C257C
S3159002EF306420004932435057723A20307825322E57
S3159002EF4032782C2564200070617373776F72640037
S3159002EF506775727500466972737420706172616D1D
S3159002EF6065746572206D757374206265207361761F
S3159002EF70652C2072656C6F61642C206F72206475AB
S3159002EF806D702E0A00436F6D6D616E64206F6E6CAC
S3159002EF907920617661696C61626C6520696E207216
S3159002EFA06F6F74206D6F64652E0A004261642073E0
S3159002EFB0746172742F656E64206164647265737392
S3159002EFC065730A00496E76616C696420706172613C
S3159002EFD06D7320666F722064756D7020636F6D6DB0
S3159002EFE0616E642E0A0049324344756D703A20254B
S3159002EFF0642C307825332E337820002573203A20DE
S3159002F0003E25733C0A00446F6E652E20256420626D
S3159002F0107974657320726561642F77726974746509
S3159002F0206E2E0A00736176650072656C6F6164007C
S3159002F0306261636B757000726573746F726500645A
S3159002F040756D700073657474696E6773202D207385
S3159002F0506176657C72656C6F61647C6261636B7567
S3159002F060707C726573746F72657C64756D700A20BC
S3159002F0702073617665202020202D2053617665735A
S3159002F0802063757272656E742073657474696E67A7
S3159002F0907320746F204E564D0A202072656C6F61F4
S3159002F0A06420202D204469736361726473206375B2
S3159002F0B07272656E742073657474696E677320617B
S3159002F0C06E642072656C6F6164732066726F6D20D8
S3159002F0D04E564D0A20206261636B757020202D205A
S3159002F0E04261636B732075702073657474696E6781
S3159002F0F07320746F205446545020736572766572ED
S3159002F1000A2020726573746F7265202D2052657382
S3159002F110746F7265732073657474696E6773206613
S3159002F120726F6D2054465450207365727665720ADA
S3159002F130202064756D70205B737461727420656EA5
S3159002F140645D202D2064756D7073204E564D2E2071
S3159002F1504966206E6F2073746172742F656E642C8B
S3159002F1602064656661756C7420697320302D323522
S3159002F170352E0A53656520557365727320477569F6
S3159002F180646520746F20726573657420746F20664F
S3159002F1906163746F72792064656661756C74732E9F
S3159002F1A00A00656E760073657474696E67730054AF
S3159002F1B068652031345620737570706C7920697346
S3159002F1C0202563207468652031312E395620746863
S3159002F1D0726573686F6C642E0A00436F6E6E656318
S3159002F1E0746564004E6F7420436F6E6E65637465CA
S3159002F1F06420286C6F63616C206D6F646529005979
S3159002F2006573004E6F202864652D656D7068617315
S3159002F210697A656429004E6F005965732028646F78
S3159002F2206E27742066696C74657229004E6F202869
S3159002F23066696C746572206974290047656E657299
S3159002F240616C20507572706F7365004750532054ED
S3159002F250696D6564004449414C20436F6E6E6563E7
S3159002F26074696F6E2073746174653A2025730A0A05
S3159002F270002020202020202020204449414C204656
S3159002F2806C61672042797465203A20307825322E57
S3159002F29032780A0020202020202020202020466C30
S3159002F2A0617420417564696F202831293A2025734B
S3159002F2B00A0020202053656E6420417564696F2090
S3159002F2C0416C77617973202832293A2025730A0096
S3159002F2D0202020446F6E27742066696C74657220B4
S3159002F2E043544353532834293A2025730A004D61D7
S3159002F2F0737465722054696D696E6720536F757267
S3159002F3006365202838293A2025730A002020202078
S3159002F31020202020417564696F20436F64656320C5
S3159002F320283136293A2025730A00202020202020D1
S3159002F330202054696D696E67204D6F64652028336D
S3159002F34032293A2025730A002020202020202020CE
S3159002F350202020526573657276656420283634299A
S3159002F3603A2025640A0020202020202020202020D8
S3159002F37052657365727665642028313238293A204F
S3159002F38025640A004E6F74204C6F636B6564004768
S3159002F39050532053796E6368726F6E697A65640012
S3159002F3A04C6F63616C204372797374616C00202098
S3159002F3B0202047505320315050533A2025730A004B
S3159002F3C053616D706C6520436C6F636B3A20257345
S3159002F3D00A002020475053205374617475733A2063
S3159002F3E04E6F204E4D454120446174612E0A002095
S3159002F3F020475053205374617475733A20222563C3
S3159002F400222028413D56616C69642C20563D496EF6
S3159002F41076616C6964290A002020204C6F6E6769B8
S3159002F420747564653A20257325630A00202020208E
S3159002F4304C617469747564653A20257325630A0074
S3159002F44020202020416C7469747564653A20256485
S3159002F4506D202825646674290A00202020205554A0
S3159002F4604320446174653A2025322E32642F253228
S3159002F4702E32642F25322E32640A00202020205507
S3159002F48054432054696D653A2025322E32643A25CA
S3159002F490322E32643A25322E32642E25332E33643E
S3159002F4A00A0A0020202023206F6620536174733A43
S3159002F4B02025640A00202020202020202048444F26
S3159002F4C0503A2025642E25322E32646D0A00202071
S3159002F4D0202020202053706565643A2025642E25CD
S3159002F4E0312E31646B7473203A290A0020205361BD
S3159002F4F074205369676E616C3A205B4348232C20D3
S3159002F500536174232C20534E525D20666F722031C4
S3159002F51032206D6178000A20202020202020202091
S3159002F5202020202020005B2532642025326420256D
S3159002F53032645D2000414320686173206661696C84
S3159002F54065642C207265706561746572206D757341
S3159002F55074206265206F6E20626174746572792080
S3159002F560706F776572210A00526570656174657273
S3159002F5702072756E6E696E67206E6F726D616C6CBD
S3159002F58079206F6E2041432E0A0050726573732064
S3159002F590616E79206B657920746F2073746F702E0B
S3159002F5A02E2E0A0052535349204144433A20253382
S3159002F5B06420253236732000485046202533642035
S3159002F5C025323673200025632025630A004175642F
S3159002F5D0696F3A2025336420253236732000336BC7
S3159002F5E0487A2043616C3A2025356420253231735E
S3159002F5F00A004449414C2054696D653A2531302EB2
S3159002F6003130752E25392E39750D0A0020204D5927
S3159002F6102054696D653A2531302E3130752E253953
S3159002F6202E39750D0A004C6F63616C2076732044F7
S3159002F63049414C2054696D652064656C746120283B
S3159002F6407573293A2025640D0A0053796E63204317
S3159002F6506865636B206661696C65642C206E6F20A9
S3159002F6604449414C20736572766572207265737057
S3159002F6706F6E73652E0A004D43552074656D7065E5
S3159002F6807261747572653A2020253264432C202566
S3159002F6903364462E0A004572726F722072656164F7
S3159002F6A0696E67204D43552074656D7065726174FD
S3159002F6B07572652E0A005043422074656D706572AC
S3159002F6C061747572653A2020253264432C20253365
S3159002F6D064462E0A004578742074656D7065726171
S3159002F6E07475726525643A20253264432C2025333D
S3159002F6F064462E0A00557074696D65203E39393418
S3159002F7002064617973212028746861742773206D4F
S3159002F7107920747261636B657273206C696D69741A
S3159002F720292E0A00557074696D653A202564206405
S3159002F7306179732025322E32643A25322E32643A1A
S3159002F74025322E32642E0A0048616C660046756C2C
S3159002F7506C0020566F74657232204D41432041648D
S3159002F7606472657373203A200025322E32783A00FD
S3159002F77020202020202045746865726E6574206C66
S3159002F780696E6B203A20446973636F6E6E6563741B
S3159002F79065642C204C696E6B204E6F7420416374A5
S3159002F7A06976650A002020202020204574686572BB
S3159002F7B06E6574206C696E6B203A20436F6E6E652F
S3159002F7C0637465640A00202020436F6E6E656374CD
S3159002F7D0696F6E205370656564203A202564204DCA
S3159002F7E06269740A002020436F6E6E656374696F56
S3159002F7F06E204475706C6578203A20257320447586
S3159002F800706C65780A005265736F6C7665642049F0
S3159002F810502061646472657373203A2025730A00DE
S3159002F8202020205265736F6C766564204E65746DE8
S3159002F83061736B203A2025730A002020205265734B
S3159002F8406F6C7665642047617465776179203A209A
S3159002F85025730A00202020202020205265736F6C89
S3159002F86076656420444E53203A2025730A005374D9
S3159002F870617473206172653A0A00546869732073E1
S3159002F880746174757320726571756972657320619E
S3159002F890206C6F636B656420475053207369676E63
S3159002F8A0616C20746F20776F726B2E0A00436C6FB7
S3159002F8B0636B2028584F293A202532642C25332E03
S3159002F8C033642C25332E33642E25322E326420282F
S3159002F8D0256325642E25332E336470706D290A00B4
S3159002F8E0436C6F636B20285643584F293A20253232
S3159002F8F0642C25332E33642C25332E33642E2532F5
S3159002F9002E3364487A20282564707062290A003161
S3159002F910347600706F7765720070777200727373C7
S3159002F92069007273690073796E0072746F730072F4
S3159002F930786666740074656D707200747072007584
S3159002F9407074696D65007570740031306D687A00F7
S3159002F95031306D00737461747573202D205B313074
S3159002F9606D687A7C3134767C6469616C7C65746886
S3159002F97065726E65747C6770737C706F7765727CE6
S3159002F980727373697C72746F737C72786666747CB8
S3159002F99073796E637C74656D70727C757074696DC3
S3159002F9A0655D0A53686F7720566F7465723220735D
S3159002F9B0746174757320696E666F0A202020202008
S3159002F9C02020202031306D687A202831306D292010
S3159002F9D02D2031304D487A20636C6F636B206672AE
S3159002F9E0657175656E63792028767320475053202A
S3159002F9F031505053290A20202020202020202031C7
S3159002FA003476202D20636865636B203134562073DB
S3159002FA107570706C790A2020202020202020206486
S3159002FA2069616C202D20636865636B204449414C63
S3159002FA3020636F6E6E656374696F6E207374617402
S3159002FA4075730A2020202020202020206574686566
S3159002FA50726E6574202865746829202D2045746815
S3159002FA6065726E657420706F7274207374617475AA
S3159002FA70730A202020202020202020677073202DBA
S3159002FA8020636865636B2047505320737461747565
S3159002FA90730A202020202020202020706F77657204
S3159002FAA0202870777229202D20636865636B2072F7
S3159002FAB06570656174657220414320706F776572D7
S3159002FAC00A2020202020202020206C6576656C203C
S3159002FAD0286C766C29202D20436865636B20616EB5
S3159002FAE0616C6F6720696E707574206C6576656C53
S3159002FAF00A2020202020202020207273736920283B
S3159002FB0072736929202D20646973706C617920273C
S3159002FB106C6976652720525353492076616C7565D8
S3159002FB200A20202020202020202072746F73202DFE
S3159002FB302052544F53207461736B20435055207555
S3159002FB4074696C697A6174696F6E0A20202020202C
S3159002FB502020202072786666742028666674292092
S3159002FB602D20464654206F66205278207369676E20
S3159002FB70616C20286465627567206F6E6C79290ABC
S3159002FB8020202020202020202073796E6320287345
S3159002FB90796E29202D20636865636B204750532028
S3159002FBA07673204449414C2073796E630A20202053
S3159002FBB020202020202074656D7072202874707227
S3159002FBC029202D20636865636B204D43552F504342
S3159002FBD0422074656D70657261747572650A202033
S3159002FBE020202020202020757074696D652028754C
S3159002FBF0707429202D2074696D652073696E636512
S3159002FC00206C61737420626F6F740A0073746174EE
S3159002FC107573005465737420546F6E6520646973AE
S3159002FC2061626C65642E2028536574206C657665D6
S3159002FC306C20746F20656E61626C65290A0054654A
S3159002FC40737420546F6E6520656E61626C65642E66
S3159002FC500A00416D706C697475646520256425256A
S3159002FC602066756C6C207363616C650A00467265DA
S3159002FC707175656E6379202564487A0A004E4F54F1
S3159002FC80453A205465737420546F6E65207365747B
S3159002FC9074696E677320617265206E6F74207072DC
S3159002FCA065736572766564206F6E207265626F6F9A
S3159002FCB0742E0A00506172616D65746572206D755D
S3159002FCC07374206265206F66662C206C6576656C0F
S3159002FCD0206F7220667265712E0A005465737420C5
S3159002FCE0546F6E652064697361626C65642E0A0056
S3159002FCF04C6576656C2073686F756C6420626520BE
S3159002FD00302D313030202870657263656E742066AE
S3159002FD10756C6C207363616C65292E0A004C65764E
S3159002FD20656C2073657420746F2025642525206682
S3159002FD30756C6C207363616C650A004672657175A9
S3159002FD40656E63792073686F756C64206265203185
S3159002FD502D343030302E0A004672657175656E63A9
S3159002FD60792073657420746F202564487A0A00524C
S3159002FD70782054657374206D6F6465206F66660A89
S3159002FD800052782054657374206D6F646520707587
S3159002FD906C736520706572696F642032306D730A78
S3159002FDA00052782054657374206D6F646520707567
S3159002FDB06C736520706572696F642038306D730A52
S3159002FDC00052782054657374206D6F646520707547
S3159002FDD06C736520706572696F64203232306D7310
S3159002FDE00A0052782054657374206D6F64652033CF
S3159002FDF04B487A20646576696174696F6E20657185
S3159002FE007569760A0052782054657374206D6F6412
S3159002FE1065205246550A00506172616D657465722D
S3159002FE20206D757374206265206F66662C207470DF
S3159002FE3032302C20747038302C2074703232302C40
S3159002FE40206F7220646576336B2E0A00747032309E
S3159002FE5000747038300074703232300064657633D4
S3159002FE606B00727874657374202D205B6F66667C66
S3159002FE70302D335D0A2020202020202020206F66FE
S3159002FE8066202D2044697361626C65732074657374
S3159002FE9074207369676E616C20286E6F726D616CE7
S3159002FEA0206F7065726174696F6E290A2020202016
S3159002FEB0202020202030202D2053616D65206173F3
S3159002FEC0206F66660A2020202020202020203120C4
S3159002FED02D2054696D696E672070756C7365206507
S3159002FEE076657279207061636B6574202832306D05
S3159002FEF073292E0A20202020202020202032202DF7
S3159002FF002054696D696E672070756C73652065768D
S3159002FF1065727920347468207061636B65742028E9
S3159002FF2038306D73292E0A20202020202020202070
S3159002FF3033202D2054696D696E672070756C7365D8
S3159002FF402065766572792031317468207061636BB1
S3159002FF50657420283232306D73292E0A2020202093
S3159002FF60202020202034202D20314B487A20746F77
S3159002FF706E6520656D756C6174696E6720334B484A
S3159002FF807A20646576696174696F6E20283F3F2591
S3159002FF902066756C6C207363616C650A0072787466
S3159002FFA000727874657374007478746F6E65202D20
S3159002FFB0205B6F66667C6C6576656C20237C6672C8
S3159002FFC0657120235D0A2020202020202020206F8A
S3159002FFD06666202D2044697361626C657320746530
S3159002FFE0737420746F6E6520286E6F726D616C20CB
S3159002FFF06F7065726174696F6E290A2020202020C5
S31590030000202020206C6576656C202D20546F6E65BC
S3159003001020616D706C697475646520696E202566C0
S31590030020756C6C207363616C652028302D3130308C
S31590030030290A202020202020202020202020202034
S31590030040202020456E61626C657320746F6E652007
S315900300506966206E6F7420656E61626C65642E0AA4
S3159003006020202020202020202066726571202D20BC
S31590030070546F6E65206672657175656E63792069D6
S315900300806E20487A2028312D34303030290A2020AA
S31590030090202020202020206966206E6F20706172B8
S315900300A0616D732C20746F6E652073657474696EBD
S315900300B067732077696C6C2062652073686F776EBF
S315900300C02E0A00544654503A2053656E7420554474
S315900300D05020626C6F636B2025642C6C656E2025B3
S315900300E06420282564290D0A00544654503A206EFC
S315900300F06574636F6E6E5F6E6577202830782538EA
S315900301002E3878290D0A00544654503A206E657459
S31590030110636F6E6E5F636F6E6E656374202830785F
S3159003012025382E3878290D0A006E657461736369D4
S3159003013069006F6374657400544654503A20525262
S31590030140512066696C6520272573272C206D6F6473
S31590030150652025730D0A00544654503A2055445051
S31590030160204572726F722025642028256420627957
S31590030170746573290D0A00544654503A20554450D9
S3159003018020526573706F6E7365202564206279744F
S3159003019065732C20626C6F636B202564202825641D
S315900301A0290D0A0054696D656F757400544944208E
S315900301B04572726F7200426164206865616465720C
S315900301C000426164205061636B6574204C656E6771
S315900301D074680042616420532D5265636F726400A4
S315900301E0556E6578706563746564204572726F7237
S315900301F00054465450206572726F72202825642EDF
S3159003020025642920536572766572204572726F72E2
S315900302102025732E0A0054465450206572726F72CD
S31590030220202825642E2564292054696D656F75747D
S315900302302E0A0054465450206572726F72202825F8
S31590030240642E25642920544944204572726F722E78
S315900302500A0054465450206572726F7220282564A2
S315900302602E25642920426164206865616465722E37
S315900302700A0054465450206572726F722028256482
S315900302802E25642920426164205061636B65742036
S315900302904C656E6774682E0A0054465450206572F6
S315900302A0726F72202825642E25642920426164206A
S315900302B0426C6F636B206E756D6265722E0A005485
S315900302C0465450206572726F72202825642E2564D9
S315900302D02920426164205352454320666F726D61B3
S315900302E0742E0A0054465450206572726F722028F9
S315900302F025642E2564292042616420535245432068
S31590030300416464726573732E0A0054465450206593
S3159003031072726F72202825642E25642920556E6586
S3159003032078706563746564204572726F722E0A00E5
S315900303300D256300506C6561736520656E746572F7
S31590030340202775706461746520636865636B2720E5
S31590030350666972737420746F20636865636B207427
S3159003036068652076657273696F6E206F6E2073650C
S31590030370727665722E0A0045726173696E672064A0
S315900303806F776E6C6F616420666C6173682C2074F2
S315900303906869732063616E2074616B652075702044
S315900303A0746F202564207365636F6E64732E2E2E8F
S315900303B00A000D436F6E74616374696E67205446C9
S315900303C0545020736572766572206174002564209B
S315900303D062797465732070726F6365737365640D68
S315900303E0000A446F776E6C6F616420636F6D706CF7
S315900303F06574652C20256420627974657320707208
S315900304006F636573736564202825642525206F665D
S3159003041020666C6173682920696E20256420736554
S31590030420636F6E64730A000A202A2A2A2A200025FB
S315900304306420666C6173682070726F6772616D6D0C
S31590030440696E67206572726F72730A004572726F76
S31590030450727320646F776E6C6F6164696E672074D4
S315900304606865206E657720696D6167652E0A00461B
S3159003047061696C6564206174206C696E652025647E
S3159003048020696E20736563746F722025642E0A004B
S315900304904C696E65203E25733C0A004669727374F7
S315900304A020706172616D65746572206D75737420C9
S315900304B0626520636865636B2C20646F776E6C6FDF
S315900304C061642C20786D6F64656D2C2076657269F6
S315900304D066792C2064756D702C206F722070726F04
S315900304E06772616D2E0A00466F7220646F776E6C29
S315900304F06F61642F7665726966792C20796F7520A2
S3159003050063616E2070726F7669646520616E206F89
S315900305107074696F6E616C206F76657272696465CB
S315900305202066696C656E616D652E0A00466F722052
S3159003053064756D702C2070726F7669646520612086
S31590030540686578207374617274696E6720616464F8
S315900305507265737320616E64206C656E6774682E22
S315900305600A00323032362D30382D303300302E306B
S3159003057037520052756E6E696E672076657273692F
S315900305806F6E3A2025732025730A00205365727681
S3159003059065722076657273696F6E3A20257320258E
S315900305A0730A00205365727665722020202046696F
S315900305B06C653A2025730A00556E61626C652074EA
S315900305C06F206F627461696E2076657273696F6E60
S315900305D02066726F6D207365727665722E0A00259A
S315900305E0382E38783A200025322E327820007C2017
S315900305F000416464726573732F6C656E67746820CB
S31590030600706172616D65746572206572726F720046
S31590030610566572696679696E672065726173652E30
S315900306202E2E0A0025326425252E2E2E0D003130CE
S315900306303025252E2E0A00566572696669636174A4
S31590030640696F6E20636F6D706C6574652C2025647D
S31590030650206572726F72732E0A004E6F20676F6FEA
S315900306606420696D61676520696E20646F776E6C2F
S315900306706F616420666C6173682E0A000A0A507271
S315900306806F6772616D6D696E672065786563757462
S3159003069061626C6520666C6173682E20205468696C
S315900306A07320696E766F6C7665732074776F20729C
S315900306B065626F6F74732E0A005468652070726F4B
S315900306C0636573732063616E2074616B65207570C7
S315900306D020746F203930207365636F6E64732E0AAE
S315900306E00054686520686561727462656174204C14
S315900306F0454420726576657273652D626C696E6B7F
S315900307007320286D6F73746C79206F6E29206475CE
S3159003071072696E6720746869732070726F6365730C
S31590030720732E0A004C6F6767696E6720696E666FF2
S3159003073020697320617661696C61626C65206F6E66
S315900307402074686520646562756720706F72747330
S3159003075020554152542070696E732E0A00436F6D73
S31590030760696E6720736F6F6E2D2D627574206E6F31
S3159003077074207965742E0A0063686B00646F776ED4
S315900307806C6F616400646C64007665726966790067
S3159003079076657200646D700065726173650065724B
S315900307A0610070726F6772616D0070726700786D29
S315900307B06F64656D00786D6400757064617465200F
S315900307C02D205B636865636B7C646F776E6C6F617A
S315900307D0647C7665726966797C70726F6772616D97
S315900307E07C786D6F64656D7C65726173657C647589
S315900307F06D705D20536F6674776172652075706452
S315900308006174650A202020202020202020636865BB
S31590030810636B202863686B29202D20636865636B5F
S3159003082020666F72206E657765722076657273693E
S315900308306F6E0A202020202020202020646F776E60
S315900308406C6F61642028646C6429202D20646F7713
S315900308506E6C6F6164206C617465737420766572D7
S3159003086073696F6E0A202020202020202020786D27
S315900308706F64656D2028786D6429202D20446F77E9
S315900308806E6C6F6164207573696E6720584D4F4423
S31590030890454D2F4352430A202020202020202020FC
S315900308A0766572696679202876657229202D205699
S315900308B0657269667920646F776E6C6F61640A20DE
S315900308C0202020202020202070726F6772616D2077
S315900308D02870726729202D202050726F6772616D80
S315900308E020646F776E6C6F6164656420766572734E
S315900308F0696F6E0A202020202020202020657261B7
S315900309007365202865726129202D20457261736570
S3159003091020646F776E6C6F616420666C6173680A8E
S3159003092020202020202020202064756D70202864AC
S315900309306D70295B616464725D205B6C656E5D208E
S315900309402D2044756D7020646F776E6C6F61642093
S31590030950666C61736820636F6E74656E747320281A
S3159003096068657820706172616D73290A0075706489
S3159003097000757064617465002D532D0025346C6485
S3159003098064444143002D412D005643584F203A204D
S31590030990282532642920253864487A4920253864E5
S315900309A02E25332E3364487A4120253564505042A0
S315900309B020253873202536644441430D0A005B2570
S315900309C031306C645D200028256429002025322E61
S315900309D03278004C6F6767657232725461736B201D
S315900309E03A2053746172740D0A0049525120426140
S315900309F0636B75703A2025322E32782025322E324B
S31590030A00782025322E32782025322E32780A004FDE
S31590030A10766572666C6F77486F6F6B3A2054617325
S31590030A206B2025730D0A004C6F6767657245746872
S31590030A3052785461736B3A2053746172740D0A0041
S31590030A404C6F6767657245746852785461736B3AF5
S31590030A50206E6574636F6E6E5F6E6577202830784F
S31590030A6025382E3878290D0A004C6F6767657245CD
S31590030A70746852785461736B3A206E6574636F6EC3
S31590030A806E5F62696E64202825642C307825382E33
S31590030A903878290D0A004C6F6767657245746852FA
S31590030AA0785461736B3A2057616974696E672066EF
S31590030AB06F72206120636F6E6E656374696F6E0DDE
S31590030AC00A004C6F67676572457468527854617310
S31590030AD06B3A2054656C6E657420436F6E6E6563D6
S31590030AE074696F6E20282564290D0A0048656C6C1D
S31590030AF06F2C20576F726C642120286C6F67676523
S31590030B00723272742C207761746368646F672064A1
S31590030B10697361626C6564290D0A0053746172741A
S31590030B20696E67204672656552544F532E2E2E0D6D
S31590030B300A00536572324E657452785461736B49E9
S31590030B4044004C6F6745746852785461736B0043E5
S31590030B506F6E45746852785461736B494400446967
S31590030B60616C496E5461736B4944004469616C4F7F
S31590030B7075745461736B49440045746865726E6508
S31590030B80745461736B494400436F6E736F6C655411
S31590030B9061736B4944004C6F676765723254617336
S31590030BA06B4944004D61696E5461736B49440052BD
S31590030BB0756E6E696E672074657374206173737551
S31590030BC06D696E672061206C6F6F706261636B20D5
S31590030BD0636F6E6E6563746F7220697320696E734B
S31590030BE074616C6C65642E2E2E0A004461746120C8
S31590030BF06469646E27742073656E642E202866611B
S31590030C00696C757265290A0044617461206E6F740C
S31590030C102072656365697665642E20286661696CC2
S31590030C20757265290A00554152542053746174654F
S31590030C303A20307825382E38780A0044617461203A
S31590030C4073656E7420616E642072656365697665FB
S31590030C50642E2E2E0A004461746120696E76616C4F
S31590030C606964202825642F323536206572726F7237
S31590030C7073290A00446174612076616C696421204A
S31590030C802870617373290A007875617274202D2018
S31590030C90286E6F20706172616D73292052756E2074
S31590030CA0746865206C6F6F706261636B2074657393
S31590030CB0742E0A007875617274000A5741524E4930
S31590030CC04E473A2054686520526570656174657223
S31590030CD02063616C6C7369676E206F722070726F9C
S31590030CE06365656420494420686173206368617213
S31590030CF06163746572730A6F75747369646520753D
S31590030D0070706572206361736520412D5A2C203073
S31590030D102D392C206F72202F2E0A54686973206DFB
S31590030D206179206861766520756E70726564696312
S31590030D307461626C6520726573756C74732E0A0A9E
S31590030D40004E3043414C4C2F52004E6F742061201D
S31590030D507265636F676E697A6564206C6F63616CA5
S31590030D602073657474696E672C20656E7465722042
S31590030D702773686F77206C6F63616C2720666F7239
S31590030D80206C6973742E0A00566F74657232204C08
S31590030D906F63616C204D6F64653A00566F7465722C
S31590030DA032204C6F63616C204357205370656564A2
S31590030DB0202877706D293A00566F74657232204CED
S31590030DC06F63616C2043544353532046726571207D
S31590030DD028687A293A00566F74657232204C6F638D
S31590030DE0616C2044652D456D7068617369733A0033
S31590030DF0566F74657232204C6F63616C20507265C6
S31590030E002D43572064656C617920286D73293A00C8
S31590030E10566F74657232204C6F63616C20506F739A
S31590030E20742D43572064656C617920286D73293A34
S31590030E3000566F74657232204C6F63616C2049441F
S31590030E402073706163696E672028736563293A001E
S31590030E50566F74657232204C6F63616C2068616E55
S31590030E60672074696D6520286D73293A00566F74EF
S31590030E70657232204C6F63616C2054782044656CA4
S31590030E80617920286D73293A00566F746572322002
S31590030E904C6F63616C20504C20746F6E6520766F37
S31590030EA06C756D652028302D3130293A00566F7454
S31590030EB0657232204C6F63616C2043572049443AE4
S31590030EC000566F74657232204C6F63616C2050725A
S31590030ED06F636565642049443A00202020202020D2
S31590030EE020202020202020204C6F63616C204D6FA2
S31590030EF06465202D202538732028253373293A20BD
S31590030F0025730A00204C6F63616C20494420435734
S31590030F10205370656564202877706D29202D2025D0
S31590030F2038732028253373293A2025640A00202014
S31590030F302020202020204C6F63616C204354435320
S31590030F40532046726571202D20253873202825332A
S31590030F5073293A2025730A00202020202020204C34
S31590030F606F63616C2044652D456D70686173697319
S31590030F70202D202538732028253373293A2025736D
S31590030F800A00204C6F63616C205072652D43572085
S31590030F9064656C617920286D7329202D202538731B
S31590030FA02028253373293A2025640A004C6F636100
S31590030FB06C20506F73742D43572064656C61792050
S31590030FC0286D7329202D20253873202825337329DE
S31590030FD03A2025640A00204C6F63616C20494420B3
S31590030FE0496E74657276616C202873656329202D2A
S31590030FF0202538732028253373293A2025640A003F
S31590031000202020204C6F63616C2048616E672054CA
S31590031010696D6520286D7329202D20253873202826
S31590031020253373293A2025640A0020202020204C5A
S315900310306F63616C2054782044656C617920286DC8
S315900310407329202D202538732028253373293A2098
S3159003105025640A004C6F63616C20435443535320B9
S315900310606C6576656C2028302D313029202D20250E
S3159003107038732028253373293A2025640A002020C3
S3159003108020202020204C6F63616C2063616C6C730D
S3159003109069676E204944202D2025387320282533EF
S315900310A073293A2025730A0020202020202020200F
S315900310B04C6F63616C2050726F636565642049441D
S315900310C0202D202538732028253373293A2025731C
S315900310D00A004C6F63616C2073657474696E672044
S315900310E0636F6D6D616E64206E6F7420666F756E3F
S315900310F0642E202054797065202768656C70207360
S31590031100686F77206C6F63616C2720666F722061BE
S315900311102066756C6C206C6973742E0A006C6F6311
S31590031120616C206D6F6465006C6F63616C2063778F
S31590031130737064006C6F63616C20706C667265711A
S31590031140006C6F63616C206465656D7068006C6F8D
S3159003115063616C207072656377006C6F63616C205A
S31590031160706F73746377006C6F63616C20696474DA
S31590031170696D65006C6F63616C2068616E677469F5
S315900311806D65006C6F63616C207478646C79006C28
S315900311906F63616C20706C6C6576656C006C6F63C5
S315900311A0616C206964006C6F63616C2070726F630D
S315900311B0004E2F41006C6F63616C206D6F646520E8
S315900311C05B6E6F6E657C73696D706C65787C74729B
S315900311D069676765727C72657065617465725D2017
S315900311E02D205365747320746865207265706561EC
S315900311F0746572206D6F6465207768656E20696E7D
S315900312000A2020206C6F63616C206D6F64652E20BD
S31590031210204C6F63616C206D6F646573206172659A
S315900312203A0A202D206E6F6E65202D2064697361B6
S31590031230626C65642E204966206E6F7420636F6EB0
S315900312406E656374656420746F2061204449414CD4
S31590031250207365727665722C2074686520566F7458
S315900312606572322069732073696C656E740A202DDA
S315900312702073696D706C6578202D204F6E6C792084
S3159003128073656E647320646973636F6E6E6563745E
S3159003129020494420616E6420435720494420746F4B
S315900312A06E65730A202D2074726967676572202DA7
S315900312B0204F6E6C792073656E64732064697363D3
S315900312C06F6E6E65637420494420746F6E650A2051
S315900312D02D207265706561746572202D2042656359
S315900312E06F6D65732061206C6F63616C207265709E
S315900312F065617465720A006C6F63616C20637773C2
S315900313007064205B73706565645D20546865206CBA
S315900313106F63616C204944657220435720737065EF
S31590031320656420696E2057504D2028352D35302918
S315900313300A006C6F63616C20706C66726571205BDA
S31590031340667265715D202D20546865206C6F6361AC
S315900313506C20504C2028435443535329206672657E
S315900313607175656E63792E20546F2064697361621B
S315900313706C652074686520746F6E652C0A20202036
S315900313807365742074686520504C206C6576656C23
S315900313902028706C6C6576656C2920746F20302ECE
S315900313A0202056616C6964206672657175656E63FB
S315900313B06973206172653A0A20202036372E3020D1
S315900313C037312E392037342E342037372E30203785
S315900313D0392E372038322E352038352E342038386A
S315900313E02E352039312E352039342E382039372E63
S315900313F034203130302E30203130332E3520313079
S31590031400372E320A2020203131302E392031313493
S315900314102E38203131382E38203132332E30203148
S3159003142032372E33203133312E38203133362E3521
S31590031430203134312E33203134362E32203135312A
S315900314402E34203135362E37203136322E320A203D
S3159003145020203136372E39203137332E3820313705
S31590031460392E39203138362E32203139322E3820E2
S315900314703230332E35203231302E37203231382EDA
S3159003148031203232352E37203233332E36203234D2
S31590031490312E38203235302E330A006C6F63616CEF
S315900314A0206465656D7068205B6F6E7C6F66665DA4
S315900314B0202D20536574732044652D656D70686186
S315900314C073697320666F72206C6F63616C206D6FA6
S315900314D064650A006C6F63616C2070726563772034
S315900314E05B6D735D202D2044656C61792066726F08
S315900314F06D20617564696F20746F20435720746FF4
S315900315006E657320283130302D3530306D73290A4E
S31590031510006C6F63616C20706F73746377205B6D7F
S31590031520735D202D2044656C6179206265747765BF
S31590031530656E2070726F6365656420494420616EA1
S31590031540642053746174696F6E2049442028313046
S31590031550302D35303030206D73290A006C6F6361FE
S315900315606C20696474696D65205B7365635D202D7A
S315900315702054696D65206265747765656E2043575F
S3159003158020494473202836302D36303073656329CD
S315900315900A006C6F63616C2068616E6774696D6530
S315900315A0205B6D735D202D2044656C617920667296
S315900315B06F6D206C61737420617564696F20746FAD
S315900315C0205054542064652D617373657274696FEA
S315900315D06E20283130302D353030306D73290A0026
S315900315E06C6F63616C207478646C79205B6D735D4A
S315900315F0202D20417564696F20696E2D6F75742057
S3159003160064656C61792E202836302D3830306D73B1
S31590031610290A006C6F63616C20706C6C6576656CDF
S31590031620205B255D202D20504C20746F6E65206CB9
S315900316306576656C2028302D33302028706572636B
S31590031640656E742066756C6C207363616C6529296D
S315900316500A006C6F63616C206964205B63616C6CD8
S315900316607369676E5D202D20546865207374617469
S31590031670696F6E204944202863616C6C7369676E49
S31590031680290A006C6F63616C2070726F63205B74C0
S315900316906578745D202D2050726F6365656420496B
S315900316A044202861742074686520656E64206F6693
S315900316B02065616368207472616E736D6973736973
S315900316C06F6E290A0036372E300037312E390037A0
S315900316D0342E340037372E300037392E37003832D0
S315900316E02E350038352E340038382E350039312EC4
S315900316F0350039342E380039372E34003130302EB8
S3159003170030003130332E35003130372E32003131BF
S31590031710302E39003131342E38003131382E38009D
S315900317203132332E30003132372E33003133312E6E
S3159003173038003133362E35003134312E330031347F
S31590031740362E32003135312E34003135362E370070
S315900317503136322E32003136372E39003137332E29
S3159003176038003137392E39003138362E3200313937
S31590031770322E38003230332E35003231302E370048
S315900317803231382E31003232352E37003233332E02
S3159003179036003234312E38003235302E33007369A9
S315900317A06D706C657800736D7000747269676765A8
S315900317B07200747267007265706561746572007207
S315900317C07074006D6F640063777300706C6600705D
S315900317D0726300706F630069646C0068746D007067
S315900317E06C6C0065746865726E65745F6C696E6B1C
S315900317F05F746872656164207461736B207374613E
S3159003180072740D0A002E2E2F4C5749502F54617225
S315900318106765742F65746865726E657469662E6301
S3159003182000417373657274696F6E2022257322204B
S315900318306661696C6564206174206C696E652025A8
S315900318406420696E2025730A004574684C696E6B33
S31590031850004574684966002E2E2F4D6964646C6545
S3159003186077617265732F54686972645F506172749D
S31590031870792F4C7749502F7372632F6170692F615B
S3159003188070695F6C69622E63006E6574636F6E6ECA
S315900318905F726563765F7463705F706275663A2094
S315900318A0696E76616C696420636F6E6E006E6574A3
S315900318B0636F6E6E5F636C6F73653A20696E766164
S315900318C06C696420636F6E6E0066726565696E6798
S315900318D020636F6E6E20776974686F757420667275
S315900318E06565696E672070636200636F6E6E2068CC
S315900318F06173206E6F20726563766D626F78006395
S315900319006F6E6E2D3E6163636570746D626F782042
S3159003191073686F756C646E27742065786973740049
S31590031920636F6E6E20686173206E6F206F705F6356
S315900319306F6D706C65746564006E6574636F6E6EBF
S315900319405F62696E643A20696E76616C696420633E
S315900319506F6E6E006E6574636F6E6E5F636F6E6EA1
S315900319606563743A20696E76616C696420636F6E01
S315900319706E006E6574636F6E6E5F6C697374656E7D
S315900319803A20696E76616C696420636F6E6E006E41
S315900319906574636F6E6E5F73656E643A20696E7677
S315900319A0616C696420636F6E6E006E6574636F6EAF
S315900319B06E5F77726974653A20696E76616C696455
S315900319C020636F6E6E006E6574636F6E6E5F777273
S315900319D06974653A20696E76616C696420636F6E8B
S315900319E06E2D3E7479706500646F5F777269746566
S315900319F0206661696C656420746F2077726974657B
S31590031A0020616C6C206279746573006E6574636F84
S31590031A106E6E5F6163636570743A20696E76616C0E
S31590031A20696420706F696E746572006E6574636F16
S31590031A306E6E5F6163636570743A20696E76616CEE
S31590031A40696420636F6E6E006E6574636F6E6E5F0E
S31590031A50726563763A20696E76616C696420706FFD
S31590031A60696E746572006E6574636F6E6E5F726590
S31590031A7063763A20696E76616C696420636F6E6EE5
S31590031A800062756620213D204E554C4C006E657460
S31590031A90636F6E6E5F676574686F737462796E61F8
S31590031AA06D653A20696E76616C6964206E616D65C9
S31590031AB0006E6574636F6E6E5F676574686F73743B
S31590031AC062796E616D653A20696E76616C696420A0
S31590031AD061646472002E2E2F4D6964646C65776120
S31590031AE07265732F54686972645F50617274792F4B
S31590031AF04C7749502F7372632F6170692F617069A8
S31590031B005F6D73672E6300726563765F756470208D
S31590031B106D757374206861766520612070636220A9
S31590031B20617267756D656E7400726563765F7564D1
S31590031B3070206D757374206861766520616E20617F
S31590031B407267756D656E7400726563765F756470A2
S31590031B503A207265637620666F722077726F6E672E
S31590031B60207063622100636F6E6E2D3E7374617491
S31590031B7065203D3D204E4554434F4E4E5F434F4E59
S31590031B804E4543540028636F6E6E2D3E6375727295
S31590031B90656E745F6D736720213D204E554C4C29BD
S31590031BA0207C7C20636F6E6E2D3E696E5F6E6F6ECA
S31590031BB05F626C6F636B696E675F636F6E6E65630F
S31590031BC07400626C6F636B696E6720636F6E6E658C
S31590031BD06374207374617465206572726F720063A7
S31590031BE06F6E6E20213D204E554C4C00636F6E6E8A
S31590031BF02D3E7374617465203D3D204E4554434F8D
S31590031C004E4E5F575249544500636F6E6E2D3E6339
S31590031C10757272656E745F6D736720213D204E55A4
S31590031C204C4C00636F6E6E2D3E7063622E746370C0
S31590031C3020213D204E554C4C00636F6E6E2D3E63B6
S31590031C40757272656E745F6D73672D3E6D73672ED5
S31590031C50772E6F6666736574203C20636F6E6E2D68
S31590031C603E63757272656E745F6D73672D3E6D73A9
S31590031C70672E772E6C656E00636F6E6E2D3E637561
S31590031C807272656E745F6D73672D3E6D73672E7793
S31590031C902E766563746F725F636E74203E20300098
S31590031CA06C7769705F6E6574636F6E6E5F646F5FFA
S31590031CB077726974656D6F72653A20696E76616C39
S31590031CC06964206C656E6774682100746869732013
S31590031CD0697320666F7220746370206E6574636F88
S31590031CE06E6E73206F6E6C7900636F6E6E206D757A
S31590031CF0737420626520696E207374617465204ED7
S31590031D004554434F4E4E5F434C4F53450070636269
S31590031D1020616C726561647920636C6F736564008E
S31590031D20436C6F73696E672061206C697374656E1B
S31590031D3020706362206D6179206E6F74206661698D
S31590031D406C2100726563765F746370206D7573742E
S31590031D502068617665206120706362206172677581
S31590031D606D656E7400726563765F746370206D75CE
S31590031D707374206861766520616E20617267756DF4
S31590031D80656E740065727220213D204552525F4FF5
S31590031D904B20756E68616E646C65640072656376DC
S31590031DA05F7463703A207265637620666F722077EC
S31590031DB0726F6E67207063622100756E68616E64E0
S31590031DC06C6564206572726F7200696E61766C6978
S31590031DD064206F705F636F6D706C657465645F7319
S31590031DE0656D00636F6E6E2D3E63757272656E746C
S31590031DF05F6D7367203D3D204E554C4C0065727266
S31590031E0020213D204E554C4C006E6574636F6E6E6B
S31590031E105F616C6C6F633A20756E646566696E6517
S31590031E2064206E6574636F6E6E5F7479706500502F
S31590031E304342206D757374206265206465616C6C92
S31590031E406F6361746564206F7574736964652074D8
S31590031E506869732066756E6374696F6E00726563E5
S31590031E60766D626F78206D757374206265206465F4
S31590031E70616C6C6F6361746564206265666F72658D
S31590031E802063616C6C696E672074686973206675EC
S31590031E906E6374696F6E006163636570746D626F70
S31590031EA078206D757374206265206465616C6C6FC0
S31590031EB06361746564206265666F72652063616CA5
S31590031EC06C696E6720746869732066756E6374694E
S31590031ED06F6E00657870656374206E657770636264
S31590031EE0203D3D204E554C4C206F722065727220DA
S31590031EF03D3D204552525F4F4B006E6574636F6E46
S31590031F006E207374617465206572726F7200616C72
S31590031F1072656164792077726974696E67206F72EE
S31590031F2020636C6F73696E670073746174652100C7
S31590031F30496E76616C6964206E6574636F6E6E200C
S31590031F4074797065006D73672D3E6D73672E772E6A
S31590031F506C656E20213D203000646F5F6765746801
S31590031F606F737462796E616D65207374696C6C209E
S31590031F70696E2070726F67726573732121002E2EBE
S31590031F802F4D6964646C6577617265732F546869C4
S31590031F9072645F50617274792F4C7749502F7372C4
S31590031FA0632F6170692F6E65746275662E63006E1A
S31590031FB065746275665F616C6C6F633A20696E7661
S31590031FC0616C69642062756600636865636B2074EF
S31590031FD06861742066697273742070627566206393
S31590031FE0616E20686F6C642073697A65006E6574A0
S31590031FF06275665F646174613A20696E76616C6935
S315900320006420627566006E65746275665F6461745A
S31590032010613A20696E76616C69642064617461705B
S315900320207472006E65746275665F646174613A205A
S31590032030696E76616C6964206C656E006E65746218
S3159003204075665F6E6578743A20696E76616C6964BD
S3159003205020627566002E2E2F4D6964646C657761D8
S315900320607265732F54686972645F50617274792FC5
S315900320704C7749502F7372632F6170692F74637015
S3159003208069702E630074637069705F7468726561BA
S31590032090643A20696E76616C6964206D65737361C9
S315900320A0676500496E76616C6964206D626F78002E
S315900320B06661696C656420746F206372656174658B
S315900320C02074637069705F746872656164206D6271
S315900320D06F78006661696C656420746F20637265BE
S315900320E0617465206C6F636B5F74637069705F6313
S315900320F06F72650074637069705F7468726561640A
S31590032100002E2E2F4D6964646C6577617265732F0B
S3159003211054686972645F50617274792F4C77495031
S315900321202F7372632F636F72652F646E732E6300C2
S31590032130646E7320736572766572206F7574206F03
S315900321406620617272617900617272617920696E3B
S31590032150646578206F7574206F6620626F756E6400
S315900321607300756E6B6E6F776E20646E735F7461BA
S31590032170626C6520656E7472792073746174653AC6
S31590032180002E2E2F4D6964646C6577617265732F8B
S3159003219054686972645F50617274792F4C774950B1
S315900321A02F7372632F636F72652F6D656D2E630048
S315900321B06661696C656420746F206372656174658A
S315900321C0206D656D5F6D75746578006D656D5F6681
S315900321D07265653A2073616E697479206368656385
S315900321E06B20616C69676E6D656E74006D656D5F6E
S315900321F0667265653A20696C6C6567616C206D657E
S315900322006D6F7279006D656D5F667265653A20696B
S315900322106C6C6567616C206D656D6F72793A20643D
S315900322206F75626C652066726565006D656D5F6638
S315900322307265653A20696C6C6567616C206D656D36
S315900322406F72793A206E6F6E2D6C696E6B65643A18
S3159003225020646F75626C65206672656500706C7537
S31590032260675F686F6C65733A206D656D203E3D20A0
S3159003227072616D00706C75675F686F6C65733A20F9
S315900322806D656D203C2072616D5F656E6400706C48
S3159003229075675F686F6C65733A206D656D2D3E75D6
S315900322A0736564203D3D203000706C75675F686F81
S315900322B06C65733A206D656D2D3E6E657874203C22
S315900322C03D204D454D5F53495A455F414C49474ED5
S315900322D04544006D656D5F7472696D3A206C6567F0
S315900322E0616C206D656D6F7279006D656D5F74724B
S315900322F0696D2063616E206F6E6C79207368726965
S315900323006E6B206D656D6F727900696E76616C691F
S3159003231064206E65787420707472006D656D5F6D60
S31590032320616C6C6F633A20616C6C6F636174656406
S31590032330206D656D6F7279206E6F742061626F7612
S31590032340652072616D5F656E642E006D656D5F6D60
S31590032350616C6C6F633A20616C6C6F6361746564D6
S31590032360206D656D6F72792070726F7065726C797E
S3159003237020616C69676E65642E006D656D5F6D6136
S315900323806C6C6F633A2073616E69747920636865C8
S31590032390636B20616C69676E6D656E74002E2E2F6C
S315900323A04D6964646C6577617265732F546869725D
S315900323B0645F50617274792F4C7749502F737263AF
S315900323C02F636F72652F6D656D702E63006D656DEE
S315900323D0705F6D616C6C6F633A206D656D70207084
S315900323E0726F7065726C7920616C69676E65640053
S315900323F06D656D705F667265653A206D656D20706B
S31590032400726F7065726C7920616C69676E65640032
S31590032410696E76616C696420706F6F6C2064657306
S3159003242063006D656D705F6D616C6C6F633A20745C
S31590032430797065203C204D454D505F4D4158006D58
S31590032440656D705F667265653A2074797065203C38
S31590032450204D454D505F4D4158002E2E2F4D6964AA
S31590032460646C6577617265732F54686972645F50A3
S31590032470617274792F4C7749502F7372632F636F00
S3159003248072652F6E657469662E63006E65746966F0
S315900324905F69737375655F7265706F7274733A2053
S315900324A0696E76616C6964206E65746966006E65A3
S315900324B07469665F6164643A20696E76616C696477
S315900324C0206E65746966006E657469665F6164649F
S315900324D03A204E6F20696E69742066756E637469CF
S315900324E06F6E20676976656E006E657469662061A6
S315900324F06C726561647920616464656400746F6F5E
S31590032500206D616E79206E65746966732C206D619A
S31590032510782E20737570706F72746564206E756D06
S3159003252062657220697320323535006E657469660B
S315900325305F7365745F75703A20696E76616C6964D2
S31590032540206E65746966006E657469665F736574FB
S315900325505F646F776E3A20696E76616C6964206EFC
S3159003256065746966006E657469665F7365745F6C9E
S31590032570696E6B5F75703A20696E76616C696420DB
S315900325806E65746966006E657469665F7365745F7C
S315900325906C696E6B5F646F776E3A20696E76616C69
S315900325A06964206E65746966002E2E2F4D69646486
S315900325B06C6577617265732F54686972645F506155
S315900325C07274792F4C7749502F7372632F636F729E
S315900325D0652F706275662E6300696E76616C6964A9
S315900325E020706275665F7479706500696E63726553
S315900325F06D656E745F6D61676E6974756465203C15
S315900326003D20702D3E6C656E00706275665F6672D6
S3159003261065653A20702D3E726566203E20300070C7
S31590032620632D3E637573746F6D5F667265655F66E2
S31590032630756E6374696F6E20213D204E554C4C0028
S31590032640696E76616C6964207062756620747970C0
S315900326506500706275665F616C6C6F633A20657234
S31590032660726F6E656F75732074797065007062759D
S31590032670665F7265616C6C6F633A207020213D20B2
S315900326804E554C4C00706275665F7265616C6C6FEB
S31590032690633A207120213D204E554C4C006D656D5B
S315900326A05F7472696D2072657475726E656420715C
S315900326B0203D3D204E554C4C0070627566207265E8
S315900326C066206F766572666C6F7700286820213D69
S315900326D0204E554C4C2920262620287420213D2017
S315900326E04E554C4C29202870726F6772616D6D65DB
S315900326F0722076696F6C6174657320415049290025
S31590032700702D3E746F745F6C656E203D3D20702D09
S315900327103E6C656E20286F66206C617374207062C0
S31590032720756620696E20636861696E2900702D3E17
S315900327306E657874203D3D204E554C4C0070627505
S31590032740665F636F70793A20746172676574206E01
S315900327506F742062696720656E6F75676820746F02
S3159003276020686F6C6420736F75726365006F66661D
S315900327707365745F746F203C3D20705F746F2D3E5C
S315900327806C656E006F66667365745F66726F6D20B7
S315900327903C3D20705F66726F6D2D3E6C656E00706A
S315900327A05F746F20213D204E554C4C0070627566C8
S315900327B05F636F7079282920646F6573206E6F74D9
S315900327C020616C6C6F77207061636B657420717593
S315900327D0657565732100706275665F636F70795F67
S315900327E07061727469616C3A20696E76616C696422
S315900327F02062756600706275665F636F70795F704D
S3159003280061727469616C3A20696E76616C69642051
S315900328106461746170747200706275665F74616BE3
S31590032820653A20696E76616C69642062756600709C
S315900328306275665F74616B653A20696E76616C69E1
S3159003284064206461746170747200706275665F74FB
S31590032850616B653A20627566206E6F74206C617247
S31590032860676520656E6F75676800706275665F74DD
S31590032870616B653A20696E76616C696420706275E6
S315900328806600646964206E6F7420636F707920614B
S315900328906C6C206461746100636865636B2070621D
S315900328A075665F736B697020726573756C7400706F
S315900328B06275665F636F7079206661696C656400A3
S315900328C02E2E2F4D6964646C6577617265732F54F0
S315900328D0686972645F50617274792F4C7749502F8F
S315900328E07372632F636F72652F7261772E630072B3
S315900328F061772070636220726563762063616C6C86
S315900329006261636B20616C74657265642070627535
S3159003291066207061796C6F616420706F696E7465FF
S315900329207220776974686F757420656174696E67D0
S31590032930207061636B65740043616E2774207265C2
S3159003294073746F726520686561646572207765201C
S315900329506A7573742072656D6F76656421002E2E89
S315900329602F4D6964646C6577617265732F546869DA
S3159003297072645F50617274792F4C7749502F7372DA
S31590032980632F636F72652F7463702E630070636237
S3159003299020213D204E554C4C007463705F667265E2
S315900329A0653A204C495354454E007463705F62698F
S315900329B06E643A20696E76616C6964207063620016
S315900329C07463705F62696E643A2063616E206F6EA2
S315900329D06C792062696E6420696E20737461746584
S315900329E020434C4F534544007463705F6C69737412
S315900329F0656E5F776974685F6261636B6C6F675FBF
S31590032A00616E645F6572723A20696E76616C696411
S31590032A1020706362007463705F6C697374656E5F34
S31590032A20776974685F6261636B6C6F675F616E648D
S31590032A305F6572723A2070636220616C726561643D
S31590032A407920636F6E6E6563746564007463705FFB
S31590032A507570646174655F7263765F616E6E5F773E
S31590032A606E643A20696E76616C6964207063620065
S31590032A706E65775F7263765F616E6E5F776E642065
S31590032A803C3D20307866666666007463705F726557
S31590032A90637665643A20696E76616C6964207063C7
S31590032AA06200646F6E27742063616C6C207463702C
S31590032AB05F72656376656420666F72206C69737462
S31590032AC0656E2D70636273007463705F7365675F81
S31590032AD0636F70793A20696E76616C696420736569
S31590032AE06700696E76616C696420736F636B657456
S31590032AF020737461746520666F72207265637620A5
S31590032B0063616C6C6261636B00696E76616C696418
S31590032B1020736F636B657420737461746520666F3D
S31590032B20722073656E742063616C6C6261636B0073
S31590032B30696E76616C696420736F636B65742073D9
S31590032B407461746520666F72206572722063616C1E
S31590032B506C6261636B007463705F706F6C6C3A2028
S31590032B60696E76616C69642070636200696E7661E2
S31590032B706C696420736F636B657420737461746599
S31590032B8020666F7220706F6C6C007463705F6E65F5
S31590032B9078745F6973733A20696E76616C696420A1
S31590032BA0706362007463705F6566665F73656E6477
S31590032BB05F6D73735F6E657469663A20696E76614D
S31590032BC06C6964206473745F6970007463705F6387
S31590032BD06F6E6E6563743A20696E76616C69642074
S31590032BE0706362007463705F636F6E6E6563743A4D
S31590032BF020696E76616C69642069706164647200A1
S31590032C007463705F636F6E6E6563743A2063616E0F
S31590032C10206F6E6C7920636F6E6E65637420667237
S31590032C206F6D20737461746520434C4F5345440014
S31590032C307463705F7063625F70757267653A2069DB
S31590032C406E76616C696420706362007463705F7002
S31590032C5063625F72656D6F76653A20696E76616CB5
S31590032C60696420706362007463705F7063625F72FD
S31590032C70656D6F76653A20696E76616C69642070CE
S31590032C8063626C69737400756E73656E7420736595
S31590032C90676D656E7473206C65616B696E6700759D
S31590032CA06E61636B6564207365676D656E7473207F
S31590032CB06C65616B696E67006F6F73657120736581
S31590032CC0676D656E7473206C65616B696E6700746E
S31590032CD063705F6162616E646F6E3A20696E76614E
S31590032CE06C69642070636200646F6E2774206361FD
S31590032CF06C6C207463705F61626F72742F7463700F
S31590032D005F6162616E646F6E20666F72206C697329
S31590032D1074656E2D70636273007463705F61636331
S31590032D206570745F6E756C6C3A20696E76616C69CA
S31590032D306420706362007463705F6E657469665F26
S31590032D4069705F616464725F6368616E6765645F8F
S31590032D507063626C6973743A20696E76616C6964A8
S31590032D60206F6C645F61646472007463705F636CFC
S31590032D706F73655F73687574646F776E3A20696E67
S31590032D8076616C696420706362007063622D3E663F
S31590032D906C61677320262054465F5258434C4F53B9
S31590032DA04544007463705F667265655F6C6973749E
S31590032DB0656E3A20214C495354454E007463705FB7
S31590032DC0636C6F73653A20696E76616C6964207083
S31590032DD06362007463705F726563765F6E756C6C25
S31590032DE03A20696E76616C696420706362007463DD
S31590032DF0705F70726F636573735F72656675736583
S31590032E00645F646174613A20696E76616C6964206B
S31590032E10706362007463705F73687574646F776EC2
S31590032E203A20696E76616C6964207063620074639C
S31590032E30705F736C6F77746D723A206163746976A1
S31590032E4065207063622D3E737461746520213D2005
S31590032E50434C4F5345440A007463705F736C6F77AA
S31590032E60746D723A20616374697665207063622D1E
S31590032E703E737461746520213D204C495354454EED
S31590032E800A007463705F736C6F77746D723A206126
S31590032E906374697665207063622D3E73746174659D
S31590032EA020213D2054494D452D574149540A0074DC
S31590032EB063705F736C6F7774696D723A2070657225
S31590032EC073697374207469636B696E672077697429
S31590032ED06820696E2D666C69676874206461746195
S31590032EE0007463705F736C6F7774696D723A207058
S31590032EF0657273697374207469636B696E672077FF
S31590032F0069746820656D7074792073656E64206248
S31590032F107566666572007463705F736C6F77746DB4
S31590032F20723A206D6964646C652074637020213DE8
S31590032F30207463705F6163746976655F70636273AF
S31590032F40007463705F736C6F77746D723A20666901
S31590032F5072737420706362203D3D207463705F6169
S31590032F6063746976655F70636273007463705F738D
S31590032F706C6F77746D723A2054494D452D5741497C
S31590032F8054207063622D3E7374617465203D3D20B9
S31590032F9054494D452D57414954007463705F736C82
S31590032FA06F77746D723A206D6964646C652074638F
S31590032FB07020213D207463705F74775F70636273D2
S31590032FC0007463705F736C6F77746D723A20666981
S31590032FD072737420706362203D3D207463705F74D6
S31590032FE0775F70636273002E2E2F4D6964646C65F0
S31590032FF077617265732F54686972645F50617274F6
S31590033000792F4C7749502F7372632F636F72652FA5
S315900330107463705F696E2E63007463705F6F6F7312
S315900330205F696E736572745F7365676D656E743A87
S3159003303020696E76616C6964206373656700746357
S31590033040705F70617273656F70743A20696E7661A2
S315900330506C696420706362007063622D3E736E6464
S315900330605F71756575656C656E203E3D2070627502
S31590033070665F636C656E286E6578742D3E70290065
S315900330807463705F726563656976653A2076616C81
S315900330906964207175657565206C656E67746800E3
S315900330A07463705F726563656976653A2077726F4C
S315900330B06E6720737461746500696E7365672E70AD
S315900330C020213D204E554C4C00696E73616E6520F0
S315900330D06F666673657421007062756620746F6F90
S315900330E02073686F727421007463705F7265636591
S315900330F06976653A207365676D656E74206E6F7435
S31590033100207472696D6D656420636F727265637402
S315900331106C7920746F207263765F776E640A00749D
S3159003312063705F726563656976653A207365676DEB
S31590033130656E74206E6F74207472696D6D6564200C
S31590033140636F72726563746C7920746F206F6F739B
S3159003315065712071756575650A007463705F726534
S3159003316063656976653A207463706C656E203E205C
S315900331707263765F776E640A007463705F726563D9
S31590033180656976653A206F6F736571207463706CA9
S31590033190656E203E207263765F776E640A00746371
S315900331A0705F696E7075743A20696E76616C696446
S315900331B0207062756600702D3E6E65787420213D91
S315900331C0204E554C4C00702D3E6C656E203D3D2037
S315900331D03000702D3E746F745F6C656E203D3D209C
S315900331E0702D3E6E6578742D3E746F745F6C656E4C
S315900331F0007463705F696E7075743A206163746965
S315900332007665207063622D3E737461746520213DEB
S3159003321020434C4F534544007463705F696E7075D9
S31590033220743A20616374697665207063622D3E7388
S315900332307461746520213D2054494D452D5741496C
S3159003324054007463705F696E7075743A2061637429
S31590033250697665207063622D3E737461746520216F
S315900332603D204C495354454E007463705F696E70AC
S3159003327075743A207063622D3E6E65787420213D95
S315900332802070636220286265666F7265206361634E
S31590033290686529007463705F696E7075743A2070FF
S315900332A063622D3E6E65787420213D2070636220A3
S315900332B02861667465722063616368652900746327
S315900332C0705F696E7075743A2054494D452D574118
S315900332D04954207063622D3E7374617465203D3D3D
S315900332E02054494D452D57414954007463705F6985
S315900332F06E7075743A207063622D3E737461746553
S3159003330020213D20434C4F534544007063622D3E2C
S31590033310736E645F71756575656C656E203E20305E
S31590033320006E6F207365676D656E7420746F20668B
S31590033330726565007063622D3E6C697374656E6524
S31590033340722D3E61636365707420213D204E554C0A
S315900333504C007063622D3E726566757365645F6437
S31590033360617461203D3D204E554C4C002E2E2F4DC1
S315900333706964646C6577617265732F546869726466
S315900333805F50617274792F4C7749502F7372632F04
S31590033390636F72652F7463705F6F75742E630074B9
S315900333A063705F6F75747075745F7365676D656EC3
S315900333B0745F627573793A20696E76616C6964207D
S315900333C0736567007463705F706275665F7072652C
S315900333D0616C6C6F633A20696E76616C6964207078
S315900333E06362006E65656420756E636861696E6578
S315900333F0642070627566007463705F63726561744E
S31590033400655F7365676D656E743A20696E76616CF8
S31590033410696420706362007463705F63726561743C
S31590033420655F7365676D656E743A20696E76616CD8
S315900334306964207062756600702D3E746F745F6C5C
S31590033440656E203E3D206F70746C656E0063686593
S31590033450636B2074686174206669727374207062FA
S3159003346075662063616E20686F6C642073747275E1
S315900334706374207463705F686472007463705F6FC3
S3159003348075747075745F616C6C6F635F6865616406
S3159003349065723A20696E76616C6964207063620026
S315900334A07463705F6F75747075745F66696C6C5FC7
S315900334B06F7074696F6E733A20696E76616C696426
S315900334C02070627566007463705F6F75747075743F
S315900334D05F636F6E74726F6C5F7365676D656E74A1
S315900334E03A20696E76616C696420706275660074C1
S315900334F063705F77726974653A20696E76616C69F9
S315900335006420706362007463705F77726974653A5E
S3159003351020617267203D3D204E554C4C2028707299
S315900335206F6772616D6D65722076696F6C61746594
S31590033530732041504929007463705F77726974658B
S315900335403A207062756673206F6E20717565756526
S31590033550203D3E206174206C65617374206F6E65A7
S31590033560207175657565206E6F6E2D656D707479B6
S31590033570007463705F77726974653A206E6F20701A
S3159003358062756673206F6E207175657565203D3E15
S3159003359020626F74682071756575657320656D70AB
S315900335A07479006D73735F6C6F63616C20697320BC
S315900335B0746F6F20736D616C6C00696E636F6E735D
S315900335C0697374656E74206F76657273697A652014
S315900335D076732E20737061636500696E636F6E7385
S315900335E0697374656E74206F76657273697A6520F4
S315900335F076732E206C656E007463705F7772697450
S31590033600653A20524F4D2070627566732063616EE2
S315900336106E6F74206265206F76657273697A6564DE
S3159003362000756E73656E745F6F76657273697A658E
S31590033630206D69736D6174636820287063622D3E93
S31590033640756E73656E74206973204E554C4C2900C4
S315900336507463705F77726974653A20636865636BA8
S3159003366020746861742066697273742070627566DB
S315900336702063616E20686F6C642074686520636F45
S315900336806D706C657465207365676C656E006F7697
S31590033690657273697A65203D3D2030007072657658
S315900336A05F73656720213D204E554C4C00746370C3
S315900336B05F77726974653A2063616E6E6F74206387
S315900336C06F6E636174656E617465207768656E204D
S315900336D07063622D3E756E73656E74206973206593
S315900336E06D707479007463705F77726974653A204C
S315900336F0657874656E73696F6E206F662072656602
S315900337006572656E636520726571756972657320FE
S315900337107265666572656E6365007463705F7772D2
S315900337206974653A2076616C69642071756575650F
S31590033730206C656E677468007463705F73706C69F0
S31590033740745F756E73656E745F7365673A20696EA1
S3159003375076616C6964207063620043616E2774209E
S3159003376073706C6974207365676D656E7420696E8A
S31590033770746F206C656E67746820300073706C6923
S3159003378074203C3D206D737300757365672D3E6C95
S31590033790656E203E2030007463705F656E7175654B
S315900337A075655F666C6167733A206E6565642065BF
S315900337B06974686572205443505F53594E206F72F3
S315900337C0205443505F46494E20696E20666C61676C
S315900337D073202870726F6772616D6D65722076695A
S315900337E06F6C617465732041504929007463705FEF
S315900337F0656E71756575655F666C6167733A206909
S315900338006E76616C696420706362007463705F6541
S315900338106E71756575655F666C6167733A206368EB
S3159003382065636B2074686174206669727374207023
S315900338306275662063616E20686F6C64206F707426
S315900338406C656E007365672D3E7463706864722051
S315900338506E6F7420616C69676E6564007463705FE4
S31590033860656E71756575655F666C6167733A206998
S315900338706E76616C6964207365676D656E74206C92
S31590033880656E677468007463705F656E7175657550
S31590033890655F666C6167733A20696E76616C69647D
S315900338A0207175657565206C656E677468007463C1
S315900338B0705F73656E645F66696E3A20696E766152
S315900338C06C696420706362007463705F7265786D6F
S315900338D069745F72746F5F707265706172653A2016
S315900338E0696E76616C696420706362007463705F5D
S315900338F07265786D69743A20696E76616C69642035
S31590033900706362007463705F7265786D69745F66E5
S315900339106173743A20696E76616C69642070636230
S31590033920007463705F7273743A20696E76616C6922
S3159003393064206C6F63616C5F6970007463705F720F
S3159003394073743A20696E76616C69642072656D6FE3
S3159003395074655F6970007463705F73656E645F65A9
S315900339606D7074795F61636B3A20696E76616C6989
S315900339706420706362007463705F6F75747075749E
S315900339803A20696E76616C69642070636200646F35
S315900339906E27742063616C6C207463705F6F7574AB
S315900339A070757420666F72206C697374656E2D7072
S315900339B063627300525354206E6F742065787065FA
S315900339C063746564206865726521006F7074696FAE
S315900339D06E73206E6F742066696C6C656400746395
S315900339E0705F7265786D69745F72746F5F636F6D84
S315900339F06D69743A20696E76616C6964207063624E
S31590033A00007463705F7265786D69745F72746F3AF0
S31590033A1020696E76616C696420706362007463706A
S31590033A205F6B656570616C6976653A20696E7661E0
S31590033A306C696420706362007463705F7A65726FF9
S31590033A405F77696E646F775F70726F62653A2069AC
S31590033A506E76616C696420706362002E2E2F4D69B9
S31590033A6064646C6577617265732F54686972645F79
S31590033A7050617274792F4C7749502F7372632F6309
S31590033A806F72652F74696D656F7574732E630073AA
S31590033A9079735F74696D656F75743A2074696D6532
S31590033AA06F757420213D204E554C4C2C20706F6FB2
S31590033AB06C204D454D505F5359535F54494D454F77
S31590033AC0555420697320656D7074790054696D65DA
S31590033AD06F75742074696D6520746F6F206C6F6E4B
S31590033AE0672C206D6178206973204C5749505F5538
S31590033AF0494E5433325F4D41582F34206D7365636D
S31590033B0073002E2E2F4D6964646C657761726573AD
S31590033B102F54686972645F50617274792F4C774938
S31590033B20502F7372632F636F72652F7564702E6354
S31590033B30007564705F696E7075743A20696E76610C
S31590033B406C69642070627566007564705F696E70E7
S31590033B5075743A20696E76616C6964206E657469D2
S31590033B6066007564705F696E7075745F6C6F636180
S31590033B706C5F6D617463683A20696E76616C696493
S31590033B80206E6574696600706275665F72656D6FA7
S31590033B9076655F686561646572206661696C656464
S31590033BA00A007564705F62696E643A20696E766125
S31590033BB06C696420706362007564705F73656E648C
S31590033BC0746F5F69665F7372633A20696E76616C30
S31590033BD0696420706362007564705F73656E647464
S31590033BE06F5F69665F7372633A20696E76616C691B
S31590033BF0642070627566007564705F73656E647435
S31590033C006F5F69665F7372633A20696E76616C69FA
S31590033C1064206473745F6970007564705F73656E16
S31590033C2064746F5F69665F7372633A20696E7661D7
S31590033C306C6964207372635F6970007564705F73F7
S31590033C40656E64746F5F69665F7372633A20696EBB
S31590033C5076616C6964206E657469660063686563F2
S31590033C606B207468617420666972737420706275D0
S31590033C70662063616E20686F6C64207374727563DB
S31590033C8074207564705F686472007564705F7365A1
S31590033C906E64746F5F69663A20696E76616C696467
S31590033CA020706362007564705F73656E64746F5F92
S31590033CB069663A20696E76616C696420706275668E
S31590033CC0007564705F73656E64746F5F69663A209E
S31590033CD0696E76616C6964206473745F697000754C
S31590033CE064705F73656E64746F5F69663A20696E1C
S31590033CF076616C6964206E65746966007564705F3D
S31590033D0073656E64746F3A20696E76616C6964202C
S31590033D10706362007564705F73656E64746F3A2046
S31590033D20696E76616C6964207062756600756470FD
S31590033D305F73656E64746F3A20696E76616C6964BD
S31590033D40206473745F6970007564705F73656E64E5
S31590033D503A20696E76616C6964207063620075645B
S31590033D60705F73656E643A20696E76616C696420E0
S31590033D7070627566007564705F636F6E6E6563746B
S31590033D803A20696E76616C6964207063620075642B
S31590033D90705F636F6E6E6563743A20696E76616C5D
S31590033DA0696420697061646472007564705F72659A
S31590033DB063763A20696E76616C69642070636200FB
S31590033DC07564705F72656D6F76653A20696E76611C
S31590033DD06C696420706362002E2E2F4D6964646C47
S31590033DE06577617265732F54686972645F50617207
S31590033DF074792F4C7749502F7372632F636F726563
S31590033E002F697076342F646863702E6300646863D9
S31590033E10705F6F7074696F6E5F73686F72743A20B8
S31590033E206F7074696F6E735F6F75745F6C656E2078
S31590033E302B2032203C3D20444843505F4F505449F9
S31590033E404F4E535F4C454E00646863705F6F70745A
S31590033E50696F6E3A206F7074696F6E735F6F757466
S31590033E605F6C656E202B2032202B206F7074696FE8
S31590033E706E5F6C656E203C3D20444843505F4F50C7
S31590033E8054494F4E535F4C454E00646863705F6F61
S31590033E907074696F6E5F627974653A206F70746936
S31590033EA06F6E735F6F75745F6C656E203C204448CC
S31590033EB043505F4F5054494F4E535F4C454E0064A9
S31590033EC06863705F6F7074696F6E5F6C6F6E673ADD
S31590033ED0206F7074696F6E735F6F75745F6C656EC8
S31590033EE0202B2034203C3D20444843505F4F505470
S31590033EF0494F4E535F4C454E00646863705F6372DF
S31590033F00656174655F6D73673A206E657469662043
S31590033F10213D204E554C4C00646863705F63726517
S31590033F206174655F6D73673A206468637020213DA1
S31590033F30204E554C4C00646863705F637265617480
S31590033F40655F6D73673A20636865636B2074686118
S31590033F507420666972737420706275662063616EED
S31590033F6020686F6C642073747275637420646863DD
S31590033F70705F6D736700646863705F62696E643ABD
S31590033F80206E6574696620213D204E554C4C006425
S31590033F906863705F62696E643A2064686370202117
S31590033FA03D204E554C4C00646863705F696E635F49
S31590033FB07063625F726566636F756E7428293A20C3
S31590033FC06D656D6F7279206C65616B006468637063
S31590033FD05F7063625F726566636F756E7428293A64
S31590033FE020726566636F756E74206572726F720068
S31590033FF0646863705F73656C6563743A206E657409
S31590034000696620213D204E554C4C00646863705F71
S3159003401073656C6563743A206468637020213D20F0
S315900340204E554C4C006C656E203D3D2034006C65BE
S315900340306E203E3D206465636F64655F6C656E00BC
S315900340406C656E203D3D2031006F7665726C6F61B5
S315900340506420696E2066696C652F736E616D650069
S31590034060636865636B206465636F64655F69647891
S31590034070006465636F64655F6C656E2025252034E7
S31590034080203D3D2030006E65787420706275662001
S31590034090776173206E756C6C006E657469662061CA
S315900340A06C726561647920686173206120737472A0
S315900340B075637420646863702073657400696E76A3
S315900340C0616C696420646863702D3E737461746572
S315900340D0006E65746966206973206E6F74207570BF
S315900340E02C206F6C64207374796C6520706F727476
S315900340F03F002E2E2F4D6964646C657761726573EC
S315900341002F54686972645F50617274792F4C774942
S31590034110502F7372632F636F72652F697076342F86
S315900341206574686172702E63006172705F74616208
S315900341306C655B695D2E71203D3D204E554C4C0060
S315900341406172705F7461626C655B695D2E73746195
S315900341507465203D3D204554484152505F53544128
S3159003416054455F454D50545900636865636B20749D
S3159003417068617420666972737420706275662063D1
S31590034180616E20686F6C64207374727563742065B6
S3159003419074686172705F686472006E657469662D87
S315900341A03E6877616464725F6C656E206D75737437
S315900341B0206265207468652073616D652061732044
S315900341C04554485F4857414444525F4C454E206698
S315900341D06F7220657468617270210069706164649E
S315900341E07220213D204E554C4C006574685F726574
S315900341F07420213D204E554C4C006E657469662D96
S315900342003E6877616464725F6C656E203D3D2045C0
S3159003421054485F4857414444525F4C454E0061723F
S31590034220705F7461626C655B6172705F6964785D7F
S315900342302E7374617465203E3D2045544841525017
S315900342405F53544154455F535441424C45007479EE
S315900342507065206F766572666C6F77006E6F2070EF
S3159003426061636B65742071756575657320616C6C9C
S315900342706F77656421002E2E2F4D6964646C657784
S31590034280617265732F54686972645F506172747951
S315900342902F4C7749502F7372632F636F72652F6913
S315900342A07076342F69636D702E6300636865636BF4
S315900342B0207468617420666972737420706275667F
S315900342C02063616E20686F6C642069636D70206DE6
S315900342D06573736167650069636D705F696E707509
S315900342E0743A206D6F76696E6720722D3E70617990
S315900342F06C6F616420746F2069636D70206865616B
S31590034300646572206661696C65640A0069636D70A1
S315900343105F696E7075743A20726573746F72696EA5
S3159003432067206F726967696E616C20702D3E70614C
S31590034330796C6F6164206661696C65640A002E2EE0
S315900343402F4D6964646C6577617265732F546869E0
S3159003435072645F50617274792F4C7749502F7372E0
S31590034360632F636F72652F697076342F6970342E5D
S315900343706300702D3E726566203D3D203100636873
S3159003438065636B20746861742066697273742070B8
S315900343906275662063616E20686F6C6420737472B5
S315900343A07563742069705F686472002E2E2F4D6951
S315900343B064646C6577617265732F54686972645F20
S315900343C050617274792F4C7749502F7372632F63B0
S315900343D06F72652F697076342F6970345F61646488
S315900343E0722E63002E2E2F4D6964646C657761720D
S315900343F065732F54686972645F50617274792F4C38
S315900344007749502F7372632F636F72652F69707636
S31590034410342F6970345F667261672E630073616EC1
S3159003442069747920636865636B206C696E6B6564E8
S31590034430206C697374007072657620213D206970D3
S315900344407200707265762D3E6E657874203D3D20C0
S315900344506970720070627566735F667265656420D3
S315900344602B20636C656E203C3D20307866666666CD
S315900344700069705F72656173735F70627566636F6F
S31590034480756E74203E3D2070627566735F667265C5
S3159003449065640070637220213D204E554C4C006339
S315900344A06865636B20667261676D656E747320646D
S315900344B06F6E2774206F7665726C6170006E6F20D5
S315900344C070726576696F757320667261676D656ED6
S315900344D0742C2074686973206D75737420626520DB
S315900344E074686520666972737420667261676D6518
S315900344F06E74210073616E69747920636865636B6A
S315900345000076616C69646174655F646174616772F6
S31590034510616D3A6E6578745F70627566213D4E552E
S315900345204C4C0069705F72656173735F70627566F8
S31590034530636F756E74203E3D20636C656E006E6F7F
S3159003454074206669727374616C74686F756768209A
S315900345506A75737420656E717565756564006970A7
S31590034560345F6672616728293A2070627566207493
S315900345706F6F2073686F72740074686973206E65C9
S315900345806564732061207062756620696E206F6E14
S31590034590652070696563652100702D3E6C656E209C
S315900345A03E3D20706F6666002E2E2F4D6964646CB7
S315900345B06577617265732F54686972645F5061722F
S315900345C074792F4C7749502F7372632F6E65746984
S315900345D0662F65746865726E65742E63006E657476
S315900345E069662D3E6877616464725F6C656E206D53
S315900345F0757374206265203620666F7220657468C1
S3159003460065726E65745F6F7574707574210052452B
S31590034610454E54206D616C6C6F632073756363654F
S3159003462065646564002F6275696C642F676E752D7A
S31590034630746F6F6C732D666F722D73746D33325FF7
S3159003464031332E332E72656C312E3230323430390B
S3159003465032362D313731352F7372632F6E65776C02
S3159003466069622F6E65776C69622F6C6962632F73CB
S3159003467074646C69622F72616E642E6300545A007F
S31590034680474D54002531315B2D2B302D39412D5A11
S31590034690612D7A5D256E002531315B412D5A612D51
S315900346A07A5D256E004D256875256E2E25687525D0
S315900346B06E2E256875256E002F256875256E3A250D
S315900346C06875256E3A256875256E002C2066756E7D
S315900346D06374696F6E3A2000617373657274696F60
S315900346E06E2022257322206661696C65643A206682
S315900346F0696C6520222573222C206C696E652025B2
S3159003470064257325730A00232D302B2000686C4C87
S315900347100065666745464700303132333435363760
S315900347203839414243444546003031323334353685
S3159003473037383961626364656600412D46612D663B
S31590034740383930313233343536375D002B2D0030DE
S31590034750300078580000000088AF0290D4AF0290E2
S315900347600AB0029035B0029073B00290F0B0029006
S315900347706AB102901AB20290BFB202901CB3029031
S3159003478060B30290C3B302903BB40290333933368D
S315900347903437364E0031303435313838315700316D
S315900347A03735372E3400000031C502907C43039091
S315900347B054170390EE16039031C5029037C50290B5
S315900347C03CC5029040C5029042D5029047D50290CF
S315900347D088D50290C5D502900BD602904DD60290FD
S315900347E08DD60290C8D6029003D702903ED70290F8
S315900347F082D70290C4D70290DADA029010DB029045
S315900348004DDB02907BDB0290AEDB0290BDDD029026
S3159003481005DE02904DDE0290F0DF0290A7E0029053
S31590034820CAE00290EDE002908BE1029051E2029091
S31590034830BFE30290FCE30290AAE402904EE5029055
S31590034840A1E602902D5C7C2F010000000A00000077
S3159003485064000000E803000010270000A086010012
S3159003486040420F000000000050C30000A861000002
S3159003487068420000C8320000102700002823000079
S31590034880401F0000581B000070170000881300009B
S315900348908813000088130000A00F0000A00F0000EB
S315900348A0A00F0000A00F0000D0070000D007000063
S315900348B0D0070000D0070000D0070000D007000003
S315900348C0D0070000D007000010000000040000008D
S315900348D000000000000000004000000002000000FD
S315900348E00000000000000000A40B03903D7D0290A1
S315900348F0FFFF000000000000000100000000000020
S3159003490000000000960B0390496800080000000021
S3159003491000000000000200000000000000000000FC
S31590034920880B0390096F02900000000000000000BE
S31590034930000200000000000000000000790B0390C5
S3159003494015730290000000000000000000020000B2
S3159003495000000000000000006B0B0390512B000831
S3159003496000000000000000000002000000000000AC
S31590034970000000005E0B0390012300080000000076
S31590034980000000000002000000000000000000008C
S315900349904F0B0390E96802900000000000000000AE
S315900349A0000200000000000000000000420B03908C
S315900349B0196A0008000000000000000000020000D1
S315900349C00000000000000000320B0390A5850290C2
S315900349D0000000000000000000020000000000003C
S315900349E0000000000000000001020304010203041A
S315900349F006070809B1110390B5110390F7120390B6
S31590034A00321303909B140390D414039011150390BF
S31590034A105C15039092150390E0150390131603907B
S31590034A20521603908316039000061016000610166E
S31590034A30010002000400060008000A000C001000A2
S31590034A4020004000800000010804020408010101CF
S31590034A500101010307010000200618000001003040
S31590034A60B8770024511803901501019003000000B4
S31590034A7000000000BC0200000000000000000000DF
S31590034A8049180390B9000190FFFF00000000000051
S31590034A9000030000000000000000000049444C455C
S31590034AA000000000092563092575092575092575F3
S31590034AB00D0A00000925750909257525250D0A0096
S31590034AC009257509093C3125250D0A00D84A039015
S31590034AD0D94A0390DA4A039000000000B04B039042
S31590034AE0A44B0390984B03908C4B0390804B03906D
S31590034AF0744B0390684B03905C4B0390504B03901D
S31590034B00444B0390384B03902C4B0390204B0390CC
S31590034B10144B039060022000201E01241C1E0124C6
S31590034B2010002000286A0124246A0124100006003C
S31590034B30306C01242C6C012410000800986C01241D
S31590034B40946C012410000800206D01241C6D01242F
S31590034B5028000800A86D0124A46D01241000040008
S31590034B60F06E0124EC6E012418000F00386F0124B7
S31590034B70346F012420000500A8700124A470012439
S31590034B8010001000507101244C7101241C00080080
S31590034B9058720124547201249C000400407301242A
S31590034BA03C73012420000400B8750124B4750124D4
S31590034BB01C000400407601243C760124D07601241F
S31590034BC0D4760124CC760124C876012403060C18E6
S31590034BD030607801020304050607070707070707EE
S31590034BE0FA0000005D7F0190E803000091D10190E7
S31590034BF0E803000005C5019060EA000011BF01902B
S31590034C00F401000085C00190E8030000F954019077
S31590034C1001031C06FFFFFFFF0000000000000000D9
S31590034C200000FFFFFFFFFFFF0000000000000000F1
S31590034C3000040000B80A0490C04C0390E0030000FF
S31590034C4080000000B8160490805403907000000012
S31590034C501000000038180490605503900C00000073
S31590034C60000800006818049078550390C007000068
S31590034C700001000068300490F8640390F00000008F
S31590034C802000000068330490D86603901800000053
S31590034C9000100000C833049008670390C00F00000B
S31590034CA000020000C863049088860390E001000028
S31590034CB040000000C8690490488A039038000000B9
S31590034CC008000010100000081800001820000004C7
S31590034CD0280000143000000C3800001C400000022D
S31590034CE0480000125000000A5800001A600000069F
S31590034CF0680000167000000E7800001E8000000108
S31590034D00880000119000000998000019A000000582
S31590034D10A8000015B000000DB800001DC0000003E8
S31590034D20C8000013D000000BD800001BE00000075A
S31590034D30E8000017F000000FF800001F080180102C
S31590034D40100180081801801820018004280180141E
S31590034D503001800C3801801C40018002480180128A
S31590034D605001800A5801801A6001800668018016F6
S31590034D707001800E7801801E880180119001800950
S31590034D8098018019A0018005A8018015B001800DB6
S31590034D90B801801DC0018003C8018013D001800B28
S31590034DA0D801801BE0018007E8018017F001800F8E
S31590034DB0F801801F0802401010024008180240189C
S31590034DC020024004280240143002400C3802401C52
S31590034DD0480240125002400A5802401A60024006A6
S31590034DE0680240167002400E7802401E88024011F7
S31590034DF09002400998024019A0024005A802401566
S31590034E00B002400DB802401DC0024003C8024013D1
S31590034E10D002400BD802401BE0024007E80240173D
S31590034E20F002400FF802401F0803C0101003C00899
S31590034E301803C0182003C0042803C0143003C00C01
S31590034E403803C01C4803C0125003C00A5803C01A43
S31590034E506003C0066803C0167003C00E7803C01EB5
S31590034E608803C0119003C0099803C019A003C00515
S31590034E70A803C015B003C00DB803C01DC803C01363
S31590034E80D003C00BD803C01BE003C007E803C017C9
S31590034E90F003C00FF803C01F080420101004200865
S31590034EA018042018280420143004200C3804201CDD
S31590034EB0480420125004200A5804201A600420063D
S31590034EC0680420167004200E7804201E880420118E
S31590034ED09004200998042019A0042005A8042015FD
S31590034EE0B004200DB804201DC8042013D004200B51
S31590034EF0D804201BE0042007E8042017F004200FB1
S31590034F00F804201F0805A0101005A0081805A0187E
S31590034F102805A0143005A00C3805A01C4805A0123E
S31590034F205005A00A5805A01A6005A0066805A016A4
S31590034F307005A00E7805A01E8805A0119005A009FE
S31590034F409805A019A805A015B005A00DB805A01D34
S31590034F50C805A013D005A00BD805A01BE005A00794
S31590034F60E805A017F005A00FF805A01F0806601026
S31590034F701006600818066018280660143006600C40
S31590034F803806601C480660125006600A5806601A76
S31590034F90680660167006600E7806601E88066011B5
S31590034FA09006600998066019A8066015B006600D0C
S31590034FB0B806601DC8066013D006600BD806601B42
S31590034FC0E0066007E8066017F006600FF806601FB4
S31590034FD00807E0101007E0081807E0182807E01400
S31590034FE03007E00C3807E01C4807E0125007E00A48
S31590034FF05807E01A6807E0167007E00E7807E01E78
S315900350008807E0119007E0099807E019A807E015CB
S31590035010B007E00DB807E01DC807E013D007E00B13
S31590035020D807E01BE807E017F007E00FF807E01F43
S315900350300808101018081018280810143008100CB7
S315900350403808101C480810125008100A5808101AED
S31590035050680810167008100E7808101E880810112C
S315900350609008100998081019A8081015B008100D83
S31590035070B808101DC8081013D008100BD808101BB9
S31590035080E8081017F008100FF808101F0809901079
S3159003509018099018280990143009900C3809901C17
S315900350A0480990125009900A5809901A680990165F
S315900350B07009900E7809901E880990119809901995
S315900350C0A8099015B009900DB809901DC8099013B9
S315900350D0D009900BD809901BE8099017F009900F07
S315900350E0F809901F080A5010180A5018280A5014E5
S315900350F0300A500C380A501C480A5012580A501A53
S31590035100680A5016700A500E780A501E880A501173
S31590035110980A5019A80A5015B00A500DB80A501D8E
S31590035120C80A5013D00A500BD80A501BE80A5017D6
S31590035130F00A500FF80A501F080BD010180BD0180E
S31590035140280BD014300BD00C380BD01C480BD01234
S31590035150580BD01A680BD016700BD00E780BD01E46
S31590035160880BD011980BD019A80BD015B00BD00D76
S31590035170B80BD01DC80BD013D80BD01BE80BD01788
S31590035180F00BD00FF80BD01F080C3010180C3018FA
S31590035190280C3014380C301C480C3012580C301A2A
S315900351A0680C3016700C300E780C301E880C30114B
S315900351B0980C3019A80C3015B00C300DB80C301D66
S315900351C0C80C3013D80C301BE80C3017F00C300F8A
S315900351D0F80C301F080DB010180DB018280DB01428
S315900351E0380DB01C480DB012580DB01A680DB01694
S315900351F0700DB00E780DB01E880DB011980DB019C4
S31590035200A80DB015B80DB01DC80DB013D80DB01BB1
S31590035210E80DB017F00DB00FF80DB01F080E701013
S31590035220180E7018280E7014380E701C480E7012D3
S31590035230580E701A680E7016780E701E880E7011BE
S31590035240980E7019A80E7015B80E701DC80E7013AF
S31590035250D80E701BE80E7017F00E700FF80E701FB5
S31590035260080FF010180FF018280FF014380FF01CD1
S31590035270480FF012580FF01A680FF016780FF01EB9
S31590035280880FF011980FF019A80FF015B80FF01DAD
S31590035290C80FF013D80FF01BE80FF017F80FF01F95
S315900352A018100818281008143810081C48100812EB
S315900352B05810081A681008167810081E88100811D6
S315900352C098100819A8100815B810081DC8100813C7
S315900352D0D810081BE8100817F810081F181188181B
S315900352E0281188143811881C481188125811881A65
S315900352F0681188167811881E98118819A81188152F
S31590035300B811881DC8118813D811881BE8118817FE
S31590035310F811881F18124818281248143812481C76
S315900353205812481A681248167812481E9812481945
S31590035330A8124815B812481DC8124813D812481B0C
S31590035340E8124817F812481F1813C8182813C814D8
S315900353503813C81C5813C81A6813C8167813C81E6E
S315900353609813C819A813C815B813C81DD813C81B02
S31590035370E813C817F813C81F181428183814281CCC
S315900353805814281A681428167814281E981428195D
S31590035390A8142815B814281DD814281BE814281700
S315900353A0F814281F1815A8183815A81C5815A81AE4
S315900353B06815A8167815A81E9815A819B815A81DC6
S315900353C0D815A81BE815A817F815A81F1816681856
S315900353D03816681C5816681A7816681E981668192F
S315900353E0B816681DD816681BE8166817F816681F4E
S315900353F01817E8183817E81C5817E81A7817E81E8C
S315900354009817E819B817E81DD817E81BF817E81F77
S315900354103818181C5818181A7818181E9818181926
S31590035420B818181DD818181BF818181F3819981C6F
S315900354305819981A7819981EB819981DD819981B3F
S31590035440F819981F381A581C781A581EB81A581DE6
S31590035450D81A581BF81A581F381BD81C781BD81EF5
S31590035460B81BD81DF81BD81F781C381EB81C381DBE
S31590035470F81C381F781DB81EF81DB81FF81E781F24
S3159003548008000002100000011800000320008000AD
S3159003549028008002300080013800800348004002D3
S315900354A050004001580040036000C0006800C002ED
S315900354B07000C0017800C00388002002900020018C
S315900354C098002003A800A002B000A001B800A00392
S315900354D0C8006002D0006001D8006003E800E002D3
S315900354E0F000E001F800E003080110021801100330
S315900354F0280190023001900138019003480150022F
S31590035500580150036801D0027001D0017801D0038D
S315900355108801300298013003A801B002B801B003A4
S31590035520C8017002D8017003E801F002F801F00394
S31590035530180208032802880238028803580248038F
S315900355406802C8027802C80398022803B802A8031F
S31590035550D8026803F802E803380398037803D8035C
S31590035560080040001000200018006000280050003A
S3159003557038007000580068000800002010000010E2
S31590035580180000302000000828000028300000187A
S3159003559038000038400000044800002450000014EE
S315900355A0580000346000000C6800002C7000001C4A
S315900355B07800003C800000028800002290000012D0
S315900355C098000032A000000AA800002AB000001A32
S315900355D0B800003AC0000006C8000026D0000016A6
S315900355E0D8000036E000000EE800002EF000001E02
S315900355F0F800003E08010021100100111801003146
S3159003560020010009280100293001001938010039C9
S315900356104001000548010025500100155801003549
S315900356206001000D6801002D7001001D7801003D99
S315900356308001000388010023900100139801003331
S31590035640A001000BA801002BB001001BB801003B81
S31590035650C0010007C8010027D0010017D801003701
S31590035660E001000FE801002FF001001FF801003F51
S3159003567008028020100280101802803020028008D1
S31590035680280280283002801838028038400280042D
S315900356904802802450028014580280346002800CA1
S315900356A06802802C7002801C7802803C88028022DB
S315900356B09002801298028032A002800AA802802A61
S315900356C0B002801AB802803AC0028006C8028026C9
S315900356D0D0028016D8028036E002800EE802802E31
S315900356E0F002801EF802803E080380211003801189
S315900356F018038031200380092803802930038019F9
S31590035700380380394003800548038025500380156C
S31590035710580380356003800D6803802D7003801DC8
S315900357207803803D88038023900380139803803306
S31590035730A003800BA803802BB003801BB803803B88
S31590035740C0038007C8038027D0038017D803803708
S31590035750E003800FE803802FF003801FF803803F58
S3159003576008044020100440101804403020044008D8
S31590035770280440283004401838044038480440240C
S3159003578050044014580440346004400C6804402C80
S315900357907004401C7804403C8804402290044012D4
S315900357A098044032A004400AA804402AB004401A40
S315900357B0B804403AC0044006C8044026D0044016B4
S315900357C0D8044036E004400EE804402EF004401E10
S315900357D0F804403E08054021100540111805403154
S315900357E020054009280540293005401938054039D8
S315900357F04805402550054015580540356005400D30
S315900358006805402D7005401D7805403D8805402369
S315900358109005401398054033A005400BA805402BEF
S31590035820B005401BB805403BC0054007C805402757
S31590035830D0054017D8054037E005400FE805402FBF
S31590035840F005401FF805403F0806C0201006C0101B
S315900358501806C0302006C0082806C0283006C0188F
S315900358603806C0384806C0245006C0145806C034BB
S315900358706006C00C6806C02C7006C01C7806C03C37
S315900358808806C0229006C0129806C032A006C00AA7
S31590035890A806C02AB006C01AB806C03AC806C026DB
S315900358A0D006C016D806C036E006C00EE806C02E4F
S315900358B0F006C01EF806C03E0807C0211007C011A7
S315900358C01807C0312007C0092807C0293007C01917
S315900358D03807C0394807C0255007C0155807C03543
S315900358E06007C00D6807C02D7007C01D7807C03DBF
S315900358F08807C0239007C0139807C033A007C00B2F
S31590035900A807C02BB007C01BB807C03BC807C02762
S31590035910D007C017D807C037E007C00FE807C02FD6
S31590035920F007C01FF807C03F080820201008201072
S3159003593018082030280820283008201838082038DE
S315900359404808202450082014580820346008200C56
S315900359506808202C7008201C7808203C8808202290
S315900359609008201298082032A008200AA808202A16
S31590035970B008201AB808203AC8082026D00820165E
S31590035980D8082036E008200EE808202EF008201EBE
S31590035990F808203E08092021100920111809203102
S315900359A02809202930092019380920394809202542
S315900359B050092015580920356009200D6809202DB6
S315900359C07009201D7809203D88092023900920130A
S315900359D098092033A009200BA809202BB009201B76
S315900359E0B809203BC8092027D0092017D8092037A2
S315900359F0E009200FE809202FF009201FF809203F1E
S31590035A00080AA020100AA010180AA030280AA02875
S31590035A10300AA018380AA038480AA024500AA014BD
S31590035A20580AA034600AA00C680AA02C700AA01C1D
S31590035A30780AA03C880AA022900AA012980AA0325B
S31590035A40A80AA02AB00AA01AB80AA03AC80AA02699
S31590035A50D00AA016D80AA036E00AA00EE80AA02E0D
S31590035A60F00AA01EF80AA03E080BA021100BA01165
S31590035A70180BA031280BA029300BA019380BA0398D
S31590035A80480BA025500BA015580BA035600BA00D05
S31590035A90680BA02D700BA01D780BA03D880BA0233F
S31590035AA0900BA013980BA033A80BA02BB00BA01BA5
S31590035AB0B80BA03BC80BA027D00BA017D80BA037C9
S31590035AC0E00BA00FE80BA02FF00BA01FF80BA03F45
S31590035AD0080C6020100C6010180C6030280C60289D
S31590035AE0300C6018380C6038480C6024500C6014E5
S31590035AF0580C6034680C602C700C601C780C603CFD
S31590035B00880C6022900C6012980C6032A80C602A64
S31590035B10B00C601AB80C603AC80C6026D00C6016AC
S31590035B20D80C6036E00C600EE80C602EF00C601E0C
S31590035B30F80C603E080D6021100D6011180D603150
S31590035B40280D6029300D6019380D6039480D602590
S31590035B50500D6015580D6035680D602D700D601DE4
S31590035B60780D603D880D6023900D6013980D60331A
S31590035B70A80D602BB00D601BB80D603BC80D602758
S31590035B80D00D6017D80D6037E00D600FE80D602FCC
S31590035B90F00D601FF80D603F080EE020100EE01028
S31590035BA0180EE030280EE028300EE018380EE03854
S31590035BB0480EE024500EE014580EE034680EE02CA4
S31590035BC0700EE01C780EE03C880EE022900EE012F8
S31590035BD0980EE032A80EE02AB00EE01AB80EE03A1C
S31590035BE0C80EE026D00EE016D80EE036E80EE02E6C
S31590035BF0F00EE01EF80EE03E080FE021100FE011C4
S31590035C00180FE031280FE029300FE019380FE039EB
S31590035C10480FE025500FE015580FE035680FE02D3B
S31590035C20700FE01D780FE03D880FE023900FE0138F
S31590035C30980FE033A80FE02BB00FE01BB80FE03BB3
S31590035C40C80FE027D00FE017D80FE037E80FE02F03
S31590035C50F00FE01FF80FE03F0810102018101030D7
S31590035C6028101028301010183810103848101024A7
S31590035C7050101014581010346810102C7010101CFB
S31590035C807810103C88101022901010129810103231
S31590035C90A810102AB010101AB810103AC81010266F
S31590035CA0D0101016D8101036E810102EF010101EC3
S31590035CB0F810103E081110211811103128111029CF
S31590035CC0301110193811103948111025501110152B
S31590035CD0581110356811102D7011101D7811103D43
S31590035CE0881110239011101398111033A811102BAB
S31590035CF0B011101BB811103BC8111027D0111017F3
S31590035D00D8111037E811102FF011101FF811103F0A
S31590035D10081290201812903028129028301290185A
S31590035D203812903848129024501290145812903486
S31590035D306812902C7012901C7812903C88129022C4
S31590035D4098129032A812902AB012901AB812903ADA
S31590035D50C8129026D0129016D8129036E812902E2A
S31590035D60F012901EF812903E08139021181390315A
S31590035D702813902930139019381390394813902586
S31590035D8050139015581390356813902D7013901DDA
S31590035D907813903D8813902398139033A813902BE0
S31590035DA0B013901BB813903BC8139027D01390173A
S31590035DB0D8139037E813902FF013901FF813903F52
S31590035DC008145020181450302814502830145018A2
S31590035DD03814503848145024581450346814502C9E
S31590035DE07014501C7814503C8814502298145032D6
S31590035DF0A814502AB014501AB814503AC8145026FE
S31590035E00D0145016D8145036E814502EF014501E51
S31590035E10F814503E0815502118155031281550295D
S31590035E203015501938155039481550255815503591
S31590035E306815502D7015501D7815503D88155023B3
S31590035E4098155033A815502BB015501BB815503BC9
S31590035E50C8155027D0155017D8155037E815502F19
S31590035E60F015501FF815503F0816D0201816D0304D
S31590035E702816D0283016D0183816D0384816D0247D
S31590035E805816D0346816D02C7016D01C7816D03C81
S31590035E908816D0229816D032A816D02AB016D01AC1
S31590035EA0B816D03AC816D026D816D036E816D02EBD
S31590035EB0F016D01EF816D03E0817D0211817D031F9
S31590035EC02817D0293017D0193817D0394817D02525
S31590035ED05817D0356817D02D7017D01D7817D03D29
S31590035EE08817D0239817D033A817D02BB017D01B69
S31590035EF0B817D03BC817D027D817D037E817D02F65
S31590035F00F017D01FF817D03F0818302018183030E4
S31590035F102818302838183038481830245818303410
S31590035F206818302C7018301C7818303C881830223A
S31590035F3098183032A818302AB018301AB818303A50
S31590035F40C8183026D8183036E818302EF018301E78
S31590035F50F818303E0819302118193031281930298C
S31590035F603819303948193025581930356819302D74
S31590035F707019301D7819303D8819302398193033AC
S31590035F80A819302BB019301BB819303BC8193027D4
S31590035F90D8193037E819302FF019301FF819303FD8
S31590035FA0081AB020181AB030281AB028381AB03800
S31590035FB0481AB024581AB034681AB02C701AB01C08
S31590035FC0781AB03C881AB022981AB032A81AB02A16
S31590035FD0B81AB03AC81AB026D81AB036E81AB02EFC
S31590035FE0F01AB01EF81AB03E081BB021181BB03138
S31590035FF0281BB029381BB039481BB025581BB03520
S31590036000681BB02D701BB01D781BB03D881BB02349
S31590036010981BB033A81BB02BB81BB03BC81BB0273B
S31590036020D81BB037E81BB02FF01BB01FF81BB03F3F
S31590036030081C7020181C7030281C7028381C703867
S31590036040481C7024581C7034681C702C781C703C47
S31590036050881C7022981C7032A81C702AB81C703A3F
S31590036060C81C7026D81C7036E81C702EF01C701E47
S31590036070F81C703E081D7021181D7031281D70295B
S31590036080381D7039481D7025581D7035681D702D43
S31590036090781D703D881D7023981D7033A81D702B35
S315900360A0B81D703BC81D7027D81D7037E81D702F1B
S315900360B0F01D701FF81D703F081EF020181EF0305B
S315900360C0281EF028381EF038481EF024581EF03447
S315900360D0681EF02C781EF03C881EF022981EF03233
S315900360E0A81EF02AB81EF03AC81EF026D81EF0361F
S315900360F0E81EF02EF81EF03E081FF021181FF0310F
S31590036100281FF029381FF039481FF025581FF035FE
S31590036110681FF02D781FF03D881FF023981FF033EA
S31590036120A81FF02BB81FF03BC81FF027D81FF037D6
S31590036130E81FF02FF81FF03F182008302820082872
S315900361403820083848200824582008346820082C1A
S315900361507820083C8820082298200832A820082A0C
S31590036160B820083AC8200826D8200836E820082EF2
S31590036170F820083E182108312821082938210839A2
S3159003618048210825582108356821082D7821083D8E
S315900361908821082398210833A821082BB821083B86
S315900361A0C8210827D8210837E821082FF821083F66
S315900361B0182288302822882838228838482288242A
S315900361C0582288346822882C7822883C98228832F0
S315900361D0A822882AB822883AC8228826D8228836BE
S315900361E0E822882EF822883E182388312823882986
S315900361F03823883948238825582388356823882D5A
S315900362007823883D98238833A823882BB823883B03
S31590036210C8238827D8238837E823882FF823883FED
S315900362201824483028244828382448385824483491
S315900362306824482C7824483C98244832A824482A31
S31590036240B824483AC8244826D8244836E824482E01
S31590036250F824483E182548312825482938254839B1
S31590036260582548356825482D7825483D982548333F
S31590036270A825482BB825483BC8254827D82548370D
S31590036280E825482FF825483F1826C8302826C828D9
S315900362903826C8385826C8346826C82C7826C83C69
S315900362A09826C832A826C82AB826C83AD826C83601
S315900362B0E826C82EF826C83E1827C8312827C829A5
S315900362C03827C8395827C8356827C82D7827C83D31
S315900362D09827C833A827C82BB827C83BD827C837C9
S315900362E0E827C82FF827C83F182828303828283891
S315900362F0582828346828282C7828283C9828283227
S31590036300A828282AB828283AD8282836E828282ECC
S31590036310F828283E18292831382928395829283524
S315900363206829282D7829283D98292833A829282BA8
S31590036330B829283BD8292837E829282FF829283F30
S31590036340182AA830382AA838582AA834682AA82C94
S31590036350782AA83C982AA832B82AA83AD82AA836DE
S31590036360E82AA82EF82AA83E182BA831382BA83944
S31590036370582BA835682BA82D782BA83D982BA83396
S31590036380B82BA83BD82BA837E82BA82FF82BA83FD8
S31590036390182C6830382C6838582C6834782C683C1C
S315900363A0982C6832B82C683AD82C6836E82C682E24
S315900363B0F82C683E182D6831382D6839582D683574
S315900363C0782D683D982D6833B82D683BD82D68375E
S315900363D0E82D682FF82D683F182EE830382EE838C8
S315900363E0582EE834782EE83C982EE832B82EE83AC0
S315900363F0D82EE836F82EE83E182FE831382FE839AC
S31590036400582FE835782FE83D982FE833B82FE83B97
S31590036410D82FE837F82FE83F3830183858301834E3
S315900364207830183C98301832B830183AD830183635
S31590036430F830183E38311839583118357831183DB7
S3159003644098311833B831183BD8311837F831183F8B
S3159003645038329838583298347832983CB832983AD9
S31590036460D8329836F832983E383398395833983527
S315900364707833983DB833983BD8339837F833983F69
S31590036480383458387834583CB834583AD83458361F
S31590036490F834583E383558397835583DB835583BE1
S315900364A0D8355837F835583F3836D8387836D83CB3
S315900364B0B836D83AF836D83E3837D8397837D83DBB
S315900364C0B837D83BF837D83F7838383CB838383A65
S315900364D0F838383E7839383DB839383BF839383F4B
S315900364E0783AB83CF83AB83E783BB83DF83BB83F73
S315900364F0F83C783EF83D783F08000004100000020F
S315900365001800000620000001280000053000000353
S315900365103800000740008000480080045000800245
S315900365205800800660008001680080057000800333
S315900365307800800788004004900040029800400647
S31590036540A0004001A8004005B0004003B8004007F2
S31590036550C800C004D000C002D800C006E000C00145
S31590036560E800C005F000C003F800C0070801200446
S31590036570100120021801200628012005300120036E
S31590036580380120074801A0045001A0025801A00633
S315900365906001A0016801A0057001A0037801A0071E
S315900365A0880160049001600298016006A801600565
S315900365B0B0016003B8016007C801E004D001E002AE
S315900365C0D801E006E801E005F001E003F801E007F1
S315900365D00802100418021006280210053002100350
S315900365E0380210074802900450029002580290060F
S315900365F0680290057002900378029007880250040F
S3159003660098025006A8025005B0025003B8025007EC
S31590036610C802D004D802D006E802D005F002D0030F
S31590036620F802D00708033004180330062803300510
S31590036630380330074803B0045803B0066803B0051F
S315900366407003B0037803B007880370049803700649
S31590036650A8037005B8037007C803F004D803F006BF
S31590036660E803F005F803F00718040806280408055C
S31590036670380408074804880458048806680488057B
S315900366807804880798044806A8044805B804480778
S31590036690D804C806E804C805F804C80718052806E8
S315900366A0380528075805A8066805A8057805A80794
S315900366B098056806B8056807D805E806F805E80753
S315900366C0380618075806980678069807B80658079E
S315900366D0F806D8077807B80708008000100040002E
S315900366E01800C0002800A000300060003800E000C9
S315900366F0480090005800D0006800B0007800F00081
S315900367009800C800B800E800080000401000002078
S315900367101800006020000010280000503000003060
S3159003672038000070400000084800004850000028D8
S315900367305800006860000018680000587000003820
S3159003674078000078800000048800004490000024BC
S3159003675098000064A0000014A8000054B000003410
S31590036760B8000074C000000CC800004CD000002C88
S31590036770D800006CE000001CE800005CF000003CD0
S31590036780F800007C0001000208010042100100227B
S3159003679018010062200100122801005230010032D4
S315900367A0380100724001000A4801004A5001002A4C
S315900367B05801006A6001001A6801005A7001003A94
S315900367C07801007A80010006880100469001002630
S315900367D098010066A0010016A8010056B001003684
S315900367E0B8010076C001000EC801004ED001002EFC
S315900367F0D801006EE001001EE801005EF001003E44
S31590036800F801007E0802004110020021180200617F
S315900368102002001128020051300200313802007123
S3159003682040020009480200495002002958020069B3
S3159003683060020019680200597002003978020079E3
S3159003684080020005880200459002002598020065A3
S31590036850A0020015A8020055B0020035B8020075D3
S31590036860C002000DC802004DD002002DD802006D63
S31590036870E002001DE802005DF002003DF802007D93
S315900368800803004310030023180300632003001337
S315900368902803005330030033380300734003000B7F
S315900368A04803004B5003002B5803006B6003001BF7
S315900368B06803005B7003003B7803007B800300074B
S315900368C0880300479003002798030067A0030017E7
S315900368D0A8030057B0030037B8030077C003000F2F
S315900368E0C803004FD003002FD803006FE003001FA7
S315900368F0E803005FF003003FF803007F080480403D
S31590036900100480201804806020048010280480508E
S3159003691030048030380480704004800848048048EE
S31590036920500480285804806860048018680480584E
S315900369307004803878048078880480449004802496
S3159003694098048064A0048014A8048054B00480340E
S31590036950B8048074C004800CC804804CD004802C86
S31590036960D804806CE004801CE804805CF004803CCE
S31590036970F804807C08058042100580221805806201
S3159003698020058012280580523005803238058072A2
S315900369904005800A4805804A5005802A5805806A32
S315900369A06005801A6805805A7005803A7805807A62
S315900369B08005800688058046900580269805806622
S315900369C0A0058016A8058056B0058036B805807652
S315900369D0C005800EC805804ED005802ED805806EE2
S315900369E0E005801EE805805EF005803EF805807E12
S315900369F008068041100680211806806120068011C2
S31590036A002806805130068031380680714006800909
S31590036A104806804950068029580680696006801981
S31590036A20680680597006803978068079880680458D
S31590036A309006802598068065A0068015A806805541
S31590036A40B0068035B8068075C006800DC806804DA1
S31590036A50D006802DD806806DE006801DE806805D01
S31590036A60F006803DF806807D080780431007802353
S31590036A7018078063200780132807805330078033D5
S31590036A80380780734007800B4807804B5007802B4D
S31590036A905807806B6007801B6807805B7007803B95
S31590036AA07807807B880780479007802798078067B9
S31590036AB0A0078017A8078057B0078037B807807755
S31590036AC0C007800FC807804FD007802FD807806FE5
S31590036AD0E007801FE807805FF007803FF807807F15
S31590036AE008084040100840201808406020084010CD
S31590036AF028084050300840303808407048084048CD
S31590036B00500840285808406860084018680840585C
S31590036B1070084038780840788808404490084024A4
S31590036B2098084064A0084014A8084054B00840341C
S31590036B30B8084074C008400CC808404CD008402C94
S31590036B40D808406CE008401CE808405CF008403CDC
S31590036B50F808407C0809404210094022180940620F
S31590036B6020094012280940523009403238094072B0
S31590036B704009400A4809404A5009402A5809406A40
S31590036B806009401A6809405A7009403A7809407A70
S31590036B90880940469009402698094066A009401600
S31590036BA0A8094056B0094036B8094076C009400E48
S31590036BB0C809404ED009402ED809406EE009401EC0
S31590036BC0E809405EF009403EF809407E080A4041D4
S31590036BD0100A4021180A4061200A4011280A4051A0
S31590036BE0300A4031380A4071480A4049500A4029D0
S31590036BF0580A4069600A4019680A4059700A403930
S31590036C00780A4079880A4045900A4025980A406553
S31590036C10A00A4015A80A4055B00A4035B80A4075EF
S31590036C20C00A400DC80A404DD00A402DD80A406D7F
S31590036C30E00A401DE80A405DF00A403DF80A407DAF
S31590036C40080B4043100B4023180B4063200B401353
S31590036C50280B4053300B4033380B4073480B404B53
S31590036C60500B402B580B406B600B401B680B405BE3
S31590036C70700B403B780B407B880B4047900B40272B
S31590036C80980B4067A00B4017A80B4057B00B4037A3
S31590036C90B80B4077C00B400FC80B404FD00B402F1B
S31590036CA0D80B406FE00B401FE80B405FF00B403F63
S31590036CB0F80B407F080CC040100CC020180CC06025
S31590036CC0200CC010280CC050300CC030380CC0704B
S31590036CD0480CC048500CC028580CC068600CC018AB
S31590036CE0680CC058700CC038780CC078880CC044B7
S31590036CF0900CC024980CC064A00CC014A80CC0546B
S31590036D00B00CC034B80CC074C80CC04CD00CC02C9A
S31590036D10D80CC06CE00CC01CE80CC05CF00CC03CFA
S31590036D20F80CC07C080DC042100DC022180DC0622D
S31590036D30200DC012280DC052300DC032380DC072CE
S31590036D40480DC04A500DC02A580DC06A600DC01A2E
S31590036D50680DC05A700DC03A780DC07A880DC0463A
S31590036D60900DC026980DC066A00DC016A80DC056EE
S31590036D70B00DC036B80DC076C00DC00EC80DC04E4E
S31590036D80D00DC02ED80DC06EE00DC01EE80DC05EAE
S31590036D90F00DC03EF80DC07E080EC041100EC02106
S31590036DA0180EC061200EC011280EC051300EC0318E
S31590036DB0380EC071480EC049500EC029580EC0698E
S31590036DC0600EC019680EC059700EC039780EC0791E
S31590036DD0880EC045900EC025980EC065A00EC015AE
S31590036DE0A80EC055B00EC035B80EC075C80EC04DAE
S31590036DF0D00EC02DD80EC06DE00EC01DE80EC05D3E
S31590036E00F00EC03DF80EC07D080FC043100FC0238F
S31590036E10180FC063200FC013280FC053300FC03311
S31590036E20380FC073480FC04B500FC02B580FC06B11
S31590036E30600FC01B680FC05B700FC03B780FC07BA1
S31590036E40880FC047900FC027980FC067A00FC01731
S31590036E50A80FC057B00FC037B80FC077C80FC04F31
S31590036E60D00FC02FD80FC06FE00FC01FE80FC05FC1
S31590036E70F00FC03FF80FC07F08102040101020205D
S31590036E8018102060281020503010203038102070B1
S31590036E904810204850102028581020686010201859
S31590036EA06810205870102038781020788810204465
S31590036EB09010202498102064A0102014A810205419
S31590036EC0B0102034B8102074C810204CD010202C49
S31590036ED0D810206CE010201CE810205CF010203CA9
S31590036EE0F810207C081120421011202218112062DC
S31590036EF0201120122811205230112032381120727D
S31590036F004811204A5011202A5811206A6011201ADC
S31590036F106811205A7011203A7811207A88112046E8
S31590036F209011202698112066A0112016A81120569C
S31590036F30B0112036B8112076C811204ED011202ECC
S31590036F40D811206EE011201EE811205EF011203E2C
S31590036F50F811207E08122041101220211812206168
S31590036F6028122051301220313812207148122049AC
S31590036F70501220295812206960122019681220593C
S31590036F807012203978122079881220459012202584
S31590036F9098122065A0122015A8122055B0122035FC
S31590036FA0B8122075C812204DD012202DD812206DFC
S31590036FB0E012201DE812205DF012203DF812207D8C
S31590036FC008132043101320231813206328132053E8
S31590036FD030132033381320734813204B5013202B30
S31590036FE05813206B6013201B6813205B7013203B90
S31590036FF07813207B881320479013202798132067B4
S31590037000A0132017A8132057B0132037B81320774F
S31590037010C813204FD013202FD813206FE013201FAF
S31590037020E813205FF013203FF813207F0814A04045
S315900370301014A0201814A0602814A0503014A03067
S315900370403814A0704814A0485014A0285814A06867
S315900370506014A0186814A0587014A0387814A078F7
S315900370608814A0449014A0249814A064A814A0543F
S31590037070B014A034B814A074C814A04CD014A02C87
S31590037080D814A06CE014A01CE814A05CF014A03CE7
S31590037090F814A07C0815A0421015A0221815A0621A
S315900370A02815A0523015A0323815A0724815A04A5B
S315900370B05015A02A5815A06A6015A01A6815A05AEB
S315900370C07015A03A7815A07A8815A0469015A02633
S315900370D09815A066A015A016A815A056B015A036AB
S315900370E0B815A076C815A04ED015A02ED815A06EAB
S315900370F0E015A01EE815A05EF015A03EF815A07E3B
S315900371000816A0411016A0211816A0612816A051A2
S315900371103016A0313816A0714816A0495016A029EA
S315900371205816A0696016A0196816A0597016A0394A
S315900371307816A0798816A0459016A0259816A0656E
S31590037140A816A055B016A035B816A075C816A04DAA
S31590037150D016A02DD816A06DE016A01DE816A05D3A
S31590037160F016A03DF816A07D0817A0431017A0238C
S315900371701817A0632817A0533017A0333817A07396
S315900371804817A04B5017A02B5817A06B6017A01B3E
S315900371906817A05B7017A03B7817A07B8817A0474A
S315900371A09017A0279817A067A817A057B017A037CE
S315900371B0B817A077C817A04FD017A02FD817A06FCE
S315900371C0E017A01FE817A05FF017A03FF817A07F5E
S315900371D008186040101860201818606028186050CE
S315900371E03018603038186070481860485018602816
S315900371F058186068681860587018603878186078FE
S31590037200881860449018602498186064A81860548D
S31590037210B0186034B8186074C818604CD018602CD5
S31590037220D818606CE018601CE818605CF018603C35
S31590037230F818607C08196042101960221819606268
S315900372402819605230196032381960724819604AA9
S315900372505019602A5819606A6019601A6819605A39
S315900372607019603A7819607A881960469019602681
S3159003727098196066A8196056B0196036B819607681
S31590037280C819604ED019602ED819606EE019601E29
S31590037290E819605EF019603EF819607E081A60413D
S315900372A0101A6021181A6061281A6051301A6031D9
S315900372B0381A6071481A6049501A6029581A6069D9
S315900372C0681A6059701A6039781A6079881A604515
S315900372D0901A6025981A6065A81A6055B01A603599
S315900372E0B81A6075C81A604DD01A602DD81A606D99
S315900372F0E01A601DE81A605DF01A603DF81A607D29
S31590037300081B6043101B6023181B6063281B605384
S31590037310301B6033381B6073481B604B501B602BCC
S31590037320581B606B681B605B701B603B781B607BB4
S31590037330881B6047901B6027981B6067A81B605744
S31590037340B01B6037B81B6077C81B604FD01B602F8C
S31590037350D81B606FE01B601FE81B605FF01B603FEC
S31590037360F81B607F081CE040101CE020181CE060AE
S31590037370281CE050301CE030381CE070481CE04874
S31590037380501CE028581CE068681CE058701CE038D4
S31590037390781CE078881CE044901CE024981CE064F8
S315900373A0A81CE054B01CE034B81CE074C81CE04C34
S315900373B0D01CE02CD81CE06CE81CE05CF01CE03C94
S315900373C0F81CE07C081DE042101DE022181DE062C7
S315900373D0281DE052301DE032381DE072481DE04A08
S315900373E0501DE02A581DE06A681DE05A701DE03A68
S315900373F0781DE07A881DE046901DE026981DE0668C
S31590037400A81DE056B01DE036B81DE076C81DE04EC7
S31590037410D01DE02ED81DE06EE01DE01EE81DE05E57
S31590037420F01DE03EF81DE07E081EE041101EE021AF
S31590037430181EE061281EE051301EE031381EE071BF
S31590037440481EE049501EE029581EE069681EE0591F
S31590037450701EE039781EE079881EE045901EE0257F
S31590037460981EE065A81EE055B01EE035B81EE0757F
S31590037470C81EE04DD01EE02DD81EE06DE81EE05DDF
S31590037480F01EE03DF81EE07D081FE043101FE02349
S31590037490181FE063281FE053301FE033381FE07353
S315900374A0481FE04B501FE02B581FE06B681FE05BB3
S315900374B0701FE03B781FE07B881FE047901FE02713
S315900374C0981FE067A81FE057B01FE037B81FE07713
S315900374D0C81FE04FD01FE02FD81FE06FE81FE05F73
S315900374E0F01FE03FF81FE07F08201040182010603F
S315900374F02820105030201030382010704820104823
S315900375005020102858201068682010587020103882
S3159003751078201078882010449020102498201064A6
S31590037520A8201054B0201034B8201074C820104CE2
S31590037530D020102CD820106CE820105CF020103C42
S31590037540F820107C08211042102110221821106275
S315900375502821105230211032382110724821104AB6
S315900375605021102A5821106A6821105A7021103A16
S315900375707821107A8821104690211026982110663A
S31590037580A8211056B0211036B8211076C821104E76
S31590037590D021102ED821106EE821105EF021103ED6
S315900375A0F821107E082210411822106128221051CA
S315900375B03022103138221071482210495022102956
S315900375C0582210696822105970221039782210793E
S315900375D0882210459022102598221065A8221055CE
S315900375E0B0221035B8221075C822104DD022102D16
S315900375F0D822106DE822105DF022103DF822107DFE
S315900376000823104318231063282310533023103371
S31590037610382310734823104B5023102B5823106B89
S315900376206823105B7023103B7823107B88231047C5
S315900376309023102798231067A8231057B023103749
S31590037640B8231077C823104FD023102FD823106F49
S31590037650E823105FF023103FF823107F082490400F
S3159003766018249060282490503024903038249070B9
S315900376704824904850249028582490686824905819
S315900376807024903878249078882490449824906431
S31590037690A8249054B0249034B8249074C824904C61
S315900376A0D024902CD824906CE824905CF024903CC1
S315900376B0F824907C082590421825906228259052AC
S315900376C030259032382590724825904A5025902A35
S315900376D05825906A6825905A7025903A7825907A1D
S315900376E0882590469025902698259066A8259056AD
S315900376F0B0259036B8259076C825904ED025902EF5
S31590037700D825906EE825905EF025903EF825907EDC
S31590037710082690411826906128269051302690315C
S315900377203826907148269049502690295826906974
S3159003773068269059702690397826907988269045B0
S3159003774098269065A8269055B0269035B8269075BC
S31590037750C826904DD026902DD826906DE826905D1C
S31590037760F026903DF826907D08279043182790633E
S315900377702827905330279033382790734827904B78
S315900377805027902B5827906B6827905B7027903BD8
S315900377907827907B8827904798279067A8279057B4
S315900377A0B0279037B8279077C827904FD027902F38
S315900377B0D827906FE827905FF027903FF827907F20
S315900377C008285040182850602828505030285030A8
S315900377D03828507048285048582850686828505878
S315900377E070285038782850788828504498285064C0
S315900377F0A8285054B0285034B8285074C828504CF0
S31590037800D028502CD828506CE828505CF028503C4F
S31590037810F828507C0829504218295062282950523A
S3159003782030295032382950724829504A5029502AC3
S315900378305829506A6829505A7029503A7829507AAB
S315900378408829504698295066A8295056B02950360B
S31590037850B8295076C829504ED029502ED829506E23
S31590037860E829505EF029503EF829507E082A504167
S31590037870182A5061282A5051302A5031382A50718B
S31590037880482A5049582A5069682A5059702A5039BB
S31590037890782A5079882A5045982A5065A82A5055AF
S315900378A0B02A5035B82A5075C82A504DD02A502D33
S315900378B0D82A506DE82A505DF02A503DF82A507D1B
S315900378C0082B5043182B5063282B5053302B50338F
S315900378D0382B5073482B504B582B506B682B505B5F
S315900378E0702B503B782B507B882B5047982B5067A7
S315900378F0A82B5057B02B5037B82B5077C82B504FD7
S31590037900D02B502FD82B506FE82B505FF02B503F36
S31590037910F82B507F082CD040182CD060282CD050B0
S31590037920302CD030382CD070482CD048582CD06876
S31590037930682CD058702CD038782CD078882CD0449A
S31590037940982CD064A82CD054B02CD034B82CD074A6
S31590037950C82CD04CD82CD06CE82CD05CF02CD03CD6
S31590037960F82CD07C082DD042182DD062282DD052D9
S31590037970302DD032382DD072482DD04A582DD06A1A
S31590037980682DD05A702DD03A782DD07A882DD0463E
S31590037990982DD066A82DD056B02DD036B82DD0764A
S315900379A0C82DD04ED02DD02ED82DD06EE82DD05EAA
S315900379B0F02DD03EF82DD07E082ED041182ED061D2
S315900379C0282ED051302ED031382ED071482ED04912
S315900379D0582ED069682ED059702ED039782ED079FA
S315900379E0882ED045982ED065A82ED055B02ED0355A
S315900379F0B82ED075C82ED04DD82ED06DE82ED05D2A
S31590037A00F02ED03DF82ED07D082FD043182FD0637B
S31590037A10282FD053302FD033382FD073482FD04BB5
S31590037A20582FD06B682FD05B702FD03B782FD07B9D
S31590037A30882FD047982FD067A82FD057B02FD037FD
S31590037A40B82FD077C82FD04FD82FD06FE82FD05FCD
S31590037A50F02FD03FF82FD07F083030401830306069
S31590037A60283030503830307048303048583030688D
S31590037A7068303058703030387830307888303044C9
S31590037A8098303064A8303054B0303034B8303074D5
S31590037A90C830304CD830306CE830305CF030303C05
S31590037AA0F830307C08313042183130622831305208
S31590037AB030313032383130724831304A5831306A49
S31590037AC06831305A7031303A7831307A883130466D
S31590037AD098313066A8313056B0313036B831307679
S31590037AE0C831304ED831306EE831305EF031303EA9
S31590037AF0F831307E083230411832306128323051B5
S31590037B003832307148323049583230696832305998
S31590037B1070323039783230798832304598323065E0
S31590037B20A8323055B0323035B8323075C832304D10
S31590037B30D832306DE832305DF032303DF832307DF8
S31590037B400833304318333063283330533833307324
S31590037B504833304B5833306B6833305B7033303B3C
S31590037B607833307B8833304798333067A833305730
S31590037B70B0333037B8333077C833304FD833306F6C
S31590037B80E833305FF033303FF833307F0834B0401A
S31590037B901834B0602834B0503834B0704834B04894
S31590037BA05834B0686834B0587034B0387834B07894
S31590037BB08834B0449834B064A834B054B834B074AC
S31590037BC0C834B04CD834B06CE834B05CF034B03CC4
S31590037BD0F834B07C0835B0421835B0622835B052C7
S31590037BE03835B0724835B04A5835B06A6835B05AA8
S31590037BF07035B03A7835B07A8835B0469835B066F0
S31590037C00A835B056B035B036B835B076C835B04E1F
S31590037C10D835B06EE835B05EF035B03EF835B07E07
S31590037C200836B0411836B0612836B0513836B0713F
S31590037C304836B0495836B0696836B0597036B03957
S31590037C407836B0798836B0459836B065A836B0554B
S31590037C50B836B075C836B04DD836B06DE836B05D27
S31590037C60F036B03DF836B07D0837B0431837B06379
S31590037C702837B0533837B0734837B04B5837B06B53
S31590037C806837B05B7037B03B7837B07B8837B0478F
S31590037C909837B067A837B057B837B077C837B04F6B
S31590037CA0D837B06FE837B05FF037B03FF837B07F6B
S31590037CB008387040183870602838705038387070AB
S31590037CC0483870485838706868387058783870787B
S31590037CD08838704498387064A8387054B83870747B
S31590037CE0C838704CD838706CE838705CF038703C93
S31590037CF0F838707C08397042183970622839705296
S31590037D00383970724839704A5839706A6839705A76
S31590037D107039703A7839707A8839704698397066BE
S31590037D20A8397056B8397076C839704ED839706E8E
S31590037D30E839705EF039703EF839707E083A7041D2
S31590037D40183A7061283A7051383A7071483A7049C6
S31590037D50583A7069683A7059783A7079883A7045A2
S31590037D60983A7065A83A7055B83A7075C83A704D96
S31590037D70D83A706DE83A705DF03A703DF83A707D96
S31590037D80083B7043183B7063283B7053383B7073C2
S31590037D90483B704B583B706B683B705B783B707B92
S31590037DA0883B7047983B7067A83B7057B83B707792
S31590037DB0C83B704FD83B706FE83B705FF03B703FAA
S31590037DC0F83B707F083CF040183CF060283CF0503C
S31590037DD0383CF070483CF048583CF068683CF058A2
S31590037DE0783CF078883CF044983CF064A83CF05496
S31590037DF0B83CF074C83CF04CD83CF06CE83CF05C72
S31590037E00F83CF07C083DF042183DF062283DF05274
S31590037E10383DF072483DF04A583DF06A683DF05A55
S31590037E20783DF07A883DF046983DF066A83DF05649
S31590037E30B83DF076C83DF04ED83DF06EE83DF05E25
S31590037E40F03DF03EF83DF07E083EF041183EF0617D
S31590037E50283EF051383EF071483EF049583EF0695D
S31590037E60683EF059783EF079883EF045983EF06545
S31590037E70A83EF055B83EF075C83EF04DD83EF06D2D
S31590037E80E83EF05DF83EF07D083FF043183FF0631F
S31590037E90283FF053383FF073483FF04B583FF06B11
S31590037EA0683FF05B783FF07B883FF047983FF067F9
S31590037EB0A83FF057B83FF077C83FF04FD83FF06FE1
S31590037EC0E83FF05FF83FF07F18400860284008507D
S31590037ED03840087048400848584008686840085831
S31590037EE0784008788840084498400864A840085425
S31590037EF0B8400874C840084CD840086CE840085C01
S31590037F00F840087C08410842184108622841085203
S31590037F10384108724841084A5841086A6841085AE4
S31590037F207841087A8841084698410866A8410856D8
S31590037F30B8410876C841084ED841086EE841085EB4
S31590037F40F841087E18420861284208513842087160
S31590037F50484208495842086968420859784208795C
S31590037F608842084598420865A8420855B84208755C
S31590037F70C842084DD842086DE842085DF842087D2C
S31590037F801843086328430853384308734843084BF8
S31590037F905843086B6843085B7843087B88430847D4
S31590037FA098430867A8430857B8430877C843084FC8
S31590037FB0D843086FE843085FF843087F18448860FE
S31590037FC02844885038448870484488485844886878
S31590037FD0684488587844887898448864A844885430
S31590037FE0B8448874C844884CD844886CE844885C00
S31590037FF0F844887C184588622845885238458872A3
S315900380004845884A5845886A6845885A7845887A9B
S315900380108845884698458866A8458856B84588769B
S31590038020C845884ED845886EE845885EF845887E6B
S315900380301846886128468851384688714846884943
S3159003804058468869684688597846887998468865EF
S31590038050A8468855B8468875C846884DD846886DCB
S31590038060E846885DF846887D18478863284788538D
S31590038070384788734847884B5847886B6847885B67
S315900380807847887B98478867A8478857B8478877FB
S31590038090C847884FD847886FE847885FF847887FEF
S315900380A0184848602848485038484870584848689F
S315900380B0684848587848487898484864A84848543F
S315900380C0B8484874C848484CD848486CE848485C0F
S315900380D0F848487C184948622849485238494872B2
S315900380E04849484A5849486A6849485A7849487AAB
S315900380F098494866A8494856B8494876C849484E63
S31590038100D849486EE849485EF849487E184A486116
S31590038110284A4851384A4871584A4869684A4859DA
S31590038120784A4879984A4865A84A4855B84A487556
S31590038130C84A484DD84A486DE84A485DF84A487D4A
S31590038140184B4863284B4853384B4873584B486BE6
S31590038150684B485B784B487B984B4867A84B485786
S31590038160B84B4877C84B484FD84B486FE84B485F56
S31590038170F84B487F184CC860284CC850384CC87088
S31590038180584CC868684CC858784CC878984CC8649A
S31590038190A84CC854B84CC874D84CC86CE84CC85C46
S315900381A0F84CC87C184DC862284DC852384DC872D1
S315900381B0584DC86A684DC85A784DC87A984DC8665E
S315900381C0A84DC856B84DC876C84DC84ED84DC86E3A
S315900381D0E84DC85EF84DC87E184EC861284EC85102
S315900381E0384EC871584EC869684EC859784EC87982
S315900381F0984EC865A84EC855B84EC875D84EC86D22
S31590038200E84EC85DF84EC87D184FC863284FC853CB
S31590038210384FC873584FC86B684FC85B784FC87B45
S31590038220984FC867A84FC857B84FC877D84FC86FE5
S31590038230E84FC85FF84FC87F1850286038502870A9
S315900382405850286868502858785028789850286449
S31590038250A8502854B8502874D850286CE850285CF5
S31590038260F850287C18512862285128523851287280
S315900382705851286A6851285A7851287A985128660D
S31590038280A8512856B8512876D851286EE851285EB9
S31590038290F851287E18522861385228715852286905
S315900382A0685228597852287998522865A8522855A1
S315900382B0B8522875D852286DE852285DF852287D11
S315900382C018532863385328735853286B6853285B7D
S315900382D07853287B98532867A8532857B8532877F9
S315900382E0D853286FE853285FF853287F1854A8600B
S315900382F03854A8705854A8686854A8587854A878DD
S315900383009854A864B854A874D854A86CE854A85C34
S31590038310F854A87C1855A8623855A8725855A86A77
S315900383206855A85A7855A87A9855A866A855A85610
S31590038330B855A876D855A86EE855A85EF855A87E80
S315900383401856A8613856A8715856A8696856A859F8
S315900383507856A8799856A865B856A875D856A86D2C
S31590038360E856A85DF856A87D1857A8633857A8739A
S315900383705857A86B6857A85B7857A87B9857A867F0
S31590038380B857A877D857A86FE857A85FF857A87F24
S315900383901858686038586870585868687858687874
S315900383A098586864B8586874D858686CE858685C84
S315900383B0F858687C18596862385968725859686AC7
S315900383C06859685A7859687A98596866B859687630
S315900383D0D859686EE859685EF859687E185A686184
S315900383E0385A6871585A6869785A6879985A686594
S315900383F0B85A6875D85A686DE85A685DF85A687DB0
S31590038400185B6863385B6873585B686B785B687BEB
S31590038410985B6867B85B6877D85B686FE85B685FFB
S31590038420F85B687F185CE860385CE870585CE868CD
S31590038430785CE878985CE864B85CE874D85CE86C37
S31590038440F85CE87C185DE862385DE872585DE86A26
S31590038450785DE87A985DE866B85DE876D85DE86E0B
S31590038460E85DE85EF85DE87E185EE861385EE8717F
S31590038470585EE869785EE879985EE865B85EE8756F
S31590038480D85EE86DF85EE87D185FE863385FE87359
S31590038490585FE86B785FE87B985FE867B85FE87743
S315900384A0D85FE86FF85FE87F38601870586018688F
S315900384B07860187898601864B8601874D860186CE7
S315900384C0F860187C18611862386118725861186AD6
S315900384D07861187A98611866B8611876D861186EBB
S315900384E0F861187E3862187158621869786218793B
S315900384F098621865B8621875D862186DF862187D17
S31590038500386318735863186B7863187B9863186786
S31590038510B8631877D863186FF863187F38649870C0
S315900385205864986878649878B8649874D864986CA2
S31590038530F864987C386598725865986A7865987ADD
S3159003854098659866B8659876D865986EF865987EB6
S31590038550386698715866986978669879B866987502
S31590038560D866986DF866987D386798735867986B50
S315900385707867987BB8679877D867986FF867987F86
S315900385803868587078685878B8685874D868586C4A
S31590038590F868587C386958725869586A7869587A6D
S315900385A0B8695876D869586EF869587E386A58719A
S315900385B0786A5879B86A5875D86A586DF86A587D42
S315900385C0386B5873786B587BB86B5877D86B586FF2
S315900385D0F86B587F386CD870786CD878B86CD87438
S315900385E0F86CD87C386DD872786DD87AB86DD876A1
S315900385F0D86DD86EF86DD87E386ED871786ED87976
S31590038600B86ED875F86ED87D386FD873786FD87B77
S31590038610B86FD877F86FD87F78703878B870387421
S31590038620F870387C387138727871387AB8713876D0
S31590038630F871387E78723879B8723875F872387DF1
S315900386407873387BB8733877F873387F7874B878DB
S31590038650F874B87C7875B87AB875B876F875B87EC4
S315900386607876B879F876B87D7877B87BF877B87FE7
S31590038670F878787C7879787AF879787EF87A787D4C
S31590038680F87B787FF87DF87E0800000810000004D8
S315900386901800000C200000022800000A3000000693
S315900386A03800000E40000001480000095000000504
S315900386B05800000D600000036800000B700000076F
S315900386C07800000F88008008900080049800800C42
S315900386D0A0008002A800800AB0008006B800800E31
S315900386E0C0008001C8008009D0008005D800800DA5
S315900386F0E0008003E800800BF0008007F800800F0D
S3159003870008014008100140041801400C2001400262
S315900387102801400A300140063801400E48014009BD
S31590038720500140055801400D600140036801400B1C
S31590038730700140077801400F8801C0089001C0047A
S315900387409801C00CA001C002A801C00AB001C006DE
S31590038750B801C00EC801C009D001C005D801C00D2B
S31590038760E001C003E801C00BF001C007F801C00F98
S3159003877008022008100220041802200C2802200A5E
S31590038780300220063802200E4802200950022005A6
S315900387905802200D600220036802200B7002200706
S315900387A07802200F8802A0089002A0049802A00CD9
S315900387B0A802A00AB002A006B802A00EC802A00999
S315900387C0D002A005D802A00DE002A003E802A00BF8
S315900387D0F002A007F802A00F0803600810036004D4
S315900387E01803600C2803600A300360063803600E92
S315900387F048036009500360055803600D6803600BD6
S31590038800700360077803600F8803E0089003E00421
S315900388109803E00CA803E00AB003E006B803E00E61
S31590038820C803E009D003E005D803E00DE803E00BA5
S31590038830F003E007F803E00F080410081804100C7F
S315900388402804100A300410063804100E4804100940
S31590038850500410055804100D6804100B700410078B
S315900388607804100F880490089804900CA804900A32
S31590038870B0049006B804900EC8049009D0049005ED
S31590038880D804900DE804900BF0049007F804900F29
S31590038890080550081805500C2805500A300550064F
S315900388A03805500E480550095805500D6805500B6C
S315900388B0700550077805500F8805D0089805D00C99
S315900388C0A805D00AB005D006B805D00EC805D009BC
S315900388D0D805D00DE805D00BF005D007F805D00FD5
S315900388E0080630081806300C2806300A3806300E6B
S315900388F0480630095806300D6806300B7006300767
S315900389007806300F8806B0089806B00CA806B00A09
S31590038910B806B00EC806B009D806B00DE806B00B77
S31590038920F006B007F806B00F080770081807700C22
S315900389302807700A3807700E480770095807700D94
S315900389406807700B7807700F8807F0089807F00C84
S31590038950A807F00AB807F00EC807F009D807F00D74
S31590038960E807F00BF807F00F1808080C2808080A10
S315900389703808080E480808095808080D6808080BAF
S315900389807808080F9808880CA808880AB808880EEB
S31590038990C8088809D808880DE808880BF808880F4E
S315900389A01809480C2809480A3809480E5809480DE9
S315900389B06809480B7809480F9809C80CA809C80A8A
S315900389C0B809C80ED809C80DE809C80BF809C80F25
S315900389D0180A280C380A280E580A280D680A280BF4
S315900389E0780A280F980AA80CB80AA80ED80AA80DD0
S315900389F0E80AA80BF80AA80F180B680C380B680E30
S31590038A00580B680D780B680F980BE80CB80BE80EAB
S31590038A10D80BE80DF80BE80F380C180E580C180DF8
S31590038A20780C180FB80C980ED80C980DF80C980F64
S31590038A30380D580E780D580FB80DD80EF80DD80F6F
S31590038A40780E380FF80EB80F08000001100080005A
S31590038A501800800120004000280040013000C0002B
S31590038A603800C001480020015000A0005800A00122
S31590038A70680060017000E0007800E0018800100152
S31590038A8098009001A8005001B000D000B800D00122
S31590038A90C8003001D800B001E8007001F800F00179
S31590038AA018018801280148013801C8015801A80115
S31590038AB07801E801B801D801004000C0F33F00C037
S31590038AC0E73F00C0DA3F00C0CE3F00C0C13F00C0C1
S31590038AD0B53F00C0A83F00C09B3F00C08F3F00C07A
S31590038AE0823F00C0763F01C0693F01C05D3F01C030
S31590038AF0503F01C0443F01C0373F01C02A3F01C0E8
S31590038B001E3F02C0113F02C0053F02C0F83E02C09D
S31590038B10EC3E02C0DF3E03C0D23E03C0C63E03C056
S31590038B20B93E03C0AD3E04C0A03E04C0943E04C00B
S31590038B30873E04C07A3E05C06E3E05C0613E05C0C1
S31590038B40553E06C0483E06C03C3E06C02F3E07C073
S31590038B50233E07C0163E07C0093E08C0FD3D08C028
S31590038B60F03D09C0E43D09C0D73D09C0CB3D0AC0DD
S31590038B70BE3D0AC0B23D0BC0A53D0BC0983D0CC08F
S31590038B808C3D0CC07F3D0DC0733D0DC0663D0EC040
S31590038B905A3D0EC04D3D0FC0403D0FC0343D10C0F1
S31590038BA0273D10C01B3D11C00E3D11C0023D12C0A2
S31590038BB0F53C13C0E93C13C0DC3C14C0D03C14C054
S31590038BC0C33C15C0B63C16C0AA3C16C09D3C17C004
S31590038BD0913C18C0843C18C0783C19C06B3C1AC0B1
S31590038BE05F3C1AC0523C1BC0453C1CC0393C1DC05F
S31590038BF02C3C1DC0203C1EC0133C1FC0073C20C00C
S31590038C00FA3B20C0EE3B21C0E13B22C0D53B23C0BB
S31590038C10C83B24C0BC3B24C0AF3B25C0A23B26C067
S31590038C20963B27C0893B28C07D3B29C0703B2AC011
S31590038C30643B2BC0573B2BC04B3B2CC03E3B2DC0BC
S31590038C40323B2EC0253B2FC0193B30C00C3B31C065
S31590038C50003B32C0F33A33C0E63A34C0DA3A35C011
S31590038C60CD3A36C0C13A37C0B43A38C0A83A39C0BB
S31590038C709B3A3AC08F3A3BC0823A3CC0763A3DC063
S31590038C80693A3FC05D3A40C0503A41C0443A42C007
S31590038C90373A43C02B3A44C01E3A45C0123A47C0AE
S31590038CA0053A48C0F93949C0EC394AC0E0394BC056
S31590038CB0D3394CC0C7394EC0BA394FC0AE3950C0FC
S31590038CC0A13951C0953953C0883954C07C3955C0A0
S31590038CD06F3956C0633958C0563959C04A395AC044
S31590038CE03D395CC031395DC024395EC0183960C0E6
S31590038CF00B3961C0FF3862C0F23864C0E63865C08C
S31590038D00D93867C0CD3868C0C03869C0B4386BC02D
S31590038D10A7386CC09B386EC08E386FC0823871C0CE
S31590038D20753872C0693874C05C3875C0503877C06E
S31590038D30433878C037387AC02A387BC01E387DC00E
S31590038D4011387EC0053880C0F93781C0EC3783C0AF
S31590038D50E03785C0D33786C0C73788C0BA3789C04E
S31590038D60AE378BC0A1378DC095378EC0883790C0EC
S31590038D707C3792C06F3793C0633795C0573797C088
S31590038D804A3798C03E379AC031379CC025379EC024
S31590038D9018379FC00C37A1C0FF36A3C0F336A5C0C2
S31590038DA0E736A6C0DA36A8C0CE36AAC0C136ACC05E
S31590038DB0B536AEC0A836AFC09C36B1C09036B3C0F8
S31590038DC08336B5C07736B7C06A36B9C05E36BBC090
S31590038DD05136BDC04536BEC03936C0C02C36C2C02A
S31590038DE02036C4C01336C6C00736C8C0FA35CAC0C3
S31590038DF0EE35CCC0E235CEC0D535D0C0C935D2C05C
S31590038E00BC35D4C0B035D6C0A435D8C09735DAC0F2
S31590038E108B35DCC07E35DEC07235E0C06635E2C088
S31590038E205935E4C04D35E7C04035E9C03435EBC01C
S31590038E302835EDC01B35EFC00F35F1C00335F3C0B0
S31590038E40F634F6C0EA34F8C0DD34FAC0D134FCC047
S31590038E50C534FEC0B83400C1AC3403C1A03405C1D7
S31590038E60933407C1873409C17B340CC16E340EC168
S31590038E70623410C1553413C1493415C13D3417C1F9
S31590038E80303419C124341CC118341EC10B3420C18B
S31590038E90FF3323C1F33325C1E63328C1DA332AC11D
S31590038EA0CE332CC1C1332FC1B53331C1A93334C1AC
S31590038EB09C3336C1903338C184333BC177333DC13C
S31590038EC06B3340C15F3342C1523345C1463347C1C9
S31590038ED03A334AC12D334CC121334FC1153351C156
S31590038EE0083354C1FC3256C1F03259C1E4325BC1E6
S31590038EF0D7325EC1CB3261C1BF3263C1B23266C172
S31590038F00A63268C19A326BC18E326EC1813270C1FC
S31590038F10753273C1693276C15C3278C150327BC186
S31590038F2044327EC1383280C12B3283C11F3286C10F
S31590038F30133289C107328BC1FA318EC1EE3191C199
S31590038F40E23194C1D53196C1C93199C1BD319CC124
S31590038F50B1319FC1A431A2C19831A4C18C31A7C1AB
S31590038F608031AAC17431ADC16731B0C15B31B3C130
S31590038F704F31B6C14331B8C13631BBC12A31BEC1B7
S31590038F801E31C1C11231C4C10531C7C1F930CAC13D
S31590038F90ED30CDC1E130D0C1D530D3C1C830D6C1C3
S31590038FA0BC30D9C1B030DCC1A430DFC19830E2C146
S31590038FB08B30E5C17F30E8C17330EBC16730EEC1CA
S31590038FC05B30F1C14E30F4C14230F7C13630FAC14D
S31590038FD02A30FDC11E3001C2123004C2053007C2C9
S31590038FE0F92F0AC2ED2F0DC2E12F10C2D52F13C24E
S31590038FF0C92F17C2BC2F1AC2B02F1DC2A42F20C2CD
S31590039000982F23C28C2F27C2802F2AC2742F2DC24A
S31590039010672F30C25B2F34C24F2F37C2432F3AC2CA
S31590039020372F3EC22B2F41C21F2F44C2132F47C245
S31590039030062F4BC2FA2E4EC2EE2E51C2E22E55C2C7
S31590039040D62E58C2CA2E5CC2BE2E5FC2B22E62C242
S31590039050A62E66C2992E69C28D2E6DC2812E70C2BE
S31590039060752E73C2692E77C25D2E7AC2512E7EC239
S31590039070452E81C2392E85C22D2E88C2212E8CC2B1
S31590039080152E8FC2092E93C2FC2D96C2F02D9AC22D
S31590039090E42D9DC2D82DA1C2CC2DA5C2C02DA8C2A8
S315900390A0B42DACC2A82DAFC29C2DB3C2902DB7C21E
S315900390B0842DBAC2782DBEC26C2DC1C2602DC5C295
S315900390C0542DC9C2482DCCC23C2DD0C2302DD4C20A
S315900390D0242DD8C2182DDBC20C2DDFC2002DE3C27E
S315900390E0F42CE6C2E82CEAC2DC2CEEC2D02CF2C2F7
S315900390F0C42CF5C2B82CF9C2AC2CFDC2A02C01C36A
S31590039100942C05C3882C08C37C2C0CC3702C10C3D9
S31590039110642C14C3582C18C34C2C1CC3402C20C34A
S31590039120342C23C3282C27C31C2C2BC3102C2FC3BE
S31590039130052C33C3F92B37C3ED2B3BC3E12B3FC32D
S31590039140D52B43C3C92B47C3BD2B4BC3B12B4FC39E
S31590039150A52B53C3992B57C38D2B5BC3812B5FC30E
S31590039160752B63C36A2B67C35E2B6BC3522B6FC37B
S31590039170462B73C33A2B77C32E2B7BC3222B7FC3EA
S31590039180162B83C30A2B87C3FF2A8CC3F32A90C358
S31590039190E72A94C3DB2A98C3CF2A9CC3C32AA0C3C6
S315900391A0B72AA5C3AC2AA9C3A02AADC3942AB1C32F
S315900391B0882AB5C37C2ABAC3702ABEC3652AC2C39A
S315900391C0592AC6C34D2ACAC3412ACFC3352AD3C304
S315900391D0292AD7C31E2ADCC3122AE0C3062AE4C36C
S315900391E0FA29E9C3EE29EDC3E329F1C3D729F6C3D7
S315900391F0CB29FAC3BF29FEC3B42903C4A82907C43C
S315900392009C290BC4902910C4842914C4792919C4A0
S315900392106D291DC4612922C4552926C44A292AC405
S315900392203E292FC4322933C4262938C41B293CC46A
S315900392300F2941C4032945C4F7284AC4EC284EC4D0
S31590039240E02853C4D42857C4C9285CC4BD2861C434
S31590039250B12865C4A5286AC49A286EC48E2873C497
S31590039260822878C477287CC46B2881C45F2885C4F8
S3159003927054288AC448288FC43C2893C4312898C458
S3159003928025289DC41928A1C40E28A6C40228ABC4B8
S31590039290F627B0C4EB27B4C4DF27B9C4D327BEC41B
S315900392A0C827C2C4BC27C7C4B127CCC4A527D1C479
S315900392B09927D6C48E27DAC48227DFC47727E4C4D6
S315900392C06B27E9C45F27EEC45427F2C44827F7C433
S315900392D03D27FCC4312701C5252706C51A270BC58B
S315900392E00E2710C5032715C5F7261AC5EC261EC5E6
S315900392F0E02623C5D42628C5C9262DC5BD2632C545
S31590039300B22637C5A6263CC59B2641C58F2646C59C
S3159003931084264BC5782650C56D2655C561265AC5F4
S3159003932056265FC54A2664C53F2669C533266EC54C
S31590039330282673C51C2678C511267EC5052683C5A2
S31590039340FA2588C5EE258DC5E32592C5D72597C5FC
S31590039350CC259CC5C025A1C5B525A7C5A925ACC552
S315900393609E25B1C59225B6C58725BBC57C25C1C5A6
S315900393707025C6C56525CBC55925D0C54E25D5C5FA
S315900393804225DBC53725E0C52C25E5C52025EAC54D
S315900393901525F0C50925F5C5FE24FAC5F32400C69F
S315900393A0E72405C6DC240AC6D02410C6C52415C6F0
S315900393B0BA241AC6AE2420C6A32425C698242AC640
S315900393C08C2430C6812435C676243BC66A2440C68F
S315900393D05F2445C654244BC6482450C63D2456C6DE
S315900393E032245BC6262461C61B2466C610246CC62B
S315900393F0042471C6F92377C6EE237CC6E22382C67C
S31590039400D72387C6CC238DC6C12392C6B52398C6C8
S31590039410AA239DC69F23A3C69423A8C68823AEC614
S315900394207D23B4C67223B9C66723BFC65B23C5C65D
S315900394305023CAC64523D0C63A23D5C62E23DBC6A8
S315900394402323E1C61823E6C60D23ECC60123F2C6F1
S31590039450F622F7C6EB22FDC6E02203C7D52209C73B
S31590039460CA220EC7BE2214C7B3221AC7A82220C780
S315900394709D2225C792222BC7872231C77B2237C7C6
S3159003948070223DC7652242C75A2248C74F224EC70C
S31590039490442254C739225AC72D225FC7222265C751
S315900394A017226BC70C2271C7012277C7F6217DC796
S315900394B0EB2183C7E02189C7D5218FC7CA2195C7D9
S315900394C0BE219AC7B321A0C7A821A6C79D21ACC721
S315900394D09221B2C78721B8C77C21BEC77121C4C761
S315900394E06621CAC75B21D0C75021D6C74521DCC7A1
S315900394F03A21E2C72F21E8C72421EEC71921F5C7E0
S315900395000E21FBC7032101C8F82007C8ED200DC81B
S31590039510E22013C8D72019C8CC201FC8C12025C85C
S31590039520B6202BC8AB2032C8A02038C895203EC899
S315900395308A2044C87F204AC8742050C8692057C8D7
S315900395405E205DC8542063C8492069C83E2070C810
S31590039550332076C828207CC81D2082C8122089C84B
S3159003956007208FC8FC1F95C8F11F9BC8E71FA2C889
S31590039570DC1FA8C8D11FAEC8C61FB5C8BB1FBBC8C2
S31590039580B01FC1C8A51FC8C89B1FCEC8901FD4C8FB
S31590039590851FDBC87A1FE1C86F1FE8C8651FEEC831
S315900395A05A1FF4C84F1FFBC8441F01C9391F08C966
S315900395B02F1F0EC9241F15C9191F1BC90E1F21C999
S315900395C0031F28C9F91E2EC9EE1E35C9E31E3BC9D2
S315900395D0D81E42C9CE1E48C9C31E4FC9B81E55C907
S315900395E0AD1E5CC9A31E63C9981E69C98D1E70C939
S315900395F0831E76C9781E7DC96D1E83C9621E8AC96C
S31590039600581E91C94D1E97C9421E9EC9381EA4C99C
S315900396102D1EABC9221EB2C9181EB8C90D1EBFC9CD
S31590039620021EC6C9F81DCCC9ED1DD3C9E21DDAC900
S31590039630D81DE0C9CD1DE7C9C31DEEC9B81DF5C92F
S31590039640AD1DFBC9A31D02CA981D09CA8E1D10CA5A
S31590039650831D16CA781D1DCA6E1D24CA631D2BCA87
S31590039660591D32CA4E1D38CA441D3FCA391D46CAB2
S315900396702E1D4DCA241D54CA191D5BCA0F1D61CADE
S31590039680041D68CAFA1C6FCAEF1C76CAE51C7DCA0C
S31590039690DA1C84CAD01C8BCAC51C92CABB1C99CA35
S315900396A0B01C9FCAA61CA6CA9B1CADCA911CB4CA61
S315900396B0861CBBCA7C1CC2CA721CC9CA671CD0CA88
S315900396C05D1CD7CA521CDECA481CE5CA3D1CECCAAF
S315900396D0331CF3CA291CFACA1E1C01CB141C08CBD3
S315900396E0091C0FCBFF1B16CBF51B1ECBEA1B25CBF9
S315900396F0E01B2CCBD51B33CBCB1B3ACBC11B41CB1E
S31590039700B61B48CBAC1B4FCBA21B56CB971B5ECB42
S315900397108D1B65CB831B6CCB781B73CB6E1B7ACB64
S31590039720641B81CB591B89CB4F1B90CB451B97CB86
S315900397303B1B9ECB301BA5CB261BADCB1C1BB4CBA7
S31590039740111BBBCB071BC2CBFD1ACACBF31AD1CBCA
S31590039750E81AD8CBDE1AE0CBD41AE7CBCA1AEECBEB
S31590039760BF1AF5CBB51AFDCBAB1A04CCA11A0BCC09
S31590039770971A13CC8C1A1ACC821A21CC781A29CC24
S315900397806E1A30CC641A38CC5A1A3FCC4F1A46CC40
S31590039790451A4ECC3B1A55CC311A5DCC271A64CC5C
S315900397A01D1A6BCC131A73CC081A7ACCFE1982CC79
S315900397B0F41989CCEA1991CCE01998CCD619A0CC96
S315900397C0CC19A7CCC219AFCCB819B6CCAE19BECCAE
S315900397D0A419C5CC9A19CDCC8F19D4CC8519DCCCC8
S315900397E07B19E3CC7119EBCC6719F3CC5D19FACCE1
S315900397F0531902CD491909CD3F1911CD351919CDF3
S315900398002B1920CD211928CD171930CD0D1937CD08
S3159003981003193FCDF91846CDEF184ECDE61856CD20
S31590039820DC185DCDD21865CDC8186DCDBE1875CD33
S31590039830B4187CCDAA1884CDA0188CCD961893CD48
S315900398408C189BCD8218A3CD7818ABCD6F18B2CD5B
S315900398506518BACD5B18C2CD5118CACD4718D2CD6B
S315900398603D18D9CD3318E1CD2A18E9CD2018F1CD7D
S315900398701618F9CD0C1801CE021808CEF81710CE8B
S31590039880EF1718CEE51720CEDB1728CED11730CE9B
S31590039890C81738CEBE1740CEB41747CEAA174FCEA9
S315900398A0A01757CE97175FCE8D1767CE83176FCEB8
S315900398B07A1777CE70177FCE661787CE5C178FCEC3
S315900398C0531797CE49179FCE3F17A7CE3617AFCECE
S315900398D02C17B7CE2217BFCE1917C7CE0F17CFCED9
S315900398E00517D7CEFC16DFCEF216E7CEE816EFCEE7
S315900398F0DF16F7CED516FFCECB1607CFC21610CFEF
S31590039900B81618CFAF1620CFA51628CF9B1630CFF3
S31590039910921638CF881640CF7F1648CF751651CFFB
S315900399206C1659CF621661CF591669CF4F1671CF00
S31590039930451679CF3C1682CF32168ACF291692CF07
S315900399401F169ACF1616A3CF0C16ABCF0316B3CF0B
S31590039950F915BBCFF015C4CFE615CCCFDD15D4CF13
S31590039960D415DCCFCA15E5CFC115EDCFB715F5CF15
S31590039970AE15FECFA41506D09B150ED0921516D014
S3159003998088151FD07F1527D0751530D06C1538D014
S31590039990631540D0591549D0501551D0471559D014
S315900399A03D1562D034156AD02A1573D021157BD014
S315900399B0181583D00E158CD0051594D0FC149DD014
S315900399C0F314A5D0E914AED0E014B6D0D714BFD013
S315900399D0CD14C7D0C414D0D0BB14D8D0B214E0D011
S315900399E0A814E9D09F14F2D09614FAD08D1403D10B
S315900399F083140BD17A1414D171141CD1681425D104
S31590039A005F142DD1551436D14C143ED1431447D1FE
S31590039A103A1450D1311458D1281461D11E1469D1F6
S31590039A20151472D10C147BD1031483D1FA138CD1F0
S31590039A30F11395D1E8139DD1DF13A6D1D513AFD1E9
S31590039A40CC13B7D1C313C0D1BA13C9D1B113D1D1E2
S31590039A50A813DAD19F13E3D19613EBD18D13F4D1D7
S31590039A608413FDD17B1306D272130ED2691317D2C8
S31590039A70601320D2571329D24E1331D245133AD2BB
S31590039A803C1343D233134CD22A1355D221135DD2AE
S31590039A90181366D20F136FD2061378D2FD1281D2A2
S31590039AA0F4128AD2EB1292D2E2129BD2D912A4D298
S31590039AB0D112ADD2C812B6D2BF12BFD2B612C8D285
S31590039AC0AD12D1D2A412D9D29B12E2D29212EBD278
S31590039AD08A12F4D28112FDD2781206D36F120FD363
S31590039AE0661218D35D1221D355122AD34C1233D34F
S31590039AF043123CD33A1245D331124ED3291257D33C
S31590039B00201260D3171269D30E1272D306127BD327
S31590039B10FD1184D3F4118DD3EB1196D3E3119FD317
S31590039B20DA11A8D3D111B1D3C911BAD3C011C3D302
S31590039B30B711CCD3AF11D5D3A611DFD39D11E8D3EB
S31590039B409511F1D38C11FAD3831103D47B110CD4D1
S31590039B50721115D469111ED4611128D4581131D4B8
S31590039B6050113AD4471143D43E114CD4361155D49F
S31590039B702D115FD4251168D41C1171D414117AD484
S31590039B800B1183D403118DD4FA1096D4F2109FD46B
S31590039B90E910A8D4E010B2D4D810BBD4D010C4D452
S31590039BA0C710CDD4BF10D7D4B610E0D4AE10E9D435
S31590039BB0A510F3D49D10FCD4941005D58C100ED516
S31590039BC0831018D57B1021D573102AD56A1034D5F6
S31590039BD062103DD5591047D5511050D5491059D5D6
S31590039BE0401063D538106CD5301075D527107FD5B6
S31590039BF01F1088D5161092D50E109BD50610A4D596
S31590039C00FE0FAED5F50FB7D5ED0FC1D5E50FCAD576
S31590039C10DC0FD4D5D40FDDD5CC0FE6D5C40FF0D554
S31590039C20BB0FF9D5B30F03D6AB0F0CD6A30F16D62E
S31590039C309A0F1FD6920F29D68A0F32D6820F3CD609
S31590039C40790F45D6710F4FD6690F59D6610F62D6E4
S31590039C50590F6CD6510F75D6480F7FD6400F88D6BD
S31590039C60380F92D6300F9BD6280FA5D6200FAFD696
S31590039C70180FB8D6100FC2D6070FCBD6FF0ED5D670
S31590039C80F70EDFD6EF0EE8D6E70EF2D6DF0EFCD64A
S31590039C90D70E05D7CF0E0FD7C70E19D7BF0E22D71C
S31590039CA0B70E2CD7AF0E36D7A70E3FD79F0E49D7F1
S31590039CB0970E53D78F0E5CD7870E66D77F0E70D7C6
S31590039CC0770E7AD76F0E83D7670E8DD75F0E97D79A
S31590039CD0570EA0D74F0EAAD7470EB4D7400EBED76E
S31590039CE0380EC8D7300ED1D7280EDBD7200EE5D73E
S31590039CF0180EEFD7100EF8D7080E02D8010E0CD80F
S31590039D00F90D16D8F10D20D8E90D2AD8E10D33D8DF
S31590039D10D90D3DD8D20D47D8CA0D51D8C20D5BD8AF
S31590039D20BA0D65D8B20D6FD8AB0D78D8A30D82D87E
S31590039D309B0D8CD8930D96D88C0DA0D8840DAAD84C
S31590039D407C0DB4D8750DBED86D0DC8D8650DD2D817
S31590039D505D0DDCD8560DE6D84E0DEFD8460DF9D8E5
S31590039D603F0D03D9370D0DD9300D17D9280D21D9AC
S31590039D70200D2BD9190D35D9110D3FD9090D49D977
S31590039D80020D53D9FA0C5DD9F30C67D9EB0C71D943
S31590039D90E30C7BD9DC0C85D9D40C8FD9CD0C9AD90D
S31590039DA0C50CA4D9BE0CAED9B60CB8D9AF0CC2D9D2
S31590039DB0A70CCCD9A00CD6D9980CE0D9910CEAD99A
S31590039DC0890CF4D9820CFED97A0C08DA730C13DA5F
S31590039DD06B0C1DDA640C27DA5D0C31DA550C3BDA21
S31590039DE04E0C45DA460C4FDA3F0C5ADA380C64DAE5
S31590039DF0300C6EDA290C78DA210C82DA1A0C8CDAAA
S31590039E00130C97DA0B0CA1DA040CABDAFD0BB5DA6B
S31590039E10F50BBFDAEE0BCADAE70BD4DAE00BDEDA30
S31590039E20D80BE8DAD10BF3DACA0BFDDAC20B07DBF0
S31590039E30BB0B11DBB40B1CDBAD0B26DBA50B30DBAD
S31590039E409E0B3BDB970B45DB900B4FDB890B59DB6B
S31590039E50810B64DB7A0B6EDB730B78DB6C0B83DB2A
S31590039E60650B8DDB5E0B97DB560BA2DB4F0BACDBE7
S31590039E70480BB6DB410BC1DB3A0BCBDB330BD5DBA4
S31590039E802C0BE0DB250BEADB1E0BF5DB160BFFDB5E
S31590039E900F0B09DC080B14DC010B1EDCFA0A29DC18
S31590039EA0F30A33DCEC0A3DDCE50A48DCDE0A52DCD5
S31590039EB0D70A5DDCD00A67DCC90A72DCC20A7CDC8D
S31590039EC0BB0A86DCB40A91DCAD0A9BDCA60AA6DC47
S31590039ED09F0AB0DC990ABBDC920AC5DC8B0AD0DCFC
S31590039EE0840ADADC7D0AE5DC760AEFDC6F0AFADCB3
S31590039EF0680A04DD610A0FDD5B0A19DD540A24DD65
S31590039F004D0A2EDD460A39DD3F0A44DD380A4EDD19
S31590039F10320A59DD2B0A63DD240A6EDD1D0A78DDCC
S31590039F20160A83DD100A8EDD090A98DD020AA3DD7F
S31590039F30FB09ADDDF509B8DDEE09C3DDE709CDDD36
S31590039F40E009D8DDDA09E2DDD309EDDDCC09F8DDE8
S31590039F50C60902DEBF090DDEB80918DEB20922DE94
S31590039F60AB092DDEA40938DE9E0942DE97094DDE44
S31590039F70910958DE8A0962DE83096DDE7D0978DEF2
S31590039F80760983DE70098DDE690998DE6309A3DE9F
S31590039F905C09ADDE5509B8DE4F09C3DE4809CEDE4E
S31590039FA04209D8DE3B09E3DE3509EEDE2E09F9DEFA
S31590039FB0280903DF21090EDF1B0919DF150924DFA1
S31590039FC00E092FDF080939DF010944DFFB084FDF4C
S31590039FD0F4085ADFEE0865DFE8086FDFE1087ADFF9
S31590039FE0DB0885DFD40890DFCE089BDFC808A5DFA2
S31590039FF0C108B0DFBB08BBDFB508C6DFAE08D1DF4B
S3159003A000A808DCDFA208E7DF9B08F1DF9508FCDFF1
S3159003A0108F0807E0890812E082081DE07C0828E093
S3159003A020760833E070083EE0690849E0630854E037
S3159003A0305D085EE0570869E0500874E04A087FE0DF
S3159003A04044088AE03E0895E03808A0E03208ABE081
S3159003A0502B08B6E02508C1E01F08CCE01908D7E025
S3159003A0601308E2E00D08EDE00708F8E0010803E1C4
S3159003A070FB070EE1F50719E1EE0724E1E8072FE167
S3159003A080E2073AE1DC0745E1D60750E1D0075BE109
S3159003A090CA0766E1C40771E1BE077CE1B80787E1A9
S3159003A0A0B20792E1AC079DE1A607A8E1A007B3E149
S3159003A0B09A07BEE19507CAE18F07D5E18907E0E1E3
S3159003A0C08307EBE17D07F6E1770701E271070CE27F
S3159003A0D06B0717E2650722E25F072DE25A0739E21B
S3159003A0E0540744E24E074FE248075AE2420765E2B5
S3159003A0F03D0770E237077BE2310787E22B0792E24F
S3159003A10025079DE22007A8E21A07B3E21407BEE2E9
S3159003A1100E07CAE20907D5E20307E0E2FD06EBE282
S3159003A120F706F6E2F20601E3EC060DE3E60618E31C
S3159003A130E10623E3DB062EE3D5063AE3D00645E3B1
S3159003A140CA0650E3C5065BE3BF0667E3B90672E347
S3159003A150B4067DE3AE0688E3A80694E3A3069FE3DD
S3159003A1609D06AAE39806B5E39206C1E38D06CCE372
S3159003A1708706D7E38206E2E37C06EEE37706F9E306
S3159003A180710604E46C0610E466061BE4610626E495
S3159003A1905B0632E456063DE4500648E44B0654E427
S3159003A1A045065FE440066AE43B0676E4350681E4B9
S3159003A1B030068CE42A0698E42506A3E42006AEE44A
S3159003A1C01A06BAE41506C5E41006D0E40A06DCE4DA
S3159003A1D00506E7E40006F3E4FA05FEE4F50509E56A
S3159003A1E0F00515E5EA0520E5E5052CE5E00537E5F7
S3159003A1F0DB0542E5D5054EE5D00559E5CB0565E585
S3159003A200C60570E5C1057CE5BB0587E5B60592E510
S3159003A210B1059EE5AC05A9E5A705B5E5A105C0E59C
S3159003A2209C05CCE59705D7E59205E3E58D05EEE527
S3159003A2308805FAE5830505E67E0511E678051CE6AD
S3159003A240730528E66E0533E669053FE664054AE637
S3159003A2505F0556E65A0561E655056DE6500578E6BF
S3159003A2604B0584E646058FE641059BE63C05A6E647
S3159003A2703705B2E63205BDE62D05C9E62805D4E6CF
S3159003A2802305E0E61E05ECE61A05F7E6150503E752
S3159003A29010050EE70B051AE7060525E7010531E7D5
S3159003A2A0FC043DE7F70448E7F20454E7EE045FE75E
S3159003A2B0E9046BE7E40477E7DF0482E7DA048EE7E1
S3159003A2C0D60499E7D104A5E7CC04B1E7C704BCE764
S3159003A2D0C204C8E7BE04D3E7B904DFE7B404EBE7E7
S3159003A2E0B004F6E7AB0402E8A6040EE8A10419E865
S3159003A2F09D0425E8980431E893043CE88F0448E8E4
S3159003A3008A0454E885045FE881046BE87C0477E863
S3159003A310780482E873048EE86E049AE86A04A5E8E2
S3159003A3206504B1E86104BDE85C04C9E85704D4E860
S3159003A3305304E0E84E04ECE84A04F7E8450403E9DD
S3159003A34041040FE93C041BE9380426E9330432E956
S3159003A3502F043EE92A044AE9260455E9220461E9D1
S3159003A3601D046DE9190479E9140484E9100490E94C
S3159003A3700B049CE90704A8E90304B4E9FE03BFE9C7
S3159003A380FA03CBE9F603D7E9F103E3E9ED03EEE943
S3159003A390E903FAE9E40306EAE00312EADC031EEAB8
S3159003A3A0D70329EAD30335EACF0341EACA034DEA31
S3159003A3B0C60359EAC20365EABE0370EABA037CEAA6
S3159003A3C0B50388EAB10394EAAD03A0EAA903ACEA1C
S3159003A3D0A503B7EAA003C3EA9C03CFEA9803DBEA93
S3159003A3E09403E7EA9003F3EA8C03FFEA87030AEB05
S3159003A3F0830316EB7F0322EB7B032EEB77033AEB78
S3159003A400730346EB6F0352EB6B035EEB67036AEBE7
S3159003A410630375EB5F0381EB5B038DEB570399EB5B
S3159003A4205303A5EB4F03B1EB4B03BDEB4703C9EBCB
S3159003A4304303D5EB3F03E1EB3B03EDEB3703F9EB3B
S3159003A440330305EC2F0310EC2B031CEC270328ECAA
S3159003A450230334EC200340EC1C034CEC180358EC18
S3159003A460140364EC100370EC0C037CEC080388EC87
S3159003A470050394EC0103A0ECFD02ACECF902B8ECF5
S3159003A480F502C4ECF202D0ECEE02DCECEA02E8EC64
S3159003A490E602F4ECE30200EDDF020CEDDB0218EDCD
S3159003A4A0D80224EDD40230EDD0023CEDCC0248ED37
S3159003A4B0C90254EDC50260EDC1026CEDBE0278EDA2
S3159003A4C0BA0284EDB70290EDB3029CEDAF02A8ED0C
S3159003A4D0AC02B4EDA802C0EDA502CCEDA102D8ED75
S3159003A4E09D02E4ED9A02F0ED9602FCED930209EEDD
S3159003A4F08F0215EE8C0221EE88022DEE850239EE3F
S3159003A500810245EE7E0251EE7A025DEE770269EEA6
S3159003A510730275EE700281EE6D028DEE690299EE0D
S3159003A5206602A6EE6202B2EE5F02BEEE5C02CAEE6F
S3159003A5305802D6EE5502E2EE5102EEEE4E02FAEED6
S3159003A5404B0206EF470213EF44021FEF41022BEF34
S3159003A5503E0237EF3A0243EF37024FEF34025BEF97
S3159003A560300267EF2D0274EF2A0280EF27028CEFF9
S3159003A570230298EF2002A4EF1D02B0EF1A02BCEF5C
S3159003A5801702C9EF1302D5EF1002E1EF0D02EDEFBB
S3159003A5900A02F9EF070205F0040212F001021EF017
S3159003A5A0FD012AF0FA0136F0F70142F0F4014EF07C
S3159003A5B0F1015BF0EE0167F0EB0173F0E8017FF0D8
S3159003A5C0E5018BF0E20198F0DF01A4F0DC01B0F035
S3159003A5D0D901BCF0D601C8F0D301D5F0D001E1F092
S3159003A5E0CD01EDF0CA01F9F0C70105F1C40112F1ED
S3159003A5F0C1011EF1BE012AF1BB0136F1B80143F147
S3159003A600B6014FF1B3015BF1B00167F1AD0174F19E
S3159003A610AA0180F1A7018CF1A40198F1A201A4F1FA
S3159003A6209F01B1F19C01BDF19901C9F19601D5F153
S3159003A6309401E2F19101EEF18E01FAF18B0107F2A9
S3159003A640890113F286011FF283012BF2800138F2FE
S3159003A6507E0144F27B0150F278015CF2760169F255
S3159003A660730175F2700181F26E018EF26B019AF2AB
S3159003A6706801A6F26601B2F26301BFF26101CBF201
S3159003A6805E01D7F25B01E4F25901F0F25601FCF256
S3159003A690540108F3510115F34F0121F34C012DF3A6
S3159003A6A04A013AF3470146F3450152F342015FF3F8
S3159003A6B040016BF33D0177F33B0184F3380190F34B
S3159003A6C036019CF33401A9F33101B5F32F01C1F39C
S3159003A6D02C01CEF32A01DAF32801E6F32501F3F3ED
S3159003A6E02301FFF320010BF41E0118F41C0124F43B
S3159003A6F0190130F417013DF4150149F4130155F48A
S3159003A700100162F40E016EF40C017BF4090187F4D7
S3159003A710070193F40501A0F40301ACF40001B8F426
S3159003A720FE00C5F4FC00D1F4FA00DDF4F800EAF477
S3159003A730F600F6F4F30003F5F1000FF5EF001BF5C1
S3159003A740ED0028F5EB0034F5E90040F5E7004DF50B
S3159003A750E40059F5E20066F5E00072F5DE007EF559
S3159003A760DC008BF5DA0097F5D800A4F5D600B0F5A2
S3159003A770D400BCF5D200C9F5D000D5F5CE00E2F5EC
S3159003A780CC00EEF5CA00FAF5C80007F6C60013F634
S3159003A790C40020F6C2002CF6C00039F6BE0045F67A
S3159003A7A0BD0051F6BB005EF6B9006AF6B70077F6C0
S3159003A7B0B50083F6B30090F6B1009CF6AF00A8F609
S3159003A7C0AE00B5F6AC00C1F6AA00CEF6A800DAF64E
S3159003A7D0A600E7F6A500F3F6A300FFF6A1000CF793
S3159003A7E09F0018F79E0025F79C0031F79A003EF7D5
S3159003A7F098004AF7970057F7950063F793006FF71A
S3159003A80092007CF7900088F78E0095F78D00A1F75C
S3159003A8108B00AEF78900BAF78800C7F78600D3F79F
S3159003A8208500E0F78300ECF78100F9F7800005F8DF
S3159003A8307E0011F87D001EF87B002AF87A0037F81F
S3159003A840780043F8770050F875005CF8740069F85F
S3159003A850720075F8710082F86F008EF86E009BF89F
S3159003A8606C00A7F86B00B4F86900C0F86800CDF8DF
S3159003A8706700D9F86500E6F86400F2F86200FFF81D
S3159003A88061000BF9600018F95E0024F95D0031F957
S3159003A8905C003DF95A004AF9590056F9580063F994
S3159003A8A056006FF955007CF9540088F9530095F9D1
S3159003A8B05100A1F95000AEF94F00BAF94E00C7F90D
S3159003A8C04C00D3F94B00E0F94A00ECF94900F9F949
S3159003A8D0480005FA470012FA45001EFA44002BFA7F
S3159003A8E0430037FA420044FA410050FA40005DFAB9
S3159003A8F03F0069FA3D0076FA3C0082FA3B008FFAF4
S3159003A9003A009BFA3900A8FA3800B4FA3700C1FA2C
S3159003A9103600CDFA3500DAFA3400E6FA3300F3FA64
S3159003A920320000FB31000CFB300019FB2F0025FB96
S3159003A9302E0032FB2D003EFB2C004BFB2B0057FBCE
S3159003A9402B0064FB2A0070FB29007DFB280089FB02
S3159003A950270096FB2600A2FB2500AFFB2400BCFB39
S3159003A9602400C8FB2300D5FB2200E1FB2100EEFB6C
S3159003A9702000FAFB200007FC1F0013FC1E0020FC9E
S3159003A9801D002CFC1D0039FC1C0045FC1B0052FCD1
S3159003A9901A005FFC1A006BFC190078FC180084FC03
S3159003A9A0180091FC17009DFC1600AAFC1600B6FC35
S3159003A9B01500C3FC1400D0FC1400DCFC1300E9FC66
S3159003A9C01300F5FC120002FD11000EFD11001BFD94
S3159003A9D0100027FD100034FD0F0040FD0F004DFDC4
S3159003A9E00E005AFD0E0066FD0D0073FD0D007FFDF2
S3159003A9F00C008CFD0C0098FD0B00A5FD0B00B2FD21
S3159003AA000A00BEFD0A00CBFD0900D7FD0900E4FD4F
S3159003AA100900F0FD0800FDFD080009FE070016FE7B
S3159003AA20070023FE07002FFE06003CFE060048FEA5
S3159003AA30060055FE050061FE05006EFE05007AFED2
S3159003AA40040087FE040094FE0400A0FE0400ADFEFD
S3159003AA500300B9FE0300C6FE0300D2FE0300DFFE29
S3159003AA600200ECFE0200F8FE020005FF020011FF51
S3159003AA7002001EFF01002AFF010037FF010044FF79
S3159003AA80010050FF01005DFF010069FF010076FFA1
S3159003AA90000082FF00008FFF00009BFF0000A8FFCD
S3159003AAA00000B5FF0000C1FF0000CEFF0000DAFFF3
S3159003AAB00000E7FF0000F3FF0000000000000D0018
S3159003AAC000001900000026000000320000003F003D
S3159003AAD000004B0000005800000065000000710064
S3159003AAE000007E0001008A00010097000100A30088
S3159003AAF00100B0000100BC000100C9000100D600AE
S3159003AB000200E2000200EF000200FB0002000801CF
S3159003AB10020014010300210103002E0103003A01F0
S3159003AB2003004701040053010400600104006C0113
S3159003AB3004007901050086010500920105009F0135
S3159003AB400600AB010600B8010600C4010700D10157
S3159003AB500700DD010700EA010800F7010800030278
S3159003AB600900100209001C02090029020A00350295
S3159003AB700A0042020B004E020B005B020C006802B5
S3159003AB800C0074020D0081020D008D020E009A02D4
S3159003AB900E00A6020F00B3020F00C0021000CC02F3
S3159003ABA01000D9021100E5021100F2021200FE0212
S3159003ABB013000B031300170314002403140030032C
S3159003ABC015003D0316004A03160056031700630348
S3159003ABD018006F0318007C03190088031A00950365
S3159003ABE01A00A1031B00AE031C00BB031D00C70381
S3159003ABF01D00D4031E00E0031F00ED032000F9039C
S3159003AC00200006042100120422001F0423002B04B3
S3159003AC1024003804240044042500510426005E04CD
S3159003AC2027006A0428007704290083042A009004E5
S3159003AC302B009C042B00A9042C00B5042D00C20400
S3159003AC402E00CE042F00DB043000E7043100F40419
S3159003AC503200000533000D0534001A05350026052C
S3159003AC603600330537003F0538004C053900580543
S3159003AC703A0065053B0071053C007E053D008A055B
S3159003AC803F0097054000A3054100B0054200BC056F
S3159003AC904300C9054400D5054500E2054700EE0586
S3159003ACA04800FB05490007064A0014064B00200698
S3159003ACB04C002D064E0039064F00460650005206AC
S3159003ACC051005F0653006B065400780655008406C0
S3159003ACD05600910658009D065900AA065A00B606D4
S3159003ACE05C00C3065D00CF065E00DC066000E806E6
S3159003ACF06100F5066200010764000E0765001A07F6
S3159003AD006700270768003307690040076B004C0705
S3159003AD106C0059076E0065076F00720771007E0716
S3159003AD2072008B07740097077500A4077700B00726
S3159003AD307800BD077A00C9077B00D6077D00E20736
S3159003AD407E00EF078000FB07810007088300140845
S3159003AD508500200886002D08880039088900460852
S3159003AD608B0052088D005F088E006B089000780860
S3159003AD70920084089300910895009D089700A9086E
S3159003AD809800B6089A00C2089C00CF089E00DB087C
S3159003AD909F00E808A100F408A3000109A5000D0986
S3159003ADA0A6001909A8002609AA003209AC003F0992
S3159003ADB0AE004B09AF005809B1006409B30070099E
S3159003ADC0B5007D09B7008909B9009609BB00A209A8
S3159003ADD0BD00AF09BE00BB09C000C709C200D409B4
S3159003ADE0C400E009C600ED09C800F909CA00060ABD
S3159003ADF0CC00120ACE001E0AD0002B0AD200370AC4
S3159003AE00D400440AD600500AD8005C0ADA00690ACC
S3159003AE10DC00750ADE00820AE0008E0AE2009A0AD6
S3159003AE20E400A70AE700B30AE900C00AEB00CC0ADC
S3159003AE30ED00D80AEF00E50AF100F10AF300FD0AE6
S3159003AE40F6000A0BF800160BFA00230BFC002F0BE7
S3159003AE50FE003B0B0001480B0301540B0501600BED
S3159003AE6007016D0B0901790B0C01850B0E01920BF2
S3159003AE7010019E0B1301AB0B1501B70B1701C30BF7
S3159003AE801901D00B1C01DC0B1E01E80B2001F50BFD
S3159003AE902301010C25010D0C28011A0C2A01260CFD
S3159003AEA02C01320C2F013F0C31014B0C3401570C02
S3159003AEB03601640C3801700C3B017C0C3D01890C06
S3159003AEC04001950C4201A10C4501AE0C4701BA0C09
S3159003AED04A01C60C4C01D30C4F01DF0C5101EB0C0C
S3159003AEE05401F80C5601040D5901100D5B011C0D0C
S3159003AEF05E01290D6101350D6301410D66014E0D0C
S3159003AF0068015A0D6B01660D6E01720D70017F0D0E
S3159003AF1073018B0D7601970D7801A40D7B01B00D0E
S3159003AF207E01BC0D8001C80D8301D50D8601E10D0F
S3159003AF308901ED0D8B01F90D8E01060E9101120E0D
S3159003AF4094011E0E96012B0E9901370E9C01430E0A
S3159003AF509F014F0EA2015C0EA401680EA701740E09
S3159003AF60AA01800EAD018C0EB001990EB301A50E08
S3159003AF70B601B10EB801BD0EBB01CA0EBE01D60E07
S3159003AF80C101E20EC401EE0EC701FB0ECA01070F03
S3159003AF90CD01130FD0011F0FD3012B0FD601380FFD
S3159003AFA0D901440FDC01500FDF015C0FE201680FFA
S3159003AFB0E501750FE801810FEB018D0FEE01990FF6
S3159003AFC0F101A50FF401B20FF701BE0FFA01CA0FF3
S3159003AFD0FD01D60F0102E20F0402EE0F0702FB0FEB
S3159003AFE00A0207100D02131010021F1013022B10E2
S3159003AFF0170237101A0244101D02501020025C10DB
S3159003B00023026810270274102A0280102D028C10D6
S3159003B010300299103402A5103702B1103A02BD10CE
S3159003B0203E02C9104102D5104402E1104702ED10C9
S3159003B0304B02FA104E0206115102121155021E11BD
S3159003B04058022A115C0236115F02421162024E11B6
S3159003B05066025A11690267116D02731170027F11AC
S3159003B06073028B11770297117A02A3117E02AF11A5
S3159003B0708102BB118502C7118802D3118C02DF119D
S3159003B0808F02EB119302F711960204129A02101291
S3159003B0909D021C12A1022812A5023412A802401284
S3159003B0A0AC024C12AF025812B3026412B70270127A
S3159003B0B0BA027C12BE028812C1029412C502A01271
S3159003B0C0C902AC12CC02B812D002C412D402D01266
S3159003B0D0D802DC12DB02E812DF02F412E302001359
S3159003B0E0E6020C13EA021813EE022413F20230134B
S3159003B0F0F5023C13F9024813FD025413010360133E
S3159003B10005036C13080378130C038413100390132D
S3159003B11014039C131803A8131C03B4132003C0131E
S3159003B1202303CC132703D8132B03E4132F03F01312
S3159003B1303303FB13370307143B0313143F031F1403
S3159003B14043032B14470337144B0343144F034F14F2
S3159003B15053035B14570367145B0373145F037F14E2
S3159003B16063038B14670396146B03A2146F03AE14D5
S3159003B1707303BA147703C6147B03D2147F03DE14C6
S3159003B1808303EA148703F6148C03011590030D15B4
S3159003B19094031915980325159C033115A0033D15A2
S3159003B1A0A5034915A9035415AD036015B1036C1591
S3159003B1B0B5037815BA038415BE039015C2039B1580
S3159003B1C0C603A715CA03B315CF03BF15D303CB1570
S3159003B1D0D703D715DC03E215E003EE15E403FA155E
S3159003B1E0E9030616ED031216F1031D16F603291647
S3159003B1F0FA033516FE03411603044C160704581634
S3159003B2000B0464161004701614047C16190487161E
S3159003B2101D04931622049F162604AB162A04B6160B
S3159003B2202F04C2163304CE163804DA163C04E516F8
S3159003B2304104F1164504FD164A0409174E041417E2
S3159003B2405304201757042C175C04371761044317CC
S3159003B25065044F176A045B176E04661773047217B7
S3159003B26078047E177C048917810495178504A117A2
S3159003B2708A04AC178F04B8179304C4179804CF178E
S3159003B2809D04DB17A104E717A604F217AB04FE1778
S3159003B290B0040A18B4041518B9042118BE042D185D
S3159003B2A0C2043818C7044418CC044F18D1045B1849
S3159003B2B0D6046718DA047218DF047E18E404891832
S3159003B2C0E9049518EE04A118F204AC18F704B8181B
S3159003B2D0FC04C3180105CF180605DB180B05E61801
S3159003B2E01005F2181505FD181A0509191E051419E6
S3159003B2F02305201928052C192D05371932054319CD
S3159003B30037054E193C055A194105651946057119B4
S3159003B3104B057C1950058819550593195A059F199C
S3159003B3205F05AA196405B6196905C1196E05CD1984
S3159003B3307305D8197805E4197E05EF198305FB196A
S3159003B3408805061A8D05121A92051D1A9705291A4C
S3159003B3509C05341AA105401AA7054B1AAC05571A32
S3159003B360B105621AB6056E1ABB05791AC105841A18
S3159003B370C605901ACB059B1AD005A71AD505B21AFE
S3159003B380DB05BE1AE005C91AE505D41AEA05E01AE3
S3159003B390F005EB1AF505F71AFA05021B00060D1BC5
S3159003B3A00506191B0A06241B1006301B15063B1BA4
S3159003B3B01A06461B2006521B25065D1B2A06681B8A
S3159003B3C03006741B35067F1B3B068A1B4006961B6D
S3159003B3D04506A11B4B06AC1B5006B81B5606C31B52
S3159003B3E05B06CE1B6106DA1B6606E51B6C06F01B35
S3159003B3F07106FC1B7706071C7C06121C82061E1C14
S3159003B4008706291C8D06341C92063F1C98064B1CF6
S3159003B4109D06561CA306611CA8066C1CAE06781CDA
S3159003B420B406831CB9068E1CBF06991CC506A51CBB
S3159003B430CA06B01CD006BB1CD506C61CDB06D21C9E
S3159003B440E106DD1CE606E81CEC06F31CF206FF1C7F
S3159003B450F7060A1DFD06151D0307201D09072B1D5B
S3159003B4600E07361D1407421D1A074D1D2007581D3A
S3159003B4702507631D2B076E1D3107791D3707851D1C
S3159003B4803D07901D42079B1D4807A61D4E07B11DFC
S3159003B4905407BC1D5A07C71D5F07D31D6507DE1DDD
S3159003B4A06B07E91D7107F41D7707FF1D7D070A1EBC
S3159003B4B08307151E8907201E8F072B1E9507361E99
S3159003B4C09A07421EA0074D1EA607581EAC07631E79
S3159003B4D0B2076E1EB807791EBE07841EC4078F1E59
S3159003B4E0CA079A1ED007A51ED607B01EDC07BB1E39
S3159003B4F0E207C61EE807D11EEE07DC1EF507E71E18
S3159003B500FB07F21E0108FD1E0708081F0D08131FEF
S3159003B51013081E1F1908291F1F08341F25083F1FCC
S3159003B5202B084A1F3208551F3808601F3E086B1FA9
S3159003B5304408761F4A08811F50088C1F5708971F87
S3159003B5405D08A21F6308AC1F6908B71F7008C21F66
S3159003B5507608CD1F7C08D81F8208E31F8908EE1F43
S3159003B5608F08F91F950804209B080F20A20819201D
S3159003B570A8082420AE082F20B5083A20BB084520FA
S3159003B580C1085020C8085B20CE086520D4087020D7
S3159003B590DB087B20E1088620E8089120EE089B20B3
S3159003B5A0F408A620FB08B1200109BC200809C7208E
S3159003B5B00E09D1201509DC201B09E7202109F22069
S3159003B5C02809FD202E090721350912213B091D2142
S3159003B5D042092821480932214F093D21550948211D
S3159003B5E05C09532163095D216909682170097321F7
S3159003B5F076097D217D098821830993218A099E21D4
S3159003B6009109A8219709B3219E09BE21A409C821AE
S3159003B610AB09D321B209DE21B809E821BF09F32189
S3159003B620C609FE21CC090822D3091322DA091E2260
S3159003B630E0092822E7093322EE093D22F50948223B
S3159003B640FB095322020A5D22090A6822100A722212
S3159003B650160A7D221D0A8822240A92222B0A9D22EB
S3159003B660320AA722380AB2223F0ABC22460AC722C6
S3159003B6704D0AD222540ADC225B0AE722610AF1229E
S3159003B680680AFC226F0A0623760A11237D0A1B2376
S3159003B690840A26238B0A3023920A3B23990A45234D
S3159003B6A09F0A5023A60A5A23AD0A6523B40A6F2329
S3159003B6B0BB0A7A23C20A8423C90A8E23D00A992302
S3159003B6C0D70AA323DE0AAE23E50AB823EC0AC323DB
S3159003B6D0F30ACD23FA0AD723010BE223080BEC23B3
S3159003B6E00F0BF723160B01241E0B0B24250B162485
S3159003B6F02C0B2024330B2B243A0B3524410B3F245C
S3159003B700480B4A244F0B5424560B5E245E0B692434
S3159003B710650B73246C0B7D24730B88247A0B92240C
S3159003B720810B9C24890BA724900BB124970BBB24E4
S3159003B7309E0BC524A50BD024AD0BDA24B40BE424BD
S3159003B740BB0BEF24C20BF924CA0B0325D10B0D2592
S3159003B750D80B1825E00B2225E70B2C25EE0B362567
S3159003B760F50B4125FD0B4B25040C55250B0C5F253D
S3159003B770130C69251A0C7425210C7E25290C882512
S3159003B780300C9225380C9C253F0CA625460CB125EA
S3159003B7904E0CBB25550CC5255D0CCF25640CD925C0
S3159003B7A06B0CE325730CED257A0CF825820C022697
S3159003B7B0890C0C26910C1626980C2026A00C2A266A
S3159003B7C0A70C3426AF0C3E26B60C4826BE0C522642
S3159003B7D0C50C5C26CD0C6626D40C7126DC0C7B2618
S3159003B7E0E30C8526EB0C8F26F30C9926FA0CA326ED
S3159003B7F0020DAD26090DB726110DC126190DCB26BF
S3159003B800200DD526280DDF26300DE926370DF32694
S3159003B8103F0DFD26460D07274E0D1127560D1A2768
S3159003B8205D0D2427650D2E276D0D3827750D42273F
S3159003B8307C0D4C27840D56278C0D6027930D6A2714
S3159003B8409B0D7427A30D7E27AB0D8827B20D9127E9
S3159003B850BA0D9B27C20DA527CA0DAF27D20DB927BF
S3159003B860D90DC327E10DCD27E90DD627F10DE02795
S3159003B870F90DEA27010EF427080EFE27100E082865
S3159003B880180E1128200E1B28280E2528300E2F2837
S3159003B890380E3828400E4228470E4C284F0E56280D
S3159003B8A0570E60285F0E6928670E73286F0E7D28E2
S3159003B8B0770E86287F0E9028870E9A288F0EA428B7
S3159003B8C0970EAD289F0EB728A70EC128AF0ECA288C
S3159003B8D0B70ED428BF0EDE28C70EE728CF0EF12861
S3159003B8E0D70EFB28DF0E0429E70E0E29EF0E182933
S3159003B8F0F70E2129FF0E2B29070F3529100F3E2905
S3159003B900180F4829200F5129280F5B29300F6529D5
S3159003B910380F6E29400F7829480F8129510F8B29AB
S3159003B920590F9429610F9E29690FA729710FB12980
S3159003B930790FBB29820FC4298A0FCE29920FD72953
S3159003B9409A0FE129A30FEA29AB0FF429B30FFD2927
S3159003B950BB0F072AC40F102ACC0F1A2AD40F232AF7
S3159003B960DC0F2C2AE50F362AED0F3F2AF50F492ACD
S3159003B970FE0F522A06105C2A0E10652A16106E2A9E
S3159003B9801F10782A2710812A30108B2A3810942A70
S3159003B99040109D2A4910A72A5110B02A5910B92A46
S3159003B9A06210C32A6A10CC2A7310D62A7B10DF2A18
S3159003B9B08310E82A8C10F22A9410FB2A9D10042BEC
S3159003B9C0A5100D2BAE10172BB610202BBF10292BBD
S3159003B9D0C710332BD0103C2BD810452BE0104E2B91
S3159003B9E0E910582BF210612BFA106A2B0311732B63
S3159003B9F00B117D2B1411862B1C118F2B2511982B34
S3159003BA002D11A12B3611AB2B3E11B42B4711BD2B08
S3159003BA105011C62B5811CF2B6111D82B6911E22BDC
S3159003BA207211EB2B7B11F42B8311FD2B8C11062CAE
S3159003BA3095110F2C9D11182CA611212CAF112B2C7F
S3159003BA40B711342CC0113D2CC911462CD1114F2C52
S3159003BA50DA11582CE311612CEB116A2CF411732C27
S3159003BA60FD117C2C0612852C0E128E2C1712972CF8
S3159003BA702012A02C2912A92C3112B22C3A12BB2CCB
S3159003BA804312C42C4C12CD2C5512D62C5D12DF2C9E
S3159003BA906612E82C6F12F12C7812FA2C8112032D70
S3159003BAA08A120C2D9212152D9B121E2DA412272D40
S3159003BAB0AD122F2DB612382DBF12412DC8124A2D15
S3159003BAC0D112532DD9125C2DE212652DEB126E2DE8
S3159003BAD0F412762DFD127F2D0613882D0F13912DBB
S3159003BAE018139A2D2113A32D2A13AB2D3313B42D8B
S3159003BAF03C13BD2D4513C62D4E13CF2D5713D72D5E
S3159003BB006013E02D6913E92D7213F22D7B13FA2D31
S3159003BB108413032E8D130C2E9613152E9F131D2E01
S3159003BB20A813262EB1132F2EBA13372EC313402ED6
S3159003BB30CC13492ED513512EDF135A2EE813632EA9
S3159003BB40F1136B2EFA13742E03147D2E0C14852E7B
S3159003BB5015148E2E1E14972E28149F2E3114A82E4C
S3159003BB603A14B02E4314B92E4C14C22E5514CA2E21
S3159003BB705F14D32E6814DB2E7114E42E7A14EC2EF4
S3159003BB808314F52E8D14FD2E9614062F9F140E2FC7
S3159003BB90A814172FB214202FBB14282FC414302F98
S3159003BBA0CD14392FD714412FE0144A2FE914522F6D
S3159003BBB0F3145B2FFC14632F05156C2F0E15742F3E
S3159003BBC018157D2F2115852F2A158D2F3415962F10
S3159003BBD03D159E2F4715A72F5015AF2F5915B72FE4
S3159003BBE06315C02F6C15C82F7515D02F7F15D92FB8
S3159003BBF08815E12F9215EA2F9B15F22FA415FA2F8C
S3159003BC00AE150230B7150B30C1151330CA151B305C
S3159003BC10D4152430DD152C30E6153430F0153C3030
S3159003BC20F915453003164D300C16553016165D3002
S3159003BC301F16663029166E30321676303C167E30D5
S3159003BC40451687304F168F305916973062169F30A8
S3159003BC506C16A7307516AF307F16B8308816C0307D
S3159003BC609216C8309B16D030A516D830AF16E03052
S3159003BC70B816E830C216F030CB16F930D516013126
S3159003BC80DF160931E8161131F2161931FC162131F6
S3159003BC90051729310F1731311917393122174131C8
S3159003BCA02C174931361751313F175931491761319D
S3159003BCB0531769315C177131661779317017813172
S3159003BCC07A178931831791318D1799319717A13146
S3159003BCD0A017A931AA17B131B417B931BE17C0311C
S3159003BCE0C817C831D117D031DB17D831E517E031F2
S3159003BCF0EF17E831F817F0310218F8310C18FF31C5
S3159003BD001618073220180F322A18173233181F3293
S3159003BD103D18273247182E32511836325B183E3269
S3159003BD20651846326F184E327818553282185D323E
S3159003BD308C18653296186D32A0187432AA187C3214
S3159003BD40B4188432BE188B32C8189332D2189B32E9
S3159003BD50DC18A332E618AA32EF18B232F918BA32BF
S3159003BD600319C1320D19C9321719D0322119D83294
S3159003BD702B19E0323519E7323F19EF324919F73269
S3159003BD805319FE325D19063367190D33711915333D
S3159003BD907B191D33851924338F192C339A19333311
S3159003BDA0A4193B33AE194233B8194A33C2195133E6
S3159003BDB0CC195933D6196033E0196833EA196F33BE
S3159003BDC0F4197733FE197E33081A8633131A8D3393
S3159003BDD01D1A9533271A9C33311AA3333B1AAB3367
S3159003BDE0451AB2334F1ABA335A1AC133641AC8333F
S3159003BDF06E1AD033781AD733821ADF338C1AE63316
S3159003BE00971AED33A11AF533AB1AFC33B51A0334EB
S3159003BE10BF1A0B34CA1A1234D41A1934DE1A2034C0
S3159003BE20E81A2834F31A2F34FD1A3634071B3E3496
S3159003BE30111B45341C1B4C34261B5334301B5B346B
S3159003BE403B1B6234451B69344F1B7034591B773443
S3159003BE50641B7F346E1B8634781B8D34831B94341A
S3159003BE608D1B9B34971BA234A21BAA34AC1BB134F3
S3159003BE70B61BB834C11BBF34CB1BC634D51BCD34CC
S3159003BE80E01BD434EA1BDB34F51BE234FF1BEA34A4
S3159003BE90091CF134141CF8341E1CFF34291C063576
S3159003BEA0331C0D353D1C1435481C1B35521C22354D
S3159003BEB05D1C2935671C3035721C37357C1C3E3525
S3159003BEC0861C4535911C4C359B1C5335A61C5A35FF
S3159003BED0B01C6135BB1C6735C51C6E35D01C7535DA
S3159003BEE0DA1C7C35E51C8335EF1C8A35FA1C9135B3
S3159003BEF0041D98350F1D9F35191DA535241DAC3589
S3159003BF002E1DB335391DBA35441DC1354E1DC83561
S3159003BF10591DCE35631DD5356E1DDC35781DE3353C
S3159003BF20831DEA358E1DF035981DF735A31DFE3515
S3159003BF30AD1D0536B81D0B36C31D1236CD1D1936EC
S3159003BF40D81D2036E21D2636ED1D2D36F81D3436C6
S3159003BF50021E3A360D1E4136181E4836221E4E369E
S3159003BF602D1E5536381E5C36421E62364D1E693678
S3159003BF70581E6F36621E76366D1E7D36781E833654
S3159003BF80831E8A368D1E9036981E9736A31E9D362F
S3159003BF90AD1EA436B81EAB36C31EB136CE1EB8360A
S3159003BFA0D81EBE36E31EC536EE1ECB36F91ED236E6
S3159003BFB0031FD8360E1FDF36191FE536241FEB36BF
S3159003BFC02F1FF236391FF836441FFF364F1F05379A
S3159003BFD05A1F0C37651F12376F1F18377A1F1F3773
S3159003BFE0851F2537901F2C379B1F3237A51F383750
S3159003BFF0B01F3F37BB1F4537C61F4B37D11F52372D
S3159003C000DC1F5837E71F5E37F11F6537FC1F6B3709
S3159003C01007207137122077371D207E3728208437E3
S3159003C02033208A373E2090374920973754209D37BF
S3159003C0305E20A3376920A9377420B0377F20B6379F
S3159003C0408A20BC379520C237A020C837AB20CE377D
S3159003C050B620D537C120DB37CC20E137D720E73759
S3159003C060E220ED37ED20F337F820F9370321FF3738
S3159003C0700E21053819210B38242112382F2118380F
S3159003C0803A211E384521243850212A385B213038ED
S3159003C0906621363871213C387C21423887214838CD
S3159003C0A092214E389D215438A8215A38B3216038AD
S3159003C0B0BE216638CA216B38D5217138E02177388D
S3159003C0C0EB217D38F6218338012289380C228F386B
S3159003C0D01722953822229B382D22A1383922A63849
S3159003C0E04422AC384F22B2385A22B8386522BE3829
S3159003C0F07022C3387B22C9388722CF389222D5380B
S3159003C1009D22DB38A822E038B322E638BE22EC38EB
S3159003C110CA22F238D522F738E022FD38EB220339CA
S3159003C120F622093901230E390D23143918231A39A6
S3159003C13023231F392E2325393A232B394523303987
S3159003C140502336395B233B39672341397223473969
S3159003C1507D234C3988235239942358399F235D394B
S3159003C160AA236339B5236839C1236E39CC2373392E
S3159003C170D7237939E2237E39EE238439F923893912
S3159003C18004248F39102494391B249A3926249F39F1
S3159003C1903224A5393D24AA394824B0395424B539D3
S3159003C1A05F24BB396A24C0397624C5398124CB39B7
S3159003C1B08C24D0399824D639A324DB39AE24E0399C
S3159003C1C0BA24E639C524EB39D024F039DC24F63980
S3159003C1D0E724FB39F324003AFE24063A09250B3A61
S3159003C1E01525103A2025163A2C251B3A3725203A41
S3159003C1F04225253A4E252B3A5925303A6525353A27
S3159003C20070253A3A7C253F3A8725453A92254A3A0C
S3159003C2109E254F3AA925543AB525593AC0255F3AF2
S3159003C220CC25643AD725693AE3256E3AEE25733AD7
S3159003C230FA25783A05267D3A1126823A1C26883ABB
S3159003C24028268D3A3326923A3F26973A4A269C3A9F
S3159003C2505626A13A6126A63A6D26AB3A7826B03A87
S3159003C2608426B53A8F26BA3A9B26BF3AA626C43A6F
S3159003C270B226C93ABD26CE3AC926D33AD426D83A57
S3159003C280E026DD3AEC26E23AF726E63A0327EB3A3E
S3159003C2900E27F03A1A27F53A2527FA3A3127FF3A25
S3159003C2A03D27043B4827093B54270E3B5F27123B08
S3159003C2B06B27173B77271C3B8227213B8E27263BF1
S3159003C2C099272A3BA5272F3BB127343BBC27393BDC
S3159003C2D0C8273E3BD327423BDF27473BEB274C3BC5
S3159003C2E0F627503B0228553B0E285A3B19285F3BAD
S3159003C2F02528633B3128683B3C286D3B4828713B96
S3159003C3005428763B5F287B3B6B287F3B7728843B7F
S3159003C3108228883B8E288D3B9A28923BA528963B6C
S3159003C320B1289B3BBD289F3BC928A43BD428A93B56
S3159003C330E028AD3BEC28B23BF728B63B0329BB3B41
S3159003C3400F29BF3B1B29C43B2629C83B3229CD3B2A
S3159003C3503E29D13B4A29D63B5529DA3B6129DE3B17
S3159003C3606D29E33B7929E73B8429EC3B9029F03B04
S3159003C3709C29F53BA829F93BB429FD3BBF29023CEF
S3159003C380CB29063CD7290A3CE3290F3CEE29133CDB
S3159003C390FA29173C062A1C3C122A203C1E2A243CC6
S3159003C3A0292A293C352A2D3C412A313C4D2A363CB3
S3159003C3B0592A3A3C652A3E3C702A423C7C2A463CA2
S3159003C3C0882A4B3C942A4F3CA02A533CAC2A573C90
S3159003C3D0B72A5B3CC32A603CCF2A643CDB2A683C81
S3159003C3E0E72A6C3CF32A703CFF2A743C0A2B793C6F
S3159003C3F0162B7D3C222B813C2E2B853C3A2B893C5C
S3159003C400462B8D3C522B913C5E2B953C6A2B993C4B
S3159003C410752B9D3C812BA13C8D2BA53C992BA93C3F
S3159003C420A52BAD3CB12BB13CBD2BB53CC92BB93C2F
S3159003C430D52BBD3CE12BC13CED2BC53CF92BC93C1F
S3159003C440052CCD3C102CD13C1C2CD53C282CD93C0E
S3159003C450342CDD3C402CE03C4C2CE43C582CE83C02
S3159003C460642CEC3C702CF03C7C2CF43C882CF83CF3
S3159003C470942CFB3CA02CFF3CAC2C033DB82C073DE5
S3159003C480C42C0B3DD02C0E3DDC2C123DE82C163DD6
S3159003C490F42C1A3D002D1D3D0C2D213D182D253DC7
S3159003C4A0242D283D302D2C3D3C2D303D482D343DBB
S3159003C4B0542D373D602D3B3D6C2D3F3D782D423DB0
S3159003C4C0842D463D902D493D9C2D4D3DA82D513DA6
S3159003C4D0B42D543DC02D583DCC2D5B3DD82D5F3D9D
S3159003C4E0E42D633DF02D663DFC2D6A3D092E6D3D91
S3159003C4F0152E713D212E743D2D2E783D392E7B3D83
S3159003C500452E7F3D512E823D5D2E863D692E893D7A
S3159003C510752E8D3D812E903D8D2E933D992E973D73
S3159003C520A62E9A3DB22E9E3DBE2EA13DCA2EA43D69
S3159003C530D62EA83DE22EAB3DEE2EAF3DFA2EB23D62
S3159003C540062FB53D132FB93D1F2FBC3D2B2FBF3D56
S3159003C550372FC23D432FC63D4F2FC93D5B2FCC3D51
S3159003C560672FD03D742FD33D802FD63D8C2FD93D49
S3159003C570982FDD3DA42FE03DB02FE33DBC2FE63D44
S3159003C580C92FE93DD52FED3DE12FF03DED2FF33D3D
S3159003C590F92FF63D0530F93D1230FC3D1E30FF3D37
S3159003C5A02A30033E3630063E4230093E4E300C3E2C
S3159003C5B05B300F3E6730123E7330153E7F30183E28
S3159003C5C08B301B3E98301E3EA430213EB030243E25
S3159003C5D0BC30273EC8302A3ED5302D3EE130303E22
S3159003C5E0ED30333EF930363E0531393E12313C3E1D
S3159003C5F01E313F3E2A31423E3631453E4331483E17
S3159003C6004F314A3E5B314D3E6731503E7431533E16
S3159003C6108031563E8C31593E98315C3EA4315E3E14
S3159003C620B131613EBD31643EC931673ED5316A3E13
S3159003C630E2316C3EEE316F3EFA31723E0732753E11
S3159003C6401332773E1F327A3E2B327D3E3832803E0E
S3159003C6504432823E5032853E5C32883E69328A3E0F
S3159003C66075328D3E8132903E8E32923E9A32953E0F
S3159003C670A632983EB2329A3EBF329D3ECB329F3E11
S3159003C680D732A23EE432A53EF032A73EFC32AA3E12
S3159003C6900833AC3E1533AF3E2133B13E2D33B43E12
S3159003C6A03A33B63E4633B93E5233BB3E5F33BE3E14
S3159003C6B06B33C03E7733C33E8433C53E9033C83E17
S3159003C6C09C33CA3EA933CC3EB533CF3EC133D13E1C
S3159003C6D0CE33D43EDA33D63EE633D83EF333DB3E1F
S3159003C6E0FF33DD3E0B34E03E1834E23E2434E43E21
S3159003C6F03034E73E3D34E93E4934EB3E5534ED3E26
S3159003C7006234F03E6E34F23E7B34F43E8734F73E29
S3159003C7109334F93EA034FB3EAC34FD3EB834003F2F
S3159003C720C534023FD134043FDD34063FEA34083F33
S3159003C730F6340A3F03350D3F0F350F3F1B35113F37
S3159003C7402835133F3435153F4035173F4D35193F3F
S3159003C75059351C3F66351E3F7235203F7E35223F45
S3159003C7608B35243F9735263FA435283FB0352A3F4E
S3159003C770BC352C3FC9352E3FD535303FE235323F58
S3159003C780EE35343FFA35363F0736383F13363A3F60
S3159003C79020363C3F2C363E3F3936403F4536423F66
S3159003C7A05136433F5E36453F6A36473F7736493F74
S3159003C7B083364B3F90364D3F9C364F3FA836513F7D
S3159003C7C0B536523FC136543FCE36563FDA36583F8A
S3159003C7D0E7365A3FF3365B3FFF365D3F0C375F3F95
S3159003C7E01837613F2537623F3137643F3E37663F9F
S3159003C7F04A37683F5737693F63376B3F6F376D3FAC
S3159003C8007C376E3F8837703F9537723FA137733FBA
S3159003C810AE37753FBA37773FC737783FD3377A3FC7
S3159003C820E0377B3FEC377D3FF9377F3F0538803FD5
S3159003C8301138823F1E38833F2A38853F3738863FE3
S3159003C8404338883F5038893F5C388B3F69388C3FF3
S3159003C85075388E3F82388F3F8E38913F9B38923F03
S3159003C860A738943FB438953FC038973FCD38983F13
S3159003C870D938993FE6389B3FF2389C3FFF389E3F25
S3159003C8800B399F3F1839A03F2439A23F3139A33F33
S3159003C8903D39A43F4A39A63F5639A73F6339A83F46
S3159003C8A06F39AA3F7C39AB3F8839AC3F9539AD3F59
S3159003C8B0A139AF3FAE39B03FBA39B13FC739B23F6D
S3159003C8C0D339B43FE039B53FEC39B63FF939B73F81
S3159003C8D0053AB83F123AB93F1E3ABB3F2B3ABC3F93
S3159003C8E0373ABD3F443ABE3F503ABF3F5D3AC03FA9
S3159003C8F0693AC13F763AC33F823AC43F8F3AC53FBE
S3159003C9009B3AC63FA83AC73FB43AC83FC13AC93FD4
S3159003C910CD3ACA3FDA3ACB3FE63ACC3FF33ACD3FEC
S3159003C920003BCE3F0C3BCF3F193BD03F253BD13FFE
S3159003C930323BD23F3E3BD33F4B3BD43F573BD53F16
S3159003C940643BD53F703BD63F7D3BD73F893BD83F32
S3159003C950963BD93FA23BDA3FAF3BDB3FBC3BDC3F49
S3159003C960C83BDC3FD53BDD3FE13BDE3FEE3BDF3F64
S3159003C970FA3BE03F073CE03F133CE13F203CE23F7C
S3159003C9802C3CE33F393CE33F453CE43F523CE53F97
S3159003C9905F3CE63F6B3CE63F783CE73F843CE83FB1
S3159003C9A0913CE83F9D3CE93FAA3CEA3FB63CEA3FCF
S3159003C9B0C33CEB3FD03CEC3FDC3CEC3FE93CED3FEA
S3159003C9C0F53CED3F023DEE3F0E3DEF3F1B3DEF3F06
S3159003C9D0273DF03F343DF03F403DF13F4D3DF13F24
S3159003C9E05A3DF23F663DF23F733DF33F7F3DF33F42
S3159003C9F08C3DF43F983DF43FA53DF53FB23DF53F61
S3159003CA00BE3DF63FCB3DF63FD73DF73FE43DF73F7F
S3159003CA10F03DF73FFD3DF83F093EF83F163EF93F9F
S3159003CA20233EF93F2F3EF93F3C3EFA3F483EFA3FBD
S3159003CA30553EFA3F613EFB3F6E3EFB3F7A3EFB3FE0
S3159003CA40873EFC3F943EFC3FA03EFC3FAD3EFC3F01
S3159003CA50B93EFD3FC63EFD3FD23EFD3FDF3EFD3F25
S3159003CA60EC3EFE3FF83EFE3F053FFE3F113FFE3F45
S3159003CA701E3FFE3F2A3FFF3F373FFF3F443FFF3F67
S3159003CA80503FFF3F5D3FFF3F693FFF3F763FFF3F8D
S3159003CA90823F00408F3F00409B3F0040A83F0040AD
S3159003CAA0B53F0040C13F0040CE3F0040DA3F0040D3
S3159003CAB0E73F0040F33F0040004000400D400040F8
S3159003CAC01940004026400040324000403F4000401D
S3159003CAD04B40004058400040654000407140004044
S3159003CAE07E4000408A40FF3F9740FF3FA340FF3F71
S3159003CAF0B040FF3FBC40FF3FC940FF3FD640FF3F9A
S3159003CB00E240FE3FEF40FE3FFB40FE3F0841FE3FC3
S3159003CB101441FE3F2141FD3F2E41FD3F3A41FD3FEA
S3159003CB204741FD3F5341FC3F6041FC3F6C41FC3F15
S3159003CB307941FC3F8641FB3F9241FB3F9F41FB3F3F
S3159003CB40AB41FA3FB841FA3FC441FA3FD141F93F6D
S3159003CB50DD41F93FEA41F93FF741F83F0342F83F98
S3159003CB601042F73F1C42F73F2942F73F3542F63FC3
S3159003CB704242F63F4E42F53F5B42F53F6842F43FF1
S3159003CB807442F43F8142F33F8D42F33F9A42F23F20
S3159003CB90A642F23FB342F13FC042F13FCC42F03F4F
S3159003CBA0D942F03FE542EF3FF242EF3FFE42EE3F7E
S3159003CBB00B43ED3F1743ED3F2443EC3F3043EC3FAC
S3159003CBC03D43EB3F4A43EA3F5643EA3F6343E93FDC
S3159003CBD06F43E83F7C43E83F8843E73F9543E63F0F
S3159003CBE0A143E63FAE43E53FBB43E43FC743E33F41
S3159003CBF0D443E33FE043E23FED43E13FF943E03F74
S3159003CC000644E03F1244DF3F1F44DE3F2B44DD3FA3
S3159003CC103844DC3F4444DC3F5144DB3F5E44DA3FD7
S3159003CC206A44D93F7744D83F8344D73F9044D63F0D
S3159003CC309C44D53FA944D53FB544D43FC244D33F42
S3159003CC40CE44D23FDB44D13FE744D03FF444CF3F79
S3159003CC500045CE3F0D45CD3F1A45CC3F2645CB3FAC
S3159003CC603345CA3F3F45C93F4C45C83F5845C73FE3
S3159003CC706545C63F7145C53F7E45C43F8A45C33F1B
S3159003CC809745C13FA345C03FB045BF3FBC45BE3F57
S3159003CC90C945BD3FD545BC3FE245BB3FEE45B93F90
S3159003CCA0FB45B83F0746B73F1446B63F2046B53FC8
S3159003CCB02D46B43F3946B23F4646B13F5246B03F02
S3159003CCC05F46AF3F6B46AD3F7846AC3F8446AB3F3E
S3159003CCD09146AA3F9D46A83FAA46A73FB646A63F7A
S3159003CCE0C346A43FCF46A33FDC46A23FE846A03FB8
S3159003CCF0F5469F3F01479E3F0E479C3F1A479B3FF2
S3159003CD002747993F3347983F4047973F4C47953F2F
S3159003CD105947943F6547923F7247913F7E478F3F6E
S3159003CD208B478E3F97478C3FA4478B3FB047893FAE
S3159003CD30BD47883FC947863FD647853FE247833FEE
S3159003CD40EF47823FFB47803F07487F3F14487D3F2D
S3159003CD5020487B3F2D487A3F3948783F4648773F6E
S3159003CD605248753F5F48733F6B48723F7848703FB0
S3159003CD7084486E3F91486D3F9D486B3FA948693FF4
S3159003CD80B648683FC248663FCF48643FDB48623F38
S3159003CD90E848613FF4485F3F01495D3F0D495B3F7A
S3159003CDA019495A3F2649583F3249563F3F49543FBE
S3159003CDB04B49523F5849513F64494F3F70494D3F04
S3159003CDC07D494B3F8949493F9649473FA249453F4C
S3159003CDD0AF49433FBB49423FC749403FD4493E3F92
S3159003CDE0E0493C3FED493A3FF949383F064A363FD9
S3159003CDF0124A343F1E4A323F2B4A303F374A2E3F20
S3159003CE00444A2C3F504A2A3F5C4A283F694A263F68
S3159003CE10754A243F824A223F8E4A203F9A4A1E3FB2
S3159003CE20A74A1C3FB34A193FC04A173FCC4A153FFE
S3159003CE30D84A133FE54A113FF14A0F3FFD4A0D3F4A
S3159003CE400A4B0A3F164B083F234B063F2F4B043F93
S3159003CE503B4B023F484B003F544BFD3E604BFB3EE2
S3159003CE606D4BF93E794BF73E854BF43E924BF23E32
S3159003CE709E4BF03EAB4BED3EB74BEB3EC34BE93E81
S3159003CE80D04BE73EDC4BE43EE84BE23EF54BE03ECF
S3159003CE90014CDD3E0D4CDB3E1A4CD83E264CD63E1D
S3159003CEA0324CD43E3F4CD13E4B4CCF3E574CCC3E6E
S3159003CEB0644CCA3E704CC83E7C4CC53E894CC33EBE
S3159003CEC0954CC03EA14CBE3EAE4CBB3EBA4CB93E11
S3159003CED0C64CB63ED34CB43EDF4CB13EEB4CAF3E64
S3159003CEE0F84CAC3E044DAA3E104DA73E1C4DA53EB4
S3159003CEF0294DA23E354D9F3E414D9D3E4E4D9A3E08
S3159003CF005A4D983E664D953E724D923E7F4D903E5C
S3159003CF108B4D8D3E974D8A3EA44D883EB04D853EB2
S3159003CF20BC4D823EC84D803ED54D7D3EE14D7A3E09
S3159003CF30ED4D773EF94D753E064E723E124E6F3E5F
S3159003CF401E4E6C3E2B4E6A3E374E673E434E643EB4
S3159003CF504F4E613E5C4E5E3E684E5C3E744E593E0D
S3159003CF60804E563E8C4E533E994E503EA54E4D3E68
S3159003CF70B14E4A3EBD4E483ECA4E453ED64E423EC1
S3159003CF80E24E3F3EEE4E3C3EFB4E393E074F363E1B
S3159003CF90134F333E1F4F303E2B4F2D3E384F2A3E75
S3159003CFA0444F273E504F243E5C4F213E684F1E3ED2
S3159003CFB0754F1B3E814F183E8D4F153E994F123E2E
S3159003CFC0A54F0F3EB24F0C3EBE4F093ECA4F063E8B
S3159003CFD0D64F033EE24FFF3DEE4FFC3DFB4FF93DEF
S3159003CFE00750F63D1350F33D1F50F03D2B50ED3D4A
S3159003CFF03750E93D4450E63D5050E33D5C50E03DAB
S3159003D0006850DD3D7450D93D8050D63D8C50D33D0C
S3159003D0109950D03DA550CC3DB150C93DBD50C63D6C
S3159003D020C950C23DD550BF3DE150BC3DED50B93DD1
S3159003D030FA50B53D0651B23D1251AF3D1E51AB3D2F
S3159003D0402A51A83D3651A43D4251A13D4E519E3D94
S3159003D0505A519A3D6751973D7351933D7F51903DF8
S3159003D0608B518D3D9751893DA351863DAF51823D5D
S3159003D070BB517F3DC7517B3DD351783DDF51743DC5
S3159003D080EB51713DF7516D3D04526A3D1052663D29
S3159003D0901C52633D28525F3D34525B3D4052583D8E
S3159003D0A04C52543D5852513D64524D3D7052493DF8
S3159003D0B07C52463D8852423D94523F3DA0523B3D61
S3159003D0C0AC52373DB852343DC452303DD0522C3DCC
S3159003D0D0DC52283DE852253DF452213D00531D3D37
S3159003D0E00C531A3D1853163D2453123D30530E3D9F
S3159003D0F03C530B3D4853073D5453033D6053FF3C0C
S3159003D1006C53FB3C7853F83C8453F43C9053F03C7B
S3159003D1109C53EC3CA853E83CB453E43CC053E03CEA
S3159003D120CC53DD3CD853D93CE453D53CF053D13C56
S3159003D130FB53CD3C0754C93C1354C53C1F54C13CC7
S3159003D1402B54BD3C3754B93C4354B53C4F54B13C36
S3159003D1505B54AD3C6754A93C7354A53C7F54A13CA6
S3159003D1608B549D3C9654993CA254953CAE54913C19
S3159003D170BA548D3CC654893CD254853CDE54813C8A
S3159003D180EA547D3CF654793C0155743C0D55703CFC
S3159003D19019556C3C2555683C3155643C3D55603C6E
S3159003D1A049555B3C5455573C6055533C6C554F3CE5
S3159003D1B078554B3C8455463C9055423C9B553E3C5A
S3159003D1C0A7553A3CB355363CBF55313CCB552D3CD0
S3159003D1D0D755293CE255243CEE55203CFA551C3C48
S3159003D1E00656173C1256133C1D560F3C29560A3CBD
S3159003D1F03556063C4156023C4C56FD3B5856F93B38
S3159003D2006456F53B7056F03B7C56EC3B8756E73BB2
S3159003D2109356E33B9F56DE3BAB56DA3BB656D63B2D
S3159003D220C256D13BCE56CD3BDA56C83BE556C43BA8
S3159003D230F156BF3BFD56BB3B0957B63B1457B23B22
S3159003D2402057AD3B2C57A93B3757A43B43579F3B9E
S3159003D2504F579B3B5B57963B6657923B72578D3B1B
S3159003D2607E57883B8957843B95577F3BA1577B3B9A
S3159003D270AC57763BB857713BC4576D3BCF57683B1A
S3159003D280DB57633BE7575F3BF2575A3BFE57553B9A
S3159003D2900A58503B15584C3B2158473B2D58423B17
S3159003D2A038583E3B4458393B4F58343B5B582F3B99
S3159003D2B067582A3B7258263B7E58213B89581C3B1C
S3159003D2C09558173BA158123BAC580E3BB858093B9F
S3159003D2D0C358043BCF58FF3ADB58FA3AE658F53A27
S3159003D2E0F258F03AFD58EB3A0959E63A1459E23AAC
S3159003D2F02059DD3A2C59D83A3759D33A4359CE3A2D
S3159003D3004E59C93A5A59C43A6559BF3A7159BA3AB4
S3159003D3107C59B53A8859B03A9359AB3A9F59A63A3C
S3159003D320AA59A13AB6599C3AC159973ACD59923AC4
S3159003D330D8598D3AE459883AEF59823AFB597D3A4E
S3159003D340065A783A125A733A1D5A6E3A295A693AD4
S3159003D350345A643A405A5F3A4B5A593A575A543A5E
S3159003D360625A4F3A6E5A4A3A795A453A845A3F3AEA
S3159003D370905A3A3A9B5A353AA75A303AB25A2B3A76
S3159003D380BE5A253AC95A203AD45A1B3AE05A163A03
S3159003D390EB5A103AF75A0B3A025B063A0D5B003A90
S3159003D3A0195BFB39245BF639305BF0393B5BEB3920
S3159003D3B0465BE639525BE0395D5BDB39685BD639B0
S3159003D3C0745BD0397F5BCB398A5BC539965BC03941
S3159003D3D0A15BBB39AC5BB539B85BB039C35BAA39D2
S3159003D3E0CE5BA539DA5B9F39E55B9A39F05B943965
S3159003D3F0FC5B8F39075C8939125C84391E5C7E39F4
S3159003D400295C7939345C73393F5C6E394B5C683986
S3159003D410565C6339615C5D396C5C5839785C52391A
S3159003D420835C4C398E5C4739995C4139A55C3B39B1
S3159003D430B05C3639BB5C3039C65C2B39D25C253946
S3159003D440DD5C1F39E85C1A39F35C1439FF5C0E39DD
S3159003D4500A5D0939155D0339205DFD382B5DF73873
S3159003D460365DF238425DEC384D5DE638585DE0380E
S3159003D470635DDB386E5DD538795DCF38855DC938A8
S3159003D480905DC3389B5DBE38A65DB838B15DB23842
S3159003D490BC5DAC38C75DA638D35DA138DE5D9B38DD
S3159003D4A0E95D9538F45D8F38FF5D89380A5E833878
S3159003D4B0155E7D38205E77382B5E7138365E6B3815
S3159003D4C0425E66384D5E6038585E5A38635E5438AD
S3159003D4D06E5E4E38795E4838845E42388F5E3C384D
S3159003D4E09A5E3638A55E3038B05E2A38BB5E2438ED
S3159003D4F0C65E1E38D15E1838DC5E1238E75E0B388E
S3159003D500F25E0538FD5EFF37085FF937135FF33731
S3159003D5101E5FED37295FE737345FE1373F5FDB37D0
S3159003D5204A5FD537555FCE37605FC8376B5FC23773
S3159003D530765FBC37815FB6378C5FB037975FA93715
S3159003D540A25FA337AC5F9D37B75F9737C25F9037BC
S3159003D550CD5F8A37D85F8437E35F7E37EE5F773761
S3159003D560F95F713704606B370F60653719605E3703
S3159003D570246058372F6052373A604B3745604537AA
S3159003D58050603F375B6038376560323770602C3751
S3159003D5907B60253786601F37916018379B601237FB
S3159003D5A0A6600C37B1600537BC60FF36C760F836A6
S3159003D5B0D160F236DC60EB36E760E536F260DF3653
S3159003D5C0FD60D8360761D2361261CB361D61C536FA
S3159003D5D02861BE363261B8363D61B1364861AB36A5
S3159003D5E05361A4365D619D36686197367361903653
S3159003D5F07D618A368861833693617D369E61763600
S3159003D600A8616F36B3616936BE616236C8615C36AE
S3159003D610D3615536DE614E36E8614836F36141365D
S3159003D620FE613A360862343613622D361E6226360A
S3159003D63028622036336219363D62123648620B36BB
S3159003D640536205365D62FE356862F7357262F03570
S3159003D6507D62EA358862E3359262DC359D62D53523
S3159003D660A762CE35B262C835BC62C135C762BA35D8
S3159003D670D262B335DC62AC35E762A535F1629F358C
S3159003D680FC6298350663913511638A351B6383353E
S3159003D69026637C35306375353B636E3545636735F5
S3159003D6A0506361355A635A35656353356F634C35A9
S3159003D6B07A63453584633E358E6337359963303562
S3159003D6C0A3632935AE632235B8631B35C36314351B
S3159003D6D0CD630D35D7630635E263FF34EC63F834D7
S3159003D6E0F763F1340164EA340B64E2341664DB3491
S3159003D6F02064D4342B64CD343564C6343F64BF344C
S3159003D7004A64B8345464B1345E64AA346964A23406
S3159003D71073649B347D64943488648D3492648634C4
S3159003D7209C647F34A7647734B1647034BB64693482
S3159003D730C5646234D0645B34DA645334E4644C3441
S3159003D740EF644534F9643E34036536340D652F34FE
S3159003D75018652834226520342C65193436651234BD
S3159003D76041650B344B6503345565FC335F65F5337F
S3159003D7706965ED337465E6337E65DF338865D73344
S3159003D7809265D0339C65C833A665C133B165BA3308
S3159003D790BB65B233C565AB33CF65A333D9659C33CC
S3159003D7A0E3659533ED658D33F865863302667E338F
S3159003D7B00C66773316666F33206668332A66603352
S3159003D7C0346659333E66513348664A33526642331A
S3159003D7D05C663B336666333371662C337B662433E0
S3159003D7E085661D338F66153399660D33A3660633A7
S3159003D7F0AD66FE32B766F732C166EF32CB66E73275
S3159003D800D566E032DF66D832E966D032F366C9323E
S3159003D810FD66C1320767BA321167B2321A67AA3206
S3159003D8202467A3322E679B323867933242678B32D3
S3159003D8304C67843256677C32606774326A676D329E
S3159003D840746765327E675D328867553291674E326B
S3159003D8509B674632A5673E32AF673632B9672E323B
S3159003D860C3672732CD671F32D6671732E0670F3209
S3159003D870EA670732F467FF31FE67F8310868F031DB
S3159003D8801168E8311B68E0312568D8312F68D031AB
S3159003D8903868C8314268C0314C68B9315668B1317D
S3159003D8A06068A9316968A131736899317D6891314E
S3159003D8B086688931906881319A687931A468713123
S3159003D8C0AD686931B7686131C1685931CA685131F8
S3159003D8D0D4684931DE684131E7683931F1683131CD
S3159003D8E0FB682931046921310E691931186911319F
S3159003D8F0216909312B6901313569F9303E69F03077
S3159003D9004869E8305169E0305B69D8306569D03051
S3159003D9106E69C8307869C0308169B8308B69AF3029
S3159003D9209469A7309E699F30A7699730B1698F3004
S3159003D930BB698730C4697E30CE697630D7696E30DD
S3159003D940E1696630EA695D30F4695530FD694D30B9
S3159003D950076A4530106A3C301A6A3430236A2C3091
S3159003D9602C6A2430366A1B303F6A1330496A0B306F
S3159003D970526A02305C6AFA2F656AF22F6E6AEA2F50
S3159003D980786AE12F816AD92F8B6AD02F946AC82F30
S3159003D9909D6AC02FA76AB72FB06AAF2FB96AA72F10
S3159003D9A0C36A9E2FCC6A962FD66A8D2FDF6A852FF0
S3159003D9B0E86A7D2FF26A742FFB6A6C2F046B632FD0
S3159003D9C00D6B5B2F176B522F206B4A2F296B412FB1
S3159003D9D0336B392F3C6B302F456B282F4E6B202F93
S3159003D9E0586B172F616B0E2F6A6B062F736BFD2E79
S3159003D9F07D6BF52E866BEC2E8F6BE42E986BDB2E60
S3159003DA00A16BD32EAB6BCA2EB46BC22EBD6BB92E44
S3159003DA10C66BB02ECF6BA82ED86B9F2EE26B972E2C
S3159003DA20EB6B8E2EF46B852EFD6B7D2E066C742E12
S3159003DA300F6C6B2E186C632E216C5A2E2B6C512EF9
S3159003DA40346C492E3D6C402E466C372E4F6C2F2EE0
S3159003DA50586C262E616C1D2E6A6C152E736C0C2ECB
S3159003DA607C6C032E856CFA2D8E6CF22D976CE92DBA
S3159003DA70A06CE02DA96CD72DB26CCF2DBB6CC62DA7
S3159003DA80C46CBD2DCD6CB42DD66CAB2DDF6CA32D94
S3159003DA90E86C9A2DF16C912DFA6C882D036D7F2D80
S3159003DAA00C6D762D156D6E2D1E6D652D276D5C2D6A
S3159003DAB02F6D532D386D4A2D416D412D4A6D382D5D
S3159003DAC0536D2F2D5C6D272D656D1E2D6E6D152D4A
S3159003DAD0766D0C2D7F6D032D886DFA2C916DF12C3F
S3159003DAE09A6DE82CA36DDF2CAB6DD62CB46DCD2C33
S3159003DAF0BD6DC42CC66DBB2CCF6DB22CD76DA92C26
S3159003DB00E06DA02CE96D972CF26D8E2CFA6D852C19
S3159003DB10036E7C2C0C6E732C156E6A2C1D6E612C09
S3159003DB20266E582C2F6E4F2C376E462C406E3D2CFE
S3159003DB30496E342C516E2B2C5A6E212C636E182CF5
S3159003DB406B6E0F2C746E062C7D6EFD2B856EF42BEF
S3159003DB508E6EEB2B976EE22B9F6ED82BA86ECF2BE8
S3159003DB60B06EC62BB96EBD2BC26EB42BCA6EAB2BE1
S3159003DB70D36EA12BDB6E982BE46E8F2BEC6E862BDC
S3159003DB80F56E7D2BFD6E732B066F6A2B0E6F612BD5
S3159003DB90176F582B206F4E2B286F452B306F3C2BCE
S3159003DBA0396F332B416F292B4A6F202B526F172BCB
S3159003DBB05B6F0D2B636F042B6C6FFB2A746FF22ACA
S3159003DBC07D6FE82A856FDF2A8D6FD62A966FCC2ACA
S3159003DBD09E6FC32AA76FB92AAF6FB02AB76FA72ACA
S3159003DBE0C06F9D2AC86F942AD06F8B2AD96F812ACA
S3159003DBF0E16F782AEA6F6E2AF26F652AFA6F5C2ACA
S3159003DC000270522A0B70492A13703F2A1B70362AC8
S3159003DC1024702C2A2C70232A34701A2A3C70102ACA
S3159003DC204570072A4D70FD295570F4295D70EA29D0
S3159003DC306670E1296E70D7297670CE297E70C429D5
S3159003DC408770BB298F70B1299770A7299F709E29DA
S3159003DC50A7709429AF708B29B8708129C0707829E1
S3159003DC60C8706E29D0706529D8705B29E0705129E8
S3159003DC70E8704829F0703E29F970352901712B29EE
S3159003DC80097121291171182919710E2921710429F4
S3159003DC902971FB283171F1283971E7284171DE2802
S3159003DCA04971D4285171CA285971C1286171B7280D
S3159003DCB06971AD287171A42879719A288171902818
S3159003DCC08971862891717D2899717328A171692824
S3159003DCD0A9716028B1715628B9714C28C071422830
S3159003DCE0C8713828D0712F28D8712528E0711B2840
S3159003DCF0E8711128F0710828F871FE27FF71F4274F
S3159003DD000772EA270F72E0271772D6271F72CD275D
S3159003DD102772C3272E72B9273672AF273E72A5276D
S3159003DD2046729B274E729127557288275D727E277E
S3159003DD30657274276D726A27747260277C72562790
S3159003DD4084724C278B724227937238279B722E27A5
S3159003DD50A3722427AA721A27B2721127BA720727B7
S3159003DD60C172FD26C972F326D072E926D872DF26D0
S3159003DD70E072D526E772CB26EF72C126F772B726E5
S3159003DD80FE72AD260673A3260D73992615738F26F9
S3159003DD901D73852624737B262C737126337366260F
S3159003DDA03B735C26427352264A73482651733E262A
S3159003DDB05973342660732A26687320266F73162642
S3159003DDC077730C267E7302268673F8258D73ED255D
S3159003DDD09573E3259C73D925A373CF25AB73C5257B
S3159003DDE0B273BB25BA73B125C173A625C8739C2597
S3159003DDF0D0739225D7738825DF737E25E6737425B2
S3159003DE00ED736925F5735F25FC73552503744B25CF
S3159003DE100B7441251274362519742C2520742225EA
S3159003DE20287418252F740D25367403253E74F9240A
S3159003DE304574EF244C74E4245374DA245B74D0242D
S3159003DE406274C5246974BB247074B1247774A7244F
S3159003DE507F749C24867492248D74882494747D2470
S3159003DE609B747324A2746924AA745E24B174542493
S3159003DE70B8744A24BF743F24C6743524CD742B24B6
S3159003DE80D4742024DB741624E2740B24EA740124DC
S3159003DE90F174F723F874EC23FF74E2230675D72302
S3159003DEA00D75CD231475C3231B75B8232275AE2325
S3159003DEB02975A3233075992337758E233E7584234D
S3159003DEC045757A234C756F23537565235A755A2373
S3159003DED061755023677545236E753B23757530239E
S3159003DEE07C75262383751B238A75112391750623C7
S3159003DEF09875FC229F75F122A575E722AC75DC22F5
S3159003DF00B375D222BA75C722C175BC22C875B2221F
S3159003DF10CE75A722D5759D22DC759222E37588224C
S3159003DF20EA757D22F0757222F7756822FE755D2279
S3159003DF30057653220B76482212763D2219763322A2
S3159003DF402076282226761E222D76132234760822D0
S3159003DF503A76FE214176F3214876E8214E76DE2104
S3159003DF605576D3215C76C8216276BE216976B32134
S3159003DF706F76A82176769E217D7693218376882166
S3159003DF808A767D2190767321977668219D765D2199
S3159003DF90A4765321AB764821B1763D21B8763221CA
S3159003DFA0BE762821C5761D21CB761221D2760721FE
S3159003DFB0D876FD20DF76F220E576E720EB76DC2037
S3159003DFC0F276D120F876C720FF76BC200577B1206C
S3159003DFD00C77A62012779B20187791201F7786209F
S3159003DFE025777B202C7770203277652038775B20D6
S3159003DFF03F775020457745204B773A2052772F200D
S3159003E000587724205E77192065770F206B77042045
S3159003E0107177F91F7777EE1F7E77E31F8477D81F83
S3159003E0208A77CD1F9077C21F9777B71F9D77AC1FBF
S3159003E030A377A21FA977971FB0778C1FB677811FF7
S3159003E040BC77761FC2776B1FC877601FCE77551F35
S3159003E050D5774A1FDB773F1FE177341FE777291F71
S3159003E060ED771E1FF377131FF977081FFF77FD1EB2
S3159003E0700578F21E0B78E71E1278DC1E1878D11EEF
S3159003E0801E78C61E2478BB1E2A78B01E3078A51E2D
S3159003E09036789A1E3C788F1E4278841E4878791E6D
S3159003E0A04E786E1E5478631E5A78581E60784D1EAD
S3159003E0B06678421E6B78361E71782B1E7778201EF3
S3159003E0C07D78151E83780A1E8978FF1D8F78F41D37
S3159003E0D09578E91D9B78DE1DA178D31DA678C71D7B
S3159003E0E0AC78BC1DB278B11DB878A61DBE789B1DC1
S3159003E0F0C378901DC978851DCF78791DD5786E1D07
S3159003E100DB78631DE078581DE6784D1DEC78421D4B
S3159003E110F278361DF7782B1DFD78201D0379151D92
S3159003E12009790A1D0E79FF1C1479F31C1A79E81CD8
S3159003E1301F79DD1C2579D21C2B79C61C3079BB1C23
S3159003E1403679B01C3B79A51C4179991C47798E1C6D
S3159003E1504C79831C5279781C58796C1C5D79611CB7
S3159003E1606379561C68794B1C6E793F1C7379341C02
S3159003E1707979291C7E791E1C8479121C8979071C4E
S3159003E1808F79FC1B9479F01B9A79E51B9F79DA1B9F
S3159003E190A579CE1BAA79C31BB079B81BB579AC1BED
S3159003E1A0BB79A11BC079961BC5798A1BCB797F1B3B
S3159003E1B0D079741BD679681BDB795D1BE079521B8A
S3159003E1C0E679461BEB793B1BF079301BF679241BDA
S3159003E1D0FB79191B007A0D1B067A021B0B7AF71A29
S3159003E1E0107AEB1A167AE01A1B7AD41A207AC91A7D
S3159003E1F0257ABE1A2B7AB21A307AA71A357A9B1ACF
S3159003E2003A7A901A3F7A841A457A791A4A7A6E1A22
S3159003E2104F7A621A547A571A597A4B1A5F7A401A76
S3159003E220647A341A697A291A6E7A1D1A737A121ACB
S3159003E230787A061A7D7AFB19827AEF19887AE41925
S3159003E2408D7AD819927ACD19977AC1199C7AB6197B
S3159003E250A17AAA19A67A9F19AB7A9319B07A8819D3
S3159003E260B57A7C19BA7A7119BF7A6519C47A5A192B
S3159003E270C97A4E19CE7A4319D37A3719D87A2C1983
S3159003E280DD7A2019E27A1419E67A0919EB7AFD18E0
S3159003E290F07AF218F57AE618FA7ADB18FF7ACF183D
S3159003E2A0047BC318097BB8180E7BAC18127BA11894
S3159003E2B0177B95181C7B8918217B7E18267B7218F1
S3159003E2C02A7B67182F7B5B18347B4F18397B44184E
S3159003E2D03E7B3818427B2D18477B21184C7B1518AB
S3159003E2E0507B0A18557BFE175A7BF2175F7BE7170D
S3159003E2F0637BDB17687BCF176D7BC417717BB8176E
S3159003E300767BAC177B7BA1177F7B9517847B8917CD
S3159003E310887B7E178D7B7217927B6617967B5B172E
S3159003E3209B7B4F179F7B4317A47B3717A97B2C1790
S3159003E330AD7B2017B27B1417B67B0917BB7BFD16F3
S3159003E340BF7BF116C47BE516C87BDA16CD7BCE165A
S3159003E350D17BC216D67BB616DA7BAB16DE7B9F16BF
S3159003E360E37B9316E77B8716EC7B7C16F07B701624
S3159003E370F57B6416F97B5816FD7B4C16027C411689
S3159003E380067C35160A7C29160F7C1D16137C1216ED
S3159003E390177C06161C7CFA15207CEE15247CE21558
S3159003E3A0297CD7152D7CCB15317CBF15367CB315BF
S3159003E3B03A7CA7153E7C9B15427C9015467C84152A
S3159003E3C04B7C78154F7C6C15537C6015577C541594
S3159003E3D05B7C4915607C3D15647C3115687C2515FD
S3159003E3E06C7C1915707C0D15747C0115797CF6146B
S3159003E3F07D7CEA14817CDE14857CD214897CC614D8
S3159003E4008D7CBA14917CAE14957CA214997C961447
S3159003E4109D7C8B14A17C7F14A57C7314A97C6714B3
S3159003E420AD7C5B14B17C4F14B57C4314B97C371423
S3159003E430BD7C2B14C17C1F14C57C1314C97C071493
S3159003E440CD7CFB13D17CF013D57CE413D97CD81304
S3159003E450DD7CCC13E07CC013E47CB413E87CA81376
S3159003E460EC7C9C13F07C9013F47C8413F87C7813E7
S3159003E470FB7C6C13FF7C6013037D5413077D481359
S3159003E4800B7D3C130E7D3013127D2413167D1813CA
S3159003E4901A7D0C131D7D0013217DF412257DE81240
S3159003E4A0287DDC122C7DD012307DC412347DB812B7
S3159003E4B0377DAC123B7DA0123F7D9412427D88122C
S3159003E4C0467D7C12497D70124D7D6412517D5812A2
S3159003E4D0547D4C12587D40125B7D34125F7D281219
S3159003E4E0637D1C12667D10126A7D04126D7DF71191
S3159003E4F0717DEB11747DDF11787DD3117B7DC7110F
S3159003E5007F7DBB11827DAF11867DA311897D971186
S3159003E5108D7D8B11907D7F11937D7311977D6711FF
S3159003E5209A7D5A119E7D4E11A17D4211A47D36117D
S3159003E530A87D2A11AB7D1E11AF7D1211B27D0611F6
S3159003E540B57DFA10B97DED10BC7DE110BF7DD51078
S3159003E550C27DC910C67DBD10C97DB110CC7DA510F5
S3159003E560D07D9910D37D8C10D67D8010D97D741073
S3159003E570DD7D6810E07D5C10E37D5010E67D4410F0
S3159003E580E97D3710ED7D2B10F07D1F10F37D131071
S3159003E590F67D0710F97DFB0FFC7DEE0FFF7DE20FF5
S3159003E5A0037ED60F067ECA0F097EBE0F0C7EB20F70
S3159003E5B00F7EA50F127E990F157E8D0F187E810FF4
S3159003E5C01B7E750F1E7E680F217E5C0F247E500F77
S3159003E5D0277E440F2A7E380F2D7E2B0F307E1F0FFA
S3159003E5E0337E130F367E070F397EFB0E3C7EEE0E7F
S3159003E5F03F7EE20E427ED60E457ECA0E487EBD0E05
S3159003E6004A7EB10E4D7EA50E507E990E537E8C0E8C
S3159003E610567E800E597E740E5C7E680E5E7E5C0E10
S3159003E620617E4F0E647E430E677E370E6A7E2B0E97
S3159003E6306C7E1E0E6F7E120E727E060E757EF90D21
S3159003E640777EED0D7A7EE10D7D7ED50D807EC80DAC
S3159003E650827EBC0D857EB00D887EA40D8A7E970D35
S3159003E6608D7E8B0D907E7F0D927E720D957E660DBF
S3159003E670987E5A0D9A7E4E0D9D7E410D9F7E350D49
S3159003E680A27E290DA57E1C0DA77E100DAA7E040DD4
S3159003E690AC7EF80CAF7EEB0CB17EDF0CB47ED30C64
S3159003E6A0B67EC60CB97EBA0CBB7EAE0CBE7EA10CF2
S3159003E6B0C07E950CC37E890CC57E7C0CC87E700C7F
S3159003E6C0CA7E640CCC7E570CCF7E4B0CD17E3F0C0E
S3159003E6D0D47E320CD67E260CD87E1A0CDB7E0D0C9D
S3159003E6E0DD7E010CE07EF50BE27EE80BE47EDC0B2F
S3159003E6F0E77ED00BE97EC30BEB7EB70BED7EAB0BC0
S3159003E700F07E9E0BF27E920BF47E850BF77E790B51
S3159003E710F97E6D0BFB7E600BFD7E540B007F480BE1
S3159003E720027F3B0B047F2F0B067F230B087F160B71
S3159003E7300A7F0A0B0D7FFD0A0F7FF10A117FE50A07
S3159003E740137FD80A157FCC0A177FC00A197FB30A9D
S3159003E7501C7FA70A1E7F9A0A207F8E0A227F820A2F
S3159003E760247F750A267F690A287F5C0A2A7F500AC6
S3159003E7702C7F440A2E7F370A307F2B0A327F1E0A5C
S3159003E780347F120A367F060A387FF9093A7FED09F4
S3159003E7903C7FE0093E7FD409407FC709427FBB098E
S3159003E7A0437FAF09457FA209477F9609497F890928
S3159003E7B04B7F7D094D7F70094F7F6409517F5809BF
S3159003E7C0527F4B09547F3F09567F3209587F26095A
S3159003E7D05A7F19095B7F0D095D7F01095F7FF408F5
S3159003E7E0617FE808627FDB08647FCF08667FC20893
S3159003E7F0687FB608697FA9086B7F9D086D7F91082E
S3159003E8006E7F8408707F7808727F6B08737F5F08CA
S3159003E810757F5208777F4608787F39087A7F2D0867
S3159003E8207B7F20087D7F14087F7F0708807FFB0707
S3159003E830827FEF07837FE207857FD607867FC907A7
S3159003E840887FBD07897FB0078B7FA4078C7F970747
S3159003E8508E7F8B078F7F7E07917F7207927F6507E7
S3159003E860947F5907957F4C07977F4007987F330787
S3159003E870997F27079B7F1A079C7F0E079E7F010729
S3159003E8809F7FF506A07FE806A27FDC06A37FCF06CF
S3159003E890A47FC306A67FB606A77FAA06A87F9D0672
S3159003E8A0AA7F9106AB7F8406AC7F7806AD7F6B0615
S3159003E8B0AF7F5F06B07F5206B17F4606B27F3906B9
S3159003E8C0B47F2D06B57F2006B67F1406B77F07065D
S3159003E8D0B87FFB05B97FEE05BB7FE205BC7FD50507
S3159003E8E0BD7FC905BE7FBC05BF7FB005C07FA305AD
S3159003E8F0C17F9705C37F8A05C47F7E05C57F710552
S3159003E900C67F6505C77F5805C87F4C05C97F3F05F8
S3159003E910CA7F3305CB7F2605CC7F1A05CD7F0D05A0
S3159003E920CE7F0005CF7FF404D07FE704D17FDB044D
S3159003E930D27FCE04D37FC204D47FB504D57FA904F6
S3159003E940D57F9C04D67F9004D77F8304D87F7704A2
S3159003E950D97F6A04DA7F5E04DB7F5104DC7F44044B
S3159003E960DC7F3804DD7F2B04DE7F1F04DF7F1204F8
S3159003E970E07F0604E07FF903E17FED03E27FE003A6
S3159003E980E37FD403E37FC703E47FBB03E57FAE0353
S3159003E990E67FA103E67F9503E77F8803E87F7C0301
S3159003E9A0E87F6F03E97F6303EA7F5603EA7F4A03AF
S3159003E9B0EB7F3D03EC7F3003EC7F2403ED7F17035E
S3159003E9C0ED7F0B03EE7FFE02EF7FF202EF7FE50210
S3159003E9D0F07FD902F07FCC02F17FC002F17FB302C0
S3159003E9E0F27FA602F27F9A02F37F8D02F37F810272
S3159003E9F0F47F7402F47F6802F57F5B02F57F4E0223
S3159003EA00F67F4202F67F3502F77F2902F77F1C02D3
S3159003EA10F77F1002F87F0302F87FF701F97FEA0187
S3159003EA20F97FDD01F97FD101FA7FC401FA7FB8013D
S3159003EA30FA7FAB01FB7F9F01FB7F9201FB7F8601F0
S3159003EA40FC7F7901FC7F6C01FC7F6001FC7F5301A5
S3159003EA50FD7F4701FD7F3A01FD7F2E01FD7F210159
S3159003EA60FE7F1401FE7F0801FE7FFB00FE7FEF0011
S3159003EA70FE7FE200FF7FD600FF7FC900FF7FBC00C9
S3159003EA80FF7FB000FF7FA300FF7F9700FF7F8A0081
S3159003EA90FF7F7E00FF7F7100FF7F6500FF7F580039
S3159003EAA0FF7F4B00FF7F3F00FF7F3200FF7F2600F3
S3159003EAB0FF7F1900FF7F0D00FF7F0000FF7FF3FFAD
S3159003EAC0FF7FE7FFFF7FDAFFFF7FCEFFFF7FC1FF69
S3159003EAD0FF7FB5FFFF7FA8FFFF7F9BFFFF7F8FFF22
S3159003EAE0FF7F82FFFF7F76FFFF7F69FFFF7F5DFFDB
S3159003EAF0FF7F50FFFF7F44FFFF7F37FFFF7F2AFF94
S3159003EB00FE7F1EFFFE7F11FFFE7F05FFFE7FF8FE51
S3159003EB10FE7FECFEFD7FDFFEFD7FD2FEFD7FC6FE10
S3159003EB20FD7FB9FEFC7FADFEFC7FA0FEFC7F94FECD
S3159003EB30FC7F87FEFB7F7AFEFB7F6EFEFB7F61FE8B
S3159003EB40FA7F55FEFA7F48FEFA7F3CFEF97F2FFE49
S3159003EB50F97F23FEF97F16FEF87F09FEF87FFDFD08
S3159003EB60F77FF0FDF77FE4FDF77FD7FDF67FCBFDCB
S3159003EB70F67FBEFDF57FB2FDF57FA5FDF47F98FD8B
S3159003EB80F47F8CFDF37F7FFDF37F73FDF27F66FD4C
S3159003EB90F27F5AFDF17F4DFDF17F40FDF07F34FD0D
S3159003EBA0F07F27FDEF7F1BFDEF7F0EFDEE7F02FDCE
S3159003EBB0ED7FF5FCED7FE9FCEC7FDCFCEC7FD0FC94
S3159003EBC0EB7FC3FCEA7FB6FCEA7FAAFCE97F9DFC58
S3159003EBD0E87F91FCE87F84FCE77F78FCE67F6BFC1B
S3159003EBE0E67F5FFCE57F52FCE47F45FCE37F39FCDF
S3159003EBF0E37F2CFCE27F20FCE17F13FCE07F07FCA4
S3159003EC00E07FFAFBDF7FEEFBDE7FE1FBDD7FD5FB6B
S3159003EC10DC7FC8FBDC7FBCFBDB7FAFFBDA7FA2FB31
S3159003EC20D97F96FBD87F89FBD77F7DFBD67F70FBF9
S3159003EC30D57F64FBD57F57FBD47F4BFBD37F3EFBBE
S3159003EC40D27F32FBD17F25FBD07F19FBCF7F0CFB85
S3159003EC50CE7F00FBCD7FF3FACC7FE6FACB7FDAFA51
S3159003EC60CA7FCDFAC97FC1FAC87FB4FAC77FA8FA1B
S3159003EC70C67F9BFAC57F8FFAC47F82FAC37F76FAE3
S3159003EC80C17F69FAC07F5DFABF7F50FABE7F44FAAF
S3159003EC90BD7F37FABC7F2BFABB7F1EFAB97F12FA78
S3159003ECA0B87F05FAB77FF9F9B67FECF9B57FE0F946
S3159003ECB0B47FD3F9B27FC7F9B17FBAF9B07FAEF912
S3159003ECC0AF7FA1F9AD7F95F9AC7F88F9AB7F7CF9DE
S3159003ECD0AA7F6FF9A87F63F9A77F56F9A67F4AF9AA
S3159003ECE0A47F3DF9A37F31F9A27F24F9A07F18F978
S3159003ECF09F7F0BF99E7FFFF89C7FF2F89B7FE6F848
S3159003ED00997FD9F8987FCDF8977FC0F8957FB4F817
S3159003ED10947FA7F8927F9BF8917F8EF88F7F82F8E6
S3159003ED208E7F75F88C7F69F88B7F5CF8897F50F8B6
S3159003ED30887F43F8867F37F8857F2AF8837F1EF886
S3159003ED40827F11F8807F05F87F7FF9F77D7FECF757
S3159003ED507B7FE0F77A7FD3F7787FC7F7777FBAF72A
S3159003ED60757FAEF7737FA1F7727F95F7707F88F7FC
S3159003ED706E7F7CF76D7F6FF76B7F63F7697F57F7CE
S3159003ED80687F4AF7667F3EF7647F31F7627F25F7A0
S3159003ED90617F18F75F7F0CF75D7FFFF65B7FF3F676
S3159003EDA05A7FE7F6587FDAF6567FCEF6547FC1F64A
S3159003EDB0527FB5F6517FA8F64F7F9CF64D7F90F61E
S3159003EDC04B7F83F6497F77F6477F6AF6457F5EF6F4
S3159003EDD0437F51F6427F45F6407F39F63E7F2CF6C8
S3159003EDE03C7F20F63A7F13F6387F07F6367FFAF59F
S3159003EDF0347FEEF5327FE2F5307FD5F52E7FC9F578
S3159003EE002C7FBCF52A7FB0F5287FA4F5267F97F54E
S3159003EE10247F8BF5227F7EF5207F72F51E7F66F524
S3159003EE201C7F59F5197F4DF5177F40F5157F34F5FE
S3159003EE30137F28F5117F1BF50F7F0FF50D7F03F5D4
S3159003EE400A7FF6F4087FEAF4067FDDF4047FD1F4B3
S3159003EE50027FC5F4007FB8F4FD7EACF4FB7EA0F48C
S3159003EE60F97E93F4F77E87F4F47E7BF4F27E6EF468
S3159003EE70F07E62F4ED7E55F4EB7E49F4E97E3DF443
S3159003EE80E77E30F4E47E24F4E27E18F4E07E0BF41D
S3159003EE90DD7EFFF3DB7EF3F3D87EE6F3D67EDAF3FD
S3159003EEA0D47ECEF3D17EC1F3CF7EB5F3CC7EA9F3D8
S3159003EEB0CA7E9CF3C87E90F3C57E84F3C37E77F3B4
S3159003EEC0C07E6BF3BE7E5FF3BB7E52F3B97E46F391
S3159003EED0B67E3AF3B47E2DF3B17E21F3AF7E15F36E
S3159003EEE0AC7E08F3AA7EFCF2A77EF0F2A57EE4F24E
S3159003EEF0A27ED7F29F7ECBF29D7EBFF29A7EB2F22E
S3159003EF00987EA6F2957E9AF2927E8EF2907E81F20A
S3159003EF108D7E75F28A7E69F2887E5CF2857E50F2EA
S3159003EF20827E44F2807E38F27D7E2BF27A7E1FF2C9
S3159003EF30777E13F2757E07F2727EFAF16F7EEEF1AB
S3159003EF406C7EE2F16A7ED5F1677EC9F1647EBDF18E
S3159003EF50617EB1F15E7EA4F15C7E98F1597E8CF16F
S3159003EF60567E80F1537E74F1507E67F14D7E5BF150
S3159003EF704A7E4FF1487E43F1457E36F1427E2AF131
S3159003EF803F7E1EF13C7E12F1397E05F1367EF9F015
S3159003EF90337EEDF0307EE1F02D7ED5F02A7EC8F0FB
S3159003EFA0277EBCF0247EB0F0217EA4F01E7E98F0DE
S3159003EFB01B7E8BF0187E7FF0157E73F0127E67F0C2
S3159003EFC00F7E5BF00C7E4EF0097E42F0067E36F0A5
S3159003EFD0037E2AF0FF7D1EF0FC7D12F0F97D05F08D
S3159003EFE0F67DF9EFF37DEDEFF07DE1EFED7DD5EF76
S3159003EFF0E97DC9EFE67DBCEFE37DB0EFE07DA4EF5D
S3159003F000DD7D98EFD97D8CEFD67D80EFD37D74EF40
S3159003F010D07D67EFCC7D5BEFC97D4FEFC67D43EF28
S3159003F020C27D37EFBF7D2BEFBC7D1FEFB97D13EF0D
S3159003F030B57D06EFB27DFAEEAF7DEEEEAB7DE2EEF9
S3159003F040A87DD6EEA47DCAEEA17DBEEE9E7DB2EEE0
S3159003F0509A7DA6EE977D99EE937D8DEE907D81EECA
S3159003F0608D7D75EE897D69EE867D5DEE827D51EEB1
S3159003F0707F7D45EE7B7D39EE787D2DEE747D21EE99
S3159003F080717D15EE6D7D09EE6A7DFCED667DF0ED85
S3159003F090637DE4ED5F7DD8ED5B7DCCED587DC0ED72
S3159003F0A0547DB4ED517DA8ED4D7D9CED497D90ED5C
S3159003F0B0467D84ED427D78ED3F7D6CED3B7D60ED45
S3159003F0C0377D54ED347D48ED307D3CED2C7D30ED30
S3159003F0D0287D24ED257D18ED217D0CED1D7D00ED1C
S3159003F0E01A7DF4EC167DE8EC127DDCEC0E7DD0EC0B
S3159003F0F00B7DC4EC077DB8EC037DACECFF7CA0ECF8
S3159003F100FB7C94ECF87C88ECF47C7CECF07C70ECE7
S3159003F110EC7C64ECE87C58ECE47C4CECE07C40ECD6
S3159003F120DD7C34ECD97C28ECD57C1CECD17C10ECC2
S3159003F130CD7C05ECC97CF9EBC57CEDEBC17CE1EBB1
S3159003F140BD7CD5EBB97CC9EBB57CBDEBB17CB1EBA2
S3159003F150AD7CA5EBA97C99EBA57C8DEBA17C81EB92
S3159003F1609D7C75EB997C6AEB957C5EEB917C52EB7F
S3159003F1708D7C46EB897C3AEB857C2EEB817C22EB6E
S3159003F1807D7C16EB797C0AEB747CFFEA707CF3EA60
S3159003F1906C7CE7EA687CDBEA647CCFEA607CC3EA52
S3159003F1A05B7CB7EA577CACEA537CA0EA4F7C94EA43
S3159003F1B04B7C88EA467C7CEA427C70EA3E7C65EA34
S3159003F1C03A7C59EA367C4DEA317C41EA2D7C35EA24
S3159003F1D0297C29EA247C1EEA207C12EA1C7C06EA16
S3159003F1E0177CFAE9137CEEE90F7CE3E90A7CD7E90D
S3159003F1F0067CCBE9027CBFE9FD7BB4E9F97BA8E900
S3159003F200F57B9CE9F07B90E9EC7B84E9E77B79E9F4
S3159003F210E37B6DE9DE7B61E9DA7B55E9D67B4AE9E7
S3159003F220D17B3EE9CD7B32E9C87B26E9C47B1BE9DA
S3159003F230BF7B0FE9BB7B03E9B67BF7E8B27BECE8D0
S3159003F240AD7BE0E8A97BD4E8A47BC9E89F7BBDE8C6
S3159003F2509B7BB1E8967BA5E8927B9AE88D7B8EE8BB
S3159003F260887B82E8847B77E87F7B6BE87B7B5FE8B0
S3159003F270767B54E8717B48E86D7B3CE8687B31E8A4
S3159003F280637B25E85F7B19E85A7B0EE8557B02E89A
S3159003F290507BF6E74C7BEBE7477BDFE7427BD3E795
S3159003F2A03E7BC8E7397BBCE7347BB1E72F7BA5E789
S3159003F2B02A7B99E7267B8EE7217B82E71C7B77E780
S3159003F2C0177B6BE7127B5FE70E7B54E7097B48E777
S3159003F2D0047B3DE7FF7A31E7FA7A25E7F57A1AE771
S3159003F2E0F07A0EE7EB7A03E7E67AF7E6E27AECE66C
S3159003F2F0DD7AE0E6D87AD4E6D37AC9E6CE7ABDE665
S3159003F300C97AB2E6C47AA6E6BF7A9BE6BA7A8FE65C
S3159003F310B57A84E6B07A78E6AB7A6DE6A67A61E654
S3159003F320A17A56E69C7A4AE6977A3FE6927A33E64C
S3159003F3308D7A28E6887A1CE6827A11E67D7A05E646
S3159003F340787AFAE5737AEEE56E7AE3E5697AD7E544
S3159003F350647ACCE55F7AC0E5597AB5E5547AA9E53E
S3159003F3604F7A9EE54A7A92E5457A87E53F7A7CE538
S3159003F3703A7A70E5357A65E5307A59E52B7A4EE532
S3159003F380257A42E5207A37E51B7A2CE5167A20E52D
S3159003F390107A15E50B7A09E5067AFEE4007AF3E42A
S3159003F3A0FB79E7E4F679DCE4F079D0E4EB79C5E42C
S3159003F3B0E679BAE4E079AEE4DB79A3E4D67998E426
S3159003F3C0D0798CE4CB7981E4C57976E4C0796AE423
S3159003F3D0BB795FE4B57954E4B07948E4AA793DE41E
S3159003F3E0A57932E49F7926E49A791BE4947910E41B
S3159003F3F08F7904E48979F9E38479EEE37E79E2E31C
S3159003F4007979D7E37379CCE36E79C1E36879B5E318
S3159003F4106379AAE35D799FE3587994E3527988E314
S3159003F4204C797DE3477972E3417967E33B795BE313
S3159003F430367950E3307945E32B793AE325792EE310
S3159003F4401F7923E31A7918E314790DE30E7901E30F
S3159003F4500979F6E20379EBE2FD78E0E2F778D5E213
S3159003F460F278CAE2EC78BEE2E678B3E2E078A8E214
S3159003F470DB789DE2D57892E2CF7887E2C9787BE212
S3159003F480C37870E2BE7865E2B8785AE2B2784FE212
S3159003F490AC7844E2A67839E2A1782DE29B7822E211
S3159003F4A0957817E28F780CE2897801E28378F6E112
S3159003F4B07D78EBE17778E0E17178D5E16B78CAE115
S3159003F4C06678BEE16078B3E15A78A8E154789DE115
S3159003F4D04E7892E1487887E142787CE13C7871E115
S3159003F4E0367866E130785BE12A7850E1247845E115
S3159003F4F01E783AE118782FE1127824E10B7819E116
S3159003F50005780EE1FF7703E1F977F8E0F377EDE01D
S3159003F510ED77E2E0E777D7E0E177CCE0DB77C1E020
S3159003F520D577B6E0CE77ABE0C877A0E0C27795E023
S3159003F530BC778AE0B6777FE0B07774E0A97769E025
S3159003F540A3775EE09D7754E0977749E090773EE026
S3159003F5508A7733E0847728E07E771DE0777712E029
S3159003F560717707E06B77FCDF6577F1DF5E77E7DF2F
S3159003F5705877DCDF5277D1DF4B77C6DF4577BBDF32
S3159003F5803F77B0DF3877A5DF32779BDF2C7790DF35
S3159003F590257785DF1F777ADF18776FDF127765DF39
S3159003F5A00C775ADF05774FDFFF7644DFF87639DF3E
S3159003F5B0F2762FDFEB7624DFE57619DFDF760EDF43
S3159003F5C0D87603DFD276F9DECB76EEDEC576E3DE4A
S3159003F5D0BE76D8DEB876CEDEB176C3DEAB76B8DE4F
S3159003F5E0A476ADDE9D76A3DE977698DE90768DDE55
S3159003F5F08A7683DE837678DE7D766DDE767662DE58
S3159003F6006F7658DE69764DDE627642DE5C7638DE5C
S3159003F61055762DDE4E7622DE487618DE41760DDE61
S3159003F6203A7602DE3476F8DD2D76EDDD2676E2DD6A
S3159003F6302076D8DD1976CDDD1276C3DD0B76B8DD6F
S3159003F6400576ADDDFE75A3DDF77598DDF0758EDD78
S3159003F650EA7583DDE37578DDDC756EDDD57563DD7F
S3159003F660CE7559DDC8754EDDC17544DDBA7539DD84
S3159003F670B3752EDDAC7524DDA57519DD9F750FDD8C
S3159003F680987504DD9175FADC8A75EFDC8375E5DC94
S3159003F6907C75DADC7575D0DC6E75C5DC6775BBDC9D
S3159003F6A06175B0DC5A75A6DC53759BDC4C7591DCA1
S3159003F6B0457586DC3E757CDC377572DC307567DCA8
S3159003F6C029755DDC227552DC1B7548DC14753DDCAF
S3159003F6D00D7533DC067529DCFF741EDCF87414DCB7
S3159003F6E0F17409DCEA74FFDBE274F5DBDB74EADBC5
S3159003F6F0D474E0DBCD74D5DBC674CBDBBF74C1DBCE
S3159003F700B874B6DBB174ACDBAA74A2DBA27497DBD4
S3159003F7109B748DDB947483DB8D7478DB86746EDBDC
S3159003F7207F7464DB777459DB70744FDB697445DBE4
S3159003F73062743BDB5B7430DB537426DB4C741CDBEB
S3159003F740457411DB3E7407DB3674FDDA2F74F3DAF6
S3159003F7502874E8DA2074DEDA1974D4DA1274CADA01
S3159003F7600B74BFDA0374B5DAFC73ABDAF573A1DA0B
S3159003F770ED7397DAE6738CDADF7382DAD77378DA16
S3159003F780D0736EDAC87364DAC1735ADABA734FDA1E
S3159003F790B27345DAAB733BDAA37331DA9C7327DA28
S3159003F7A095731DDA8D7313DA867308DA7E73FED931
S3159003F7B07773F4D96F73EAD96873E0D96073D6D93E
S3159003F7C05973CCD95173C2D94A73B8D94273AED946
S3159003F7D03B73A4D933739AD92C738FD9247385D950
S3159003F7E01D737BD9157371D90D7367D906735DD95B
S3159003F7F0FE7253D9F77249D9EF723FD9E77235D969
S3159003F800E0722BD9D87221D9D07217D9C9720DD972
S3159003F810C17203D9BA72F9D8B272EFD8AA72E6D87E
S3159003F820A372DCD89B72D2D89372C8D88B72BED887
S3159003F8308472B4D87C72AAD87472A0D86D7296D892
S3159003F84065728CD85D7282D8557278D84E726FD89D
S3159003F850467265D83E725BD8367251D82E7247D8A7
S3159003F86027723DD81F7233D817722AD80F7220D8B1
S3159003F870077216D8FF710CD8F87102D8F071F8D7C1
S3159003F880E871EFD7E071E5D7D871DBD7D071D1D7CF
S3159003F890C871C8D7C071BED7B971B4D7B171AAD7D9
S3159003F8A0A971A0D7A17197D799718DD7917183D7E4
S3159003F8B089717AD7817170D7797166D771715CD7EF
S3159003F8C0697153D7617149D759713FD7517136D7FA
S3159003F8D049712CD7417122D7397119D731710FD705
S3159003F8E0297105D72171FCD61971F2D61171E8D613
S3159003F8F00971DFD60171D5D6F970CBD6F070C2D621
S3159003F900E870B8D6E070AFD6D870A5D6D0709BD62F
S3159003F910C87092D6C07088D6B8707FD6AF7075D639
S3159003F920A7706CD69F7062D6977059D68F704FD644
S3159003F930877045D67E703CD6767032D66E7029D651
S3159003F94066701FD65D7016D655700CD64D7003D65D
S3159003F9504570F9D53C70F0D53470E6D52C70DDD56D
S3159003F9602470D4D51B70CAD51370C1D50B70B7D577
S3159003F9700270AED5FA6FA4D5F26F9BD5EA6F92D586
S3159003F980E16F88D5D96F7FD5D06F75D5C86F6CD594
S3159003F990C06F63D5B76F59D5AF6F50D5A76F47D59E
S3159003F9A09E6F3DD5966F34D58D6F2AD5856F21D5AC
S3159003F9B07D6F18D5746F0ED56C6F05D5636FFCD4B8
S3159003F9C05B6FF3D4526FE9D44A6FE0D4416FD7D4C7
S3159003F9D0396FCDD4306FC4D4286FBBD4206FB2D4D3
S3159003F9E0176FA8D40E6F9FD4066F96D4FD6E8DD4E1
S3159003F9F0F56E83D4EC6E7AD4E46E71D4DB6E68D4F0
S3159003FA00D36E5FD4CA6E55D4C26E4CD4B96E43D4FA
S3159003FA10B06E3AD4A86E31D49F6E28D4976E1ED406
S3159003FA208E6E15D4856E0CD47D6E03D4746EFAD314
S3159003FA306B6EF1D3636EE8D35A6EDFD3516ED5D323
S3159003FA40496ECCD3406EC3D3376EBAD32F6EB1D330
S3159003FA50266EA8D31D6E9FD3156E96D30C6E8DD33B
S3159003FA60036E84D3FA6D7BD3F26D72D3E96D69D34A
S3159003FA70E06D60D3D76D57D3CF6D4ED3C66D45D357
S3159003FA80BD6D3CD3B46D33D3AB6D2AD3A36D21D364
S3159003FA909A6D18D3916D0FD3886D06D37F6DFDD272
S3159003FAA0766DF4D26E6DEBD2656DE2D25C6DD9D282
S3159003FAB0536DD1D24A6DC8D2416DBFD2386DB6D28D
S3159003FAC02F6DADD2276DA4D21E6D9BD2156D92D29A
S3159003FAD00C6D8AD2036D81D2FA6C78D2F16C6FD2A7
S3159003FAE0E86C66D2DF6C5DD2D66C55D2CD6C4CD2B7
S3159003FAF0C46C43D2BB6C3AD2B26C31D2A96C29D2C4
S3159003FB00A06C20D2976C17D28E6C0ED2856C06D2CF
S3159003FB107C6CFDD1736CF4D16A6CEBD1616CE3D1DF
S3159003FB20586CDAD14F6CD1D1466CC9D13D6CC0D1EA
S3159003FB30346CB7D12B6CAFD1216CA6D1186C9DD1F7
S3159003FB400F6C95D1066C8CD1FD6B83D1F46B7BD105
S3159003FB50EB6B72D1E26B69D1D86B61D1CF6B58D114
S3159003FB60C66B50D1BD6B47D1B46B3ED1AB6B36D11F
S3159003FB70A16B2DD1986B25D18F6B1CD1866B14D12C
S3159003FB807D6B0BD1736B03D16A6BFAD0616BF2D039
S3159003FB90586BE9D04E6BE0D0456BD8D03C6BD0D048
S3159003FBA0336BC7D0296BBFD0206BB6D0176BAED053
S3159003FBB00D6BA5D0046B9DD0FB6A94D0F26A8CD062
S3159003FBC0E86A83D0DF6A7BD0D66A73D0CC6A6AD070
S3159003FBD0C36A62D0B96A59D0B06A51D0A76A49D07C
S3159003FBE09D6A40D0946A38D08B6A30D0816A27D088
S3159003FBF0786A1FD06E6A16D0656A0ED05C6A06D094
S3159003FC00526AFECF496AF5CF3F6AEDCF366AE5CFA2
S3159003FC102C6ADCCF236AD4CF1A6ACCCF106AC4CFAE
S3159003FC20076ABBCFFD69B3CFF469ABCFEA69A3CFBC
S3159003FC30E1699ACFD76992CFCE698ACFC46982CFC9
S3159003FC40BB6979CFB16971CFA76969CF9E6961CFD6
S3159003FC50946959CF8B6951CF816948CF786940CFE1
S3159003FC606E6938CF656930CF5B6928CF516920CFEC
S3159003FC70486918CF3E6910CF356907CF2B69FFCEF8
S3159003FC802169F7CE1869EFCE0E69E7CE0469DFCE08
S3159003FC90FB68D7CEF168CFCEE768C7CEDE68BFCE16
S3159003FCA0D468B7CECA68AFCEC168A7CEB7689FCE21
S3159003FCB0AD6897CEA4688FCE9A6887CE90687FCE2C
S3159003FCC0866877CE7D686FCE736867CE69685FCE38
S3159003FCD0606857CE56684FCE4C6847CE426840CE42
S3159003FCE0386838CE2F6830CE256828CE1B6820CE4C
S3159003FCF0116818CE086810CEFE6708CEF46701CE59
S3159003FD00EA67F9CDE067F1CDD667E9CDCD67E1CD69
S3159003FD10C367D9CDB967D2CDAF67CACDA567C2CD73
S3159003FD209B67BACD9167B2CD8867ABCD7E67A3CD7E
S3159003FD3074679BCD6A6793CD60678CCD566784CD88
S3159003FD404C677CCD426775CD38676DCD2E6765CD93
S3159003FD5024675DCD1A6756CD11674ECD076746CD9D
S3159003FD60FD663FCDF36637CDE96630CDDF6628CDA8
S3159003FD70D56620CDCB6619CDC16611CDB76609CDB3
S3159003FD80AD6602CDA366FACC9966F3CC8F66EBCCBF
S3159003FD908566E3CC7B66DCCC7166D4CC6666CDCCCB
S3159003FDA05C66C5CC5266BECC4866B6CC3E66AFCCD6
S3159003FDB03466A7CC2A66A0CC206698CC166691CCDE
S3159003FDC00C6689CC026682CCF8657ACCED6573CCE9
S3159003FDD0E3656BCCD96564CCCF655DCCC56555CCF5
S3159003FDE0BB654ECCB16546CCA6653FCC9C6538CCFD
S3159003FDF0926530CC886529CC7E6521CC74651ACC06
S3159003FE00696513CC5F650BCC556504CC4B65FDCB0F
S3159003FE104165F5CB3665EECB2C65E7CB2265E0CB1A
S3159003FE201865D8CB0D65D1CB0365CACBF964C2CB24
S3159003FE30EF64BBCBE464B4CBDA64ADCBD064A5CB2F
S3159003FE40C5649ECBBB6497CBB16490CBA76489CB37
S3159003FE509C6481CB92647ACB886473CB7D646CCB40
S3159003FE60736465CB69645ECB5E6456CB54644FCB47
S3159003FE704A6448CB3F6441CB35643ACB2B6433CB4E
S3159003FE8020642CCB166425CB0B641ECB016416CB56
S3159003FE90F7630FCBEC6308CBE26301CBD763FACA64
S3159003FEA0CD63F3CAC363ECCAB863E5CAAE63DECA6D
S3159003FEB0A363D7CA9963D0CA8E63C9CA8463C2CA75
S3159003FEC07A63BBCA6F63B4CA6563ADCA5A63A6CA7B
S3159003FED050639FCA456399CA3B6392CA30638BCA80
S3159003FEE0266384CA1B637DCA116376CA06636FCA87
S3159003FEF0FC6268CAF16261CAE7625BCADC6254CA91
S3159003FF00D2624DCAC76246CABC623FCAB26238CA97
S3159003FF10A76232CA9D622BCA926224CA88621DCA9C
S3159003FF207D6216CA726210CA686209CA5D6202CAA3
S3159003FF305362FBC94862F5C93D62EEC93362E7C9AC
S3159003FF402862E0C91E62DAC91362D3C90862CCC9B2
S3159003FF50FE61C6C9F361BFC9E861B8C9DE61B2C9BA
S3159003FF60D361ABC9C861A4C9BE619EC9B36197C9C0
S3159003FF70A86191C99E618AC9936183C988617DC9C4
S3159003FF807D6176C9736170C9686169C95D6163C9C9
S3159003FF9053615CC9486155C93D614FC9326148C9CE
S3159003FFA0286142C91D613BC9126135C907612EC9D2
S3159003FFB0FD6028C9F26021C9E7601BC9DC6015C9D9
S3159003FFC0D1600EC9C76008C9BC6001C9B160FBC8DE
S3159003FFD0A660F4C89B60EEC89160E8C88660E1C8E5
S3159003FFE07B60DBC87060D4C86560CEC85B60C8C8E8
S3159003FFF05060C1C84560BBC83A60B5C82F60AEC8EB
S315900400002460A8C81960A2C80F609BC8046095C8EC
S31590040010F95F8FC8EE5F89C8E35F82C8D85F7CC8F2
S31590040020CD5F76C8C25F70C8B75F69C8AC5F63C8F6
S31590040030A25F5DC8975F57C88C5F50C8815F4AC8F6
S31590040040765F44C86B5F3EC8605F38C8555F32C8F8
S315900400504A5F2BC83F5F25C8345F1FC8295F19C8FC
S315900400601E5F13C8135F0DC8085F07C8FD5E01C8FD
S31590040070F25EFBC7E75EF5C7DC5EEEC7D15EE8C706
S31590040080C65EE2C7BB5EDCC7B05ED6C7A55ED0C708
S315900400909A5ECAC78F5EC4C7845EBEC7795EB8C708
S315900400A06E5EB2C7635EACC7585EA6C74D5EA0C708
S315900400B0425E9AC7365E95C72B5E8FC7205E89C708
S315900400C0155E83C70A5E7DC7FF5D77C7F45D71C70A
S315900400D0E95D6BC7DE5D65C7D35D5FC7C75D5AC70C
S315900400E0BC5D54C7B15D4EC7A65D48C79B5D42C70C
S315900400F0905D3DC7855D37C7795D31C76E5D2BC70A
S31590040100635D25C7585D20C74D5D1AC7425D14C708
S31590040110365D0EC72B5D09C7205D03C7155DFDC609
S315900401200A5DF7C6FF5CF2C6F35CECC6E85CE6C60D
S31590040130DD5CE1C6D25CDBC6C65CD5C6BB5CD0C60C
S31590040140B05CCAC6A55CC5C6995CBFC68E5CB9C60A
S31590040150835CB4C6785CAEC66C5CA8C6615CA3C608
S31590040160565C9DC64B5C98C63F5C92C6345C8DC605
S31590040170295C87C61E5C82C6125C7CC6075C77C601
S31590040180FC5B71C6F05B6CC6E55B66C6DA5B61C602
S31590040190CE5B5BC6C35B56C6B85B50C6AC5B4BC600
S315900401A0A15B45C6965B40C68A5B3BC67F5B35C6FC
S315900401B0745B30C6685B2AC65D5B25C6525B20C6F7
S315900401C0465B1AC63B5B15C6305B10C6245B0AC6F3
S315900401D0195B05C60D5B00C6025BFAC5F75AF5C5F1
S315900401E0EB5AF0C5E05AEAC5D45AE5C5C95AE0C5F2
S315900401F0BE5ADBC5B25AD5C5A75AD0C59B5ACBC5EC
S31590040200905AC6C5845AC1C5795ABBC56E5AB6C5E5
S31590040210625AB1C5575AACC54B5AA7C5405AA1C5DF
S31590040220345A9CC5295A97C51D5A92C5125A8DC5DA
S31590040230065A88C5FB5983C5EF597EC5E45978C5D6
S31590040240D85973C5CD596EC5C15969C5B65964C5D2
S31590040250AA595FC59F595AC5935955C5885950C5CA
S315900402607C594BC5715946C5655941C55A593CC5C2
S315900402704E5937C5435932C537592DC52C5928C5BA
S31590040280205923C514591EC509591AC5FD5815C5B3
S31590040290F25810C5E6580BC5DB5806C5CF5801C5AC
S315900402A0C358FCC4B858F7C4AC58F2C4A158EEC4A9
S315900402B09558E9C48958E4C47E58DFC47258DAC4A0
S315900402C06758D6C45B58D1C44F58CCC44458C7C495
S315900402D03858C2C42D58BEC42158B9C41558B4C48C
S315900402E00A58B0C4FE57ABC4F257A6C4E757A1C484
S315900402F0DB579DC4CF5798C4C45793C4B8578FC47B
S31590040300AC578AC4A15785C4955781C489577CC470
S315900403107E5778C4725773C466576EC45B576AC463
S315900403204F5765C4435761C437575CC42C5757C459
S31590040330205753C414574EC409574AC4FD5645C44E
S31590040340F15641C4E5563CC4DA5638C4CE5633C445
S31590040350C2562FC4B6562AC4AB5626C49F5622C438
S3159004036093561DC4875619C47C5614C4705610C42B
S3159004037064560BC4585607C44C5603C44156FEC320
S315900403803556FAC32956F6C31D56F1C31256EDC314
S315900403900656E9C3FA55E4C3EE55E0C3E255DCC309
S315900403A0D755D7C3CB55D3C3BF55CFC3B355CAC3FC
S315900403B0A755C6C39B55C2C39055BEC38455BAC3ED
S315900403C07855B5C36C55B1C36055ADC35455A9C3DF
S315900403D04955A5C33D55A0C331559CC3255598C3CE
S315900403E0195594C30D5590C301558CC3F65487C3C0
S315900403F0EA5483C3DE547FC3D2547BC3C65477C3B3
S31590040400BA5473C3AE546FC3A2546BC3965467C3A2
S315900404108B5463C37F545FC373545BC3675457C38E
S315900404205B5453C34F544FC343544BC3375447C37E
S315900404302B5443C31F543FC313543BC3075437C36E
S31590040440FB5333C3F0532FC3E4532BC3D85327C35F
S31590040450CC5323C3C05320C3B4531CC3A85318C34B
S315900404609C5314C3905310C384530CC3785308C33A
S315900404706C5305C3605301C35453FDC24853F9C228
S315900404803C53F5C23053F2C22453EEC21853EAC217
S315900404900C53E6C20053E3C2F452DFC2E852DBC205
S315900404A0DC52D8C2D052D4C2C452D0C2B852CCC2F2
S315900404B0AC52C9C2A052C5C29452C1C28852BEC2DD
S315900404C07C52BAC27052B7C26452B3C25852AFC2C7
S315900404D04C52ACC24052A8C23452A5C22852A1C2B0
S315900404E01C529DC210529AC2045296C2F75193C29C
S315900404F0EB518FC2DF518CC2D35188C2C75185C28A
S31590040500BB5181C2AF517EC2A3517AC2975177C271
S315900405108B5173C27F5170C273516DC2675169C258
S315900405205A5166C24E5162C242515FC236515CC242
S315900405302A5158C21E5155C2125151C206514EC229
S31590040540FA504BC2ED5047C2E15044C2D55041C215
S31590040550C9503EC2BD503AC2B15037C2A55034C2FA
S31590040560995030C28C502DC280502AC2745027C2E2
S31590040570685023C25C5020C250501DC244501AC2C7
S31590040580375017C22B5013C21F5010C213500DC2AE
S3159004059007500AC2FB4F07C2EE4F04C2E24F01C294
S315900405A0D64FFDC1CA4FFAC1BE4FF7C1B24FF4C17F
S315900405B0A54FF1C1994FEEC18D4FEBC1814FE8C163
S315900405C0754FE5C1684FE2C15C4FDFC1504FDCC146
S315900405D0444FD9C1384FD6C12B4FD3C11F4FD0C129
S315900405E0134FCDC1074FCAC1FB4EC7C1EE4EC4C10E
S315900405F0E24EC1C1D64EBEC1CA4EBBC1BD4EB8C1F4
S31590040600B14EB6C1A54EB3C1994EB0C18C4EADC1D3
S31590040610804EAAC1744EA7C1684EA4C15C4EA2C1B5
S315900406204F4E9FC1434E9CC1374E99C12B4E96C196
S315900406301E4E94C1124E91C1064E8EC1F94D8BC178
S31590040640ED4D89C1E14D86C1D54D83C1C84D80C15B
S31590040650BC4D7EC1B04D7BC1A44D78C1974D76C13A
S315900406608B4D73C17F4D70C1724D6EC1664D6BC11A
S315900406705A4D68C14E4D66C1414D63C1354D61C1F8
S31590040680294D5EC11C4D5BC1104D59C1044D56C1D7
S31590040690F84C54C1EB4C51C1DF4C4FC1D34C4CC1B7
S315900406A0C64C4AC1BA4C47C1AE4C45C1A14C42C195
S315900406B0954C40C1894C3DC17C4C3BC1704C38C172
S315900406C0644C36C1574C34C14B4C31C13F4C2FC14D
S315900406D0324C2CC1264C2AC11A4C28C10D4C25C12A
S315900406E0014C23C1F54B20C1E84B1EC1DC4B1CC108
S315900406F0D04B19C1C34B17C1B74B15C1AB4B13C1E3
S315900407009E4B10C1924B0EC1854B0CC1794B09C1BE
S315900407106D4B07C1604B05C1544B03C1484B00C197
S315900407203B4BFEC02F4BFCC0234BFAC0164BF8C074
S315900407300A4BF6C0FD4AF3C0F14AF1C0E54AEFC050
S31590040740D84AEDC0CC4AEBC0C04AE9C0B34AE7C028
S31590040750A74AE4C09A4AE2C08E4AE0C0824ADEC002
S31590040760754ADCC0694ADAC05C4AD8C0504AD6C0D9
S31590040770444AD4C0374AD2C02B4AD0C01E4ACEC0AF
S31590040780124ACCC0064ACAC0F949C8C0ED49C6C087
S31590040790E049C4C0D449C2C0C749C0C0BB49BEC061
S315900407A0AF49BDC0A249BBC09649B9C08949B7C033
S315900407B07D49B5C07049B3C06449B1C05849AFC00A
S315900407C04B49AEC03F49ACC03249AAC02649A8C0DD
S315900407D01949A6C00D49A5C00149A3C0F448A1C0B2
S315900407E0E8489FC0DB489EC0CF489CC0C2489AC088
S315900407F0B64898C0A94897C09D4895C0914893C05B
S31590040800844892C0784890C06B488EC05F488DC02B
S3159004081052488BC0464889C0394888C02D4886C0FE
S31590040820204885C0144883C0074881C0FB4780C0D0
S31590040830EF477EC0E2477DC0D6477BC0C9477AC0A2
S31590040840BD4778C0B04777C0A44775C0974774C072
S315900408508B4772C07E4771C072476FC065476EC042
S3159004086059476CC04C476BC0404769C0334768C012
S31590040870274767C01A4765C00E4764C0014762C0E0
S31590040880F54661C0E84660C0DC465EC0CF465DC0B2
S31590040890C3465CC0B6465AC0AA4659C09D4658C07F
S315900408A0914656C0844655C0784654C06B4653C04C
S315900408B05F4651C0524650C046464FC039464EC018
S315900408C02D464CC020464BC014464AC0074649C0E4
S315900408D0FB4548C0EE4547C0E24545C0D54544C0B2
S315900408E0C94543C0BC4542C0B04541C0A34540C07C
S315900408F097453FC08A453DC07E453CC071453BC047
S3159004090065453AC0584539C04C4538C03F4537C00F
S31590040910334536C0264535C01A4534C00D4533C0D7
S31590040920004532C0F44431C0E74430C0DB442FC0A4
S31590040930CE442EC0C2442DC0B5442CC0A9442BC06D
S315900409409C442BC090442AC0834429C0774428C031
S315900409506A4427C05E4426C0514425C0444424C0FA
S31590040960384424C02B4423C01F4422C0124421C0BF
S31590040970064420C0F94320C0ED431FC0E0431EC087
S31590040980D4431DC0C7431DC0BB431CC0AE431BC04C
S31590040990A1431AC095431AC0884319C07C4318C012
S315900409A06F4318C0634317C0564316C04A4316C0D4
S315900409B03D4315C0304314C0244314C0174313C099
S315900409C00B4313C0FE4212C0F24211C0E54211C05D
S315900409D0D94210C0CC4210C0C0420FC0B3420FC01F
S315900409E0A6420EC09A420EC08D420DC081420DC0E1
S315900409F074420CC068420CC05B420BC04E420BC0A2
S31590040A0042420AC035420AC0294209C01C4209C062
S31590040A10104209C0034208C0F74108C0EA4107C022
S31590040A20DD4107C0D14107C0C44106C0B84106C0E4
S31590040A30AB4106C09F4105C0924105C0864105C0A1
S31590040A40794104C06C4104C0604104C0534104C060
S31590040A50474103C03A4103C02E4103C0214103C01C
S31590040A60144102C0084102C0FB4002C0EF4002C0DC
S31590040A70E24002C0D64001C0C94001C0BC4001C09A
S31590040A80B04001C0A34001C0974001C08A4001C054
S31590040A907E4000C0714000C0654000C0584000C010
S31590040AA04B4000C03F4000C0324000C0264000C0CA
S31590040AB0194000C00D4000C0FF7F0000FF7FC900B1
S31590040AC0FD7F9201FA7F5B02F67F2403F07FED03AC
S31590040AD0E97FB604E17F7F05D87F4706CE7F10076E
S31590040AE0C27FD907B57FA208A77F6A09977F330A81
S31590040AF0877FFB0A757FC30B627F8B0C4D7F530DEB
S31590040B00387F1B0E217FE30E097FAB0FF07E7210A8
S31590040B10D57E3911BA7E01129D7EC8127F7E8E13C0
S31590040B205F7E55143F7E1B151D7EE215FA7DA81631
S31590040B30D67D6D17B07D33188A7DF818627DBD1900
S31590040B40397D821A0F7D471BE37C0B1CB77CCF1C27
S31590040B50897C931D5A7C561E297C191FF87BDC1FB1
S31590040B60C57B9F20927B61215D7B2322267BE52298
S31590040B70EF7AA623B67A67247D7A2825427AE825E1
S31590040B80057AA826C87967278A7926284A79E5288E
S31590040B900979A329C778612A84781F2B4078DC2B9E
S31590040BA0FA77982CB477552D6C77112E2377CC2E13
S31590040BB0D976872F8E7641304176FB30F475B531F0
S31590040BC0A5756E32557526330475DE33B274963434
S31590040BD05F744D350B740436B573BA365F736F37DD
S31590040BE007732438AF72D83855728C39FA71403AF3
S31590040BF09E71F23A4171A53BE270563C8370073D73
S31590040C002370B83DC16F683E5F6F173FFB6EC53F5B
S31590040C10966E7340306E2141CA6DCE41626D7A42B2
S31590040C20F96C25438F6CD043246C7A44B86B244575
S31590040C304A6BCD45DC6A75466D6A1C47FD69C347A8
S31590040C408C69694819690F49A668B4493268584A43
S31590040C50BD67FB4A46679E4BCF663F4C5766E14C51
S31590040C60DD65814D6365214EE864BF4E6C645E4FCD
S31590040C70EF63FB4F71639750F26233517162CE51B9
S31590040C80F16169526F610253EC609B53686033540F
S31590040C90E35FCA545E5F6055D75EF555505E8A56DB
S31590040CA0C75D1D573E5DB057B45C4258295CD45815
S31590040CB09D5B6459105BF359825A825AF359105BBF
S31590040CC064599D5BD458295C4258B45CB0573E5DD8
S31590040CD01D57C75D8A56505EF555D75E60555E5F63
S31590040CE0CA54E35F335468609B53EC6002536F615C
S31590040CF06952F161CE5171623351F26297507163C8
S31590040D00FB4FEF635E4F6C64BF4EE864214E6365A0
S31590040D10814DDD65E14C57663F4CCF669E4B4667E9
S31590040D20FB4ABD67584A3268B449A6680F4919699F
S31590040D3069488C69C347FD691C476D6A7546DC6AC8
S31590040D40CD454A6B2445B86B7A44246CD0438F6C5A
S31590040D502543F96C7A42626DCE41CA6D2141306E5B
S31590040D607340966EC53FFB6E173F5F6F683EC16FCB
S31590040D70B83D2370073D8370563CE270A53B4171A4
S31590040D80F23A9E71403AFA718C395572D838AF72EC
S31590040D90243807736F375F73BA36B57304360B749A
S31590040DA04D355F749634B274DE33047526335575B7
S31590040DB06E32A575B531F475FB30417641308E7639
S31590040DC0872FD976CC2E2377112E6C77552DB47721
S31590040DD0982CFA77DC2B40781F2B8478612AC77875
S31590040DE0A3290979E5284A7926288A796727C8792B
S31590040DF0A826057AE825427A28257D7A6724B67A44
S31590040E00A623EF7AE522267B23225D7B6121927BC2
S31590040E109F20C57BDC1FF87B191F297C561E5A7CA4
S31590040E20931D897CCF1CB77C0B1CE37C471B0F7DE1
S31590040E30821A397DBD19627DF8188A7D3318B07D82
S31590040E406D17D67DA816FA7DE2151D7E1B153F7E7D
S31590040E5055145F7E8E137F7EC8129D7E0112BA7ED4
S31590040E603911D57E7210F07EAB0F097FE30E217F88
S31590040E701B0E387F530D4D7F8B0C627FC30B757F92
S31590040E80FB0A877F330A977F6A09A77FA208B57FF3
S31590040E90D907C27F1007CE7F4706D87F7F05E17FAB
S31590040EA0B604E97FED03F07F2403F67F5B02FA7FB5
S31590040EB09201FD7FC900FF7F0000FF7F36FFFF7F11
S31590040EC06DFEFD7FA4FDFA7FDBFCF67F12FCF07FBE
S31590040ED049FBE97F80FAE17FB8F9D87FEFF8CE7FB6
S31590040EE026F8C27F5DF7B57F95F6A77FCCF5977FF9
S31590040EF004F5877F3CF4757F74F3627FACF24D7F83
S31590040F00E4F1387F1CF1217F54F0097F8DEFF07E58
S31590040F10C6EED57EFEEDBA7E37ED9D7E71EC7F7E74
S31590040F20AAEB5F7EE4EA3F7E1DEA1D7E57E9FA7DD1
S31590040F3092E8D67DCCE7B07D07E78A7D42E6627D6E
S31590040F407DE5397DB8E40F7DF4E3E37C30E3B77C4B
S31590040F506CE2897CA9E15A7CE6E0297C23E0F87B63
S31590040F6060DFC57B9EDE927BDCDD5D7B1ADD267BB6
S31590040F7059DCEF7A98DBB67AD7DA7D7A17DA427A41
S31590040F8057D9057A98D8C879D9D78A791AD74A7900
S31590040F905CD609799ED5C778E0D4847823D44078F2
S31590040FA067D3FA77AAD2B477EED16C7733D1237715
S31590040FB078D0D976BECF8E7604CF41764ACEF47564
S31590040FC091CDA575D9CC557521CC047569CBB274E0
S31590040FD0B2CA5F74FBC90B7445C9B57390C85F7385
S31590040FE0DBC7077327C7AF7273C65572BFC5FA714D
S31590040FF00DC59E715AC44171A9C3E270F8C283703B
S3159004100047C2237097C1C16FE8C05F6F3AC0FB6E49
S315900410108CBF966EDEBE306E31BECA6D85BD626D76
S31590041020DABCF96C2FBC8F6C85BB246CDBBAB86BBD
S3159004103032BA4A6B8AB9DC6AE3B86D6A3CB8FD6920
S3159004104096B78C69F0B619694BB6A668A7B5326897
S3159004105004B5BD6761B44667C0B3CF661EB3576621
S315900410607EB2DD65DEB1636540B1E864A1B06C64BF
S3159004107004B0EF6368AF7163CCAEF26231AE716265
S3159004108096ADF161FDAC6F6164ACEC60CCAB68601D
S3159004109035ABE35F9FAA5E5F0AAAD75E75A9505ED9
S315900410A0E2A8C75D4FA83E5DBDA7B45C2BA7295C9B
S315900410B09BA69D5B0CA6105B7DA5825AEFA4F35963
S315900410C062A46459D6A3D4584BA34258C1A2B0572C
S315900410D038A21D57AFA18A5628A1F555A1A06055EF
S315900410E01CA0CA54979F3354139F9B53909E0253AC
S315900410F00E9E69528E9DCE510D9D33518E9C975066
S31590041100109CFB4F939B5E4F179BBF4E9C9A214E10
S31590041110229A814DA899E14C30993F4CB9989E4BAF
S315900411204298FB4ACD97584A5997B449E6960F493F
S31590041130739669480296C34792951C4723957546BC
S31590041140B594CD4547942445DB937A447093D04324
S31590041150069325439D927A423592CE41CF91214171
S31590041160699173400491C53FA090173F3E90683EA5
S31590041170DC8FB83D7C8F073D1D8F563CBE8EA53BBC
S31590041180618EF23A058E403AAA8D8C39508DD838B4
S31590041190F88C2438A08C6F374A8CBA36F48B043684
S315900411A0A08B4D354D8B9634FB8ADE33AA8A263333
S315900411B05A8A6E320B8AB531BE89FB3071894130B9
S315900411C02689872FDC88CC2E9388112E4B88552D13
S315900411D00588982CBF87DC2B7B871F2B3887612A41
S315900411E0F686A329B586E528758626283786672741
S315900411F0FA85A826BD85E82582852825498567240C
S315900412001085A623D984E522A28423226D846121A4
S315900412103A849F200784DC1FD683191FA583561E04
S315900412207683931D4883CF1C1C830B1CF082471B2B
S31590041230C682821A9D82BD197582F8184F82331818
S3159004124029826D170582A816E281E215C0811B15C5
S31590041250A081551480818E136281C8124581011232
S315900412602A8139110F817210F680AB0FDE80E30E5E
S31590041270C7801B0EB280530D9D808B0C8A80C30B46
S315900412807880FB0A6880330A58806A094A80A208E3
S315900412903D80D90731801007278047061E807F0539
S315900412A01680B6040F80ED030980240305805B0243
S315900412B0028092010080C90000800000008036FF01
S315900412C002806DFE0580A4FD0980DBFC0F8012FC74
S315900412D0168049FB1E8080FA2780B8F93180EFF892
S315900412E03D8026F84A805DF7588095F66880CCF55F
S315900412F0788004F58A803CF49D8074F3B280ACF2D5
S31590041300C780E4F1DE801CF1F68054F00F818DEFF6
S315900413102A81C6EE4581FEED628137ED808171ECBE
S31590041320A081AAEBC081E4EAE2811DEA058257E92D
S31590041330298292E84F82CCE7758207E79D8242E63E
S31590041340C6827DE5F082B8E41C83F4E3488330E3F7
S3159004135076836CE2A583A9E1D683E6E0078423E04D
S315900413603A8460DF6D849EDEA284DCDDD9841ADD46
S31590041370108559DC498598DB8285D7DABD8517DADD
S31590041380FA8557D9378698D87586D9D7B5861AD710
S31590041390F6865CD638879ED57B87E0D4BF8723D4E0
S315900413A0058867D34B88AAD29388EED1DC8833D14B
S315900413B0268978D07189BECFBE8904CF0B8A4ACE4E
S315900413C05A8A91CDAA8AD9CCFB8A21CC4D8B69CBEA
S315900413D0A08BB2CAF48BFBC94A8C45C9A08C90C821
S315900413E0F88CDBC7508D27C7AA8D73C6058EBFC5EB
S315900413F0618E0DC5BE8E5AC41D8FA9C37C8FF8C24B
S31590041400DC8F47C23E9097C1A090E8C004913AC041
S3159004141069918CBFCF91DEBE359231BE9D9285BDCA
S315900414200693DABC70932FBCDB9385BB4794DBBAE7
S31590041430B59432BA23958AB99295E3B802963CB894
S31590041440739696B7E696F0B659974BB6CD97A7B5D9
S31590041450429804B5B99861B43099C0B3A8991EB3AB
S31590041460229A7EB29C9ADEB1179B40B1939BA1B00F
S31590041470109C04B08E9C68AF0D9DCCAE8E9D31AE03
S315900414800E9E96AD909EFDAC139F64AC979FCCAB8D
S315900414901CA035ABA1A09FAA28A10AAAAFA175A9A1
S315900414A038A2E2A8C1A24FA84BA3BDA7D6A32BA747
S315900414B062A49BA6EFA40CA67DA57DA50CA6EFA47D
S315900414C09BA662A42BA7D6A3BDA74BA34FA8C1A244
S315900414D0E2A838A275A9AFA10AAA28A19FAAA1A099
S315900414E035AB1CA0CCAB979F64AC139FFDAC909E80
S315900414F096AD0E9E31AE8E9DCCAE0D9D68AF8E9CF4
S3159004150004B0109CA1B0939B40B1179BDEB19C9AFA
S315900415107EB2229A1EB3A899C0B3309961B4B99891
S3159004152004B54298A7B5CD974BB65997F0B6E696BB
S3159004153096B773963CB80296E3B892958AB9239572
S3159004154032BAB594DBBA479485BBDB932FBC7093C0
S31590041550DABC069385BD9D9231BE3592DEBECF919F
S315900415608CBF69913AC00491E8C0A09097C13E900F
S3159004157047C2DC8FF8C27C8FA9C31D8F5AC4BE8E16
S315900415800DC5618EBFC5058E73C6AA8D27C7508DAE
S31590041590DBC7F88C90C8A08C45C94A8CFBC9F48BE0
S315900415A0B2CAA08B69CB4D8B21CCFB8AD9CCAA8AA3
S315900415B091CD5A8A4ACE0B8A04CFBE89BECF718901
S315900415C078D0268933D1DC88EED19388AAD24B88F9
S315900415D067D3058823D4BF87E0D47B879ED5388785
S315900415E05CD6F6861AD7B586D9D7758698D83786AF
S315900415F057D9FA8517DABD85D7DA828598DB498576
S3159004160059DC10851ADDD984DCDDA2849EDE6D84D6
S3159004161060DF3A8423E00784E6E0D683A9E1A583D4
S315900416206CE2768330E34883F4E31C83B8E4F08277
S315900416307DE5C68242E69D8207E77582CCE74F82B6
S3159004164092E8298257E905821DEAE281E4EAC0819B
S31590041650AAEBA08171EC808137ED6281FEED458124
S31590041660C6EE2A818DEF0F8154F0F6801CF1DE8050
S31590041670E4F1C780ACF2B28074F39D803CF48A8026
S3159004168004F57880CCF5688095F658805DF74A80A5
S3159004169026F83D80EFF83180B8F9278080FA1E80CD
S315900416A049FB168012FC0F80DBFC0980A4FD0580A3
S315900416B06DFE028036FF0080FF7F0000D87F4706CC
S315900416C0627F8B0C9D7EC8128A7DF818297C191F1F
S315900416D07D7A282584781F2B4176FB30B573BA36EC
S315900416E0E270563CCA6DCE416D6A1C47CF663F4C3C
S315900416F0F2623351D75EF555825A825AF555D75EC2
S315900417003351F2623F4CCF661C476D6ACE41CA6D27
S31590041710563CE270BA36B573FB3041761F2B84780B
S3159004172028257D7A191F297CF8188A7DC8129D7EF2
S315900417308B0C627F4706D87F0000FF7FB8F9D87F6D
S3159004174074F3627F37ED9D7E07E78A7DE6E0297C18
S31590041750D7DA7D7AE0D4847804CF417645C9B573D7
S31590041760A9C3E27031BECA6DE3B86D6AC0B3CF66E1
S31590041770CCAEF2620AAAD75E7DA5825A28A1F55507
S315900417800D9D335130993F4C92951C473592CE41DD
S315900417901D8F563C4A8CBA36BE89FB307B871F2BED
S315900417A082852825D683191F7582F8186281C812F6
S315900417B09D808B0C27804706008000002780B8F90F
S315900417C09D8074F3628137ED758207E7D683E6E0F0
S315900417D08285D7DA7B87E0D4BE8904CF4A8C45C903
S315900417E01D8FA9C3359231BE9295E3B83099C0B393
S315900417F00D9DCCAE28A10AAA7DA57DA50AAA28A1ED
S31590041800CCAE0D9DC0B33099E3B8929531BE359266
S31590041810A9C31D8F45C94A8C04CFBE89E0D47B8762
S31590041820D7DA8285E6E0D68307E7758237ED62815B
S3159004183074F39D80B8F92780FF7F00004176FB30D2
S31590041840825A825AFB3041760000FF7F04CF41765C
S315900418507DA5825ABE89FB3000800000BE8904CFE4
S315900418607DA57DA504CFBE89FF7F0000FF7F640020
S31590041870FF7FC900FE7F2D01FD7F9201FC7FF6015B
S31590041880FA7F5B02F87FBF02F67F2403F37F880317
S31590041890F07FED03ED7F5104E97FB604E57F1A05E9
S315900418A0E17F7F05DD7FE305D87F4706D37FAC06CE
S315900418B0CE7F1007C87F7507C27FD907BC7F3D08C6
S315900418C0B57FA208AE7F0609A77F6A099F7FCE09D6
S315900418D0977F330A8F7F970A877FFB0A7E7F5F0BFA
S315900418E0757FC30B6B7F270C627F8B0C587FEF0C35
S315900418F04D7F530D437FB70D387F1B0E2D7F7F0E83
S31590041900217FE30E157F470F097FAB0FFD7E0E10E7
S31590041910F07E7210E37ED610D57E3911C87E9D1165
S31590041920BA7E0112AB7E64129D7EC8128E7E2B13F4
S315900419307F7E8E136F7EF2135F7E55144F7EB8149E
S315900419403F7E1B152E7E7F151D7EE2150C7E451659
S31590041950FA7DA816E87D0A17D67D6D17C37DD01734
S31590041960B07D33189D7D96188A7DF818767D5B191F
S31590041970627DBD194E7D201A397D821A247DE41A22
S315900419800F7D471BF97CA91BE37C0B1CCD7C6D1C3E
S31590041990B77CCF1CA07C311D897C931D717CF51D71
S315900419A05A7C561E427CB81E297C191F117C7B1FBB
S315900419B0F87BDC1FDF7B3E20C57B9F20AC7B002120
S315900419C0927B6121777BC2215D7B2322427B842299
S315900419D0267BE5220B7B4523EF7AA623D37A07242D
S315900419E0B67A67249A7AC7247D7A28255F7A8825D9
S315900419F0427AE825247A4826057AA826E77907279D
S31590041A00C8796727A979C7278A7926286A7986287B
S31590041A104A79E5282A7944290979A329E878022A72
S31590041A20C778612AA678C02A84781F2B62787D2B82
S31590041A304078DC2B1D783A2CFA77982CD777F72CAC
S31590041A40B477552D9077B32D6C77112E47776E2EEC
S31590041A502377CC2EFE76292FD976872FB376E42F4B
S31590041A608E76413068769E304176FB301B765831BF
S31590041A70F475B531CC751132A5756E327D75CA3251
S31590041A80557526332D7582330475DE33DB743A34FB
S31590041A90B27496348974F2345F744D353574A835BE
S31590041AA00B740436E0735F36B573BA368A7314379B
S31590041AB05F736F373373CA3707732438DB727E3894
S31590041AC0AF72D8388272323955728C392772E639A8
S31590041AD0FA71403ACC71993A9E71F23A6F714C3BD5
S31590041AE04171A53B1271FD3BE270563CB370AF3C1D
S31590041AF08370073D5370603D2370B83DF26F103E7E
S31590041B00C16F683E906FBF3E5F6F173F2D6F6E3FFC
S31590041B10FB6EC53FC96E1D40966E7340636ECA4098
S31590041B20306E2141FD6D7741CA6DCE41966D24424A
S31590041B30626D7A422D6DD042F96C2543C46C7B4319
S31590041B408F6CD043596C2544246C7A44EE6BCF4405
S31590041B50B86B2445816B78454A6BCD45136B21460A
S31590041B60DC6A7546A56AC9466D6A1C47356A70472C
S31590041B70FD69C347C46916488C6969485369BC486A
S31590041B8019690F49E0686149A668B4496C68064AC0
S31590041B903268584AF767A94ABD67FB4A82674C4B35
S31590041BA046679E4B0B67EF4BCF663F4C9366904CC4
S31590041BB05766E14C1A66314DDD65814DA065D14D70
S31590041BC06365214E2665704EE864BF4EAA640F4F36
S31590041BD06C645E4F2D64AC4FEF63FB4FB06349501A
S31590041BE0716397503163E550F2623351B262815119
S31590041BF07162CE5131621C52F1616952B061B55233
S31590041C006F6102532D614E53EC609B53AA60E75368
S31590041C106860335426607E54E35FCA54A05F1555BA
S31590041C205E5F60551A5FAB55D75EF555935E405629
S31590041C30505E8A560B5ED456C75D1D57835D6757B3
S31590041C403E5DB057F95CF957B45C42586E5C8B585C
S31590041C50295CD458E35B1C599D5B6459565BAC591B
S31590041C60105BF359C95A3B5A825A825A3B5AC95AFB
S31590041C70F359105BAC59565B64599D5B1C59E35BF5
S31590041C80D458295C8B586E5C4258B45CF957F95C0D
S31590041C90B0573E5D6757835D1D57C75DD4560B5E3F
S31590041CA08A56505E4056935EF555D75EAB551A5F8D
S31590041CB060555E5F1555A05FCA54E35F7E542660F7
S31590041CC033546860E753AA609B53EC604E532D617E
S31590041CD002536F61B552B0616952F1611C5231621F
S31590041CE0CE5171628151B2623351F262E5503163E1
S31590041CF0975071634950B063FB4FEF63AC4F2D64BB
S31590041D005E4F6C640F4FAA64BF4EE864704E2665AE
S31590041D10214E6365D14DA065814DDD65314D1A66C1
S31590041D20E14C5766904C93663F4CCF66EF4B0B67EE
S31590041D309E4B46674C4B8267FB4ABD67A94AF76739
S31590041D40584A3268064A6C68B449A6686149E0689C
S31590041D500F491969BC48536969488C691648C4691E
S31590041D60C347FD697047356A1C476D6AC946A56ABB
S31590041D707546DC6A2146136BCD454A6B7845816B73
S31590041D802445B86BCF44EE6B7A44246C2544596C45
S31590041D90D0438F6C7B43C46C2543F96CD0422D6D34
S31590041DA07A42626D2442966DCE41CA6D7741FD6D3D
S31590041DB02141306ECA40636E7340966E1D40C96E63
S31590041DC0C53FFB6E6E3F2D6F173F5F6FBF3E906FA3
S31590041DD0683EC16F103EF26FB83D2370603D5370FC
S31590041DE0073D8370AF3CB370563CE270FD3B127175
S31590041DF0A53B41714C3B6F71F23A9E71993ACC7105
S31590041E00403AFA71E63927728C39557232398272B0
S31590041E10D838AF727E38DB7224380773CA37337377
S31590041E206F375F7314378A73BA36B5735F36E07358
S31590041E3004360B74A83535744D355F74F234897451
S31590041E409634B2743A34DB74DE33047582332D756A
S31590041E5026335575CA327D756E32A5751132CC7599
S31590041E60B531F47558311B76FB3041769E306876E1
S31590041E7041308E76E42FB376872FD976292FFE7646
S31590041E80CC2E23776E2E4777112E6C77B32D9077C1
S31590041E90552DB477F72CD777982CFA773A2C1D785A
S31590041EA0DC2B40787D2B62781F2B8478C02AA67809
S31590041EB0612AC778022AE878A329097944292A79D4
S31590041EC0E5284A7986286A7926288A79C727A979B6
S31590041ED06727C8790727E779A826057A4826247AB2
S31590041EE0E825427A88255F7A28257D7AC7249A7AC6
S31590041EF06724B67A0724D37AA623EF7A45230B7BF5
S31590041F00E522267B8422427B23225D7BC221777B3A
S31590041F106121927B0021AC7B9F20C57B3E20DF7B99
S31590041F20DC1FF87B7B1F117C191F297CB81E427C11
S31590041F30561E5A7CF51D717C931D897C311DA07C9F
S31590041F40CF1CB77C6D1CCD7C0B1CE37CA91BF97C48
S31590041F50471B0F7DE41A247D821A397D201A4E7D03
S31590041F60BD19627D5B19767DF8188A7D96189D7DDC
S31590041F703318B07DD017C37D6D17D67D0A17E87DCB
S31590041F80A816FA7D45160C7EE2151D7E7F152E7ECB
S31590041F901B153F7EB8144F7E55145F7EF2136F7EE9
S31590041FA08E137F7E2B138E7EC8129D7E6412AB7E1B
S31590041FB00112BA7E9D11C87E3911D57ED610E37E64
S31590041FC07210F07E0E10FD7EAB0F097F470F157FC2
S31590041FD0E30E217F7F0E2D7F1B0E387FB70D437F37
S31590041FE0530D4D7FEF0C587F8B0C627F270C6B7FC4
S31590041FF0C30B757F5F0B7E7FFB0A877F970A8F7F64
S31590042000330A977FCE099F7F6A09A77F0609AE7F19
S31590042010A208B57F3D08BC7FD907C27F7507C87FE4
S315900420201007CE7FAC06D37F4706D87FE305DD7FC6
S315900420307F05E17F1A05E57FB604E97F5104ED7FBC
S31590042040ED03F07F8803F37F2403F67FBF02F87FC6
S315900420505B02FA7FF601FC7F9201FD7F2D01FE7FE4
S31590042060C900FF7F6400FF7F0000FF7F9BFFFF7F17
S3159004207036FFFF7FD2FEFE7F6DFEFD7F09FEFC7F5D
S31590042080A4FDFA7F40FDF87FDBFCF67F77FCF37FB7
S3159004209012FCF07FAEFBED7F49FBE97FE5FAE57F25
S315900420A080FAE17F1CFADD7FB8F9D87F53F9D37FA4
S315900420B0EFF8CE7F8AF8C87F26F8C27FC2F7BC7F36
S315900420C05DF7B57FF9F6AE7F95F6A77F31F69F7FDC
S315900420D0CCF5977F68F58F7F04F5877FA0F47E7F94
S315900420E03CF4757FD8F36B7F74F3627F10F3587F5B
S315900420F0ACF24D7F48F2437FE4F1387F80F12D7F37
S315900421001CF1217FB8F0157F54F0097FF1EFFD7E25
S315900421108DEFF07E29EFE37EC6EED57E62EEC87E25
S31590042120FEEDBA7E9BEDAB7E37ED9D7ED4EC8E7E36
S3159004213071EC7F7E0DEC6F7EAAEB5F7E47EB4F7E54
S31590042140E4EA3F7E80EA2E7E1DEA1D7EBAE90C7E85
S3159004215057E9FA7DF5E8E87D92E8D67D2FE8C37DC8
S31590042160CCE7B07D69E79D7D07E78A7DA4E6767D19
S3159004217042E6627DDFE54E7D7DE5397D1BE5247D76
S31590042180B8E40F7D56E4F97CF4E3E37C92E3CD7CEA
S3159004219030E3B77CCEE2A07C6CE2897C0AE2717C67
S315900421A0A9E15A7C47E1427CE6E0297C84E0117CF3
S315900421B023E0F87BC1DFDF7B60DFC57BFFDEAC7B92
S315900421C09EDE927B3DDE777BDCDD5D7B7BDD427B39
S315900421D01ADD267BBADC0B7B59DCEF7AF8DBD37AF3
S315900421E098DBB67A38DB9A7AD7DA7D7A77DA5F7AB9
S315900421F017DA427AB7D9247A57D9057AF8D8E7798B
S3159004220098D8C87938D8A979D9D78A7979D76A796B
S315900422101AD74A79BBD62A795CD60979FDD5E87856
S315900422209ED5C7783FD5A678E0D4847882D4627850
S3159004223023D44078C5D31D7867D3FA7708D3D77754
S31590042240AAD2B4774CD29077EED16C7791D1477766
S3159004225033D12377D6D0FE7678D0D9761BD0B37681
S31590042260BECF8E7661CF687604CF4176A7CE1B76A5
S315900422704ACEF475EECDCC7591CDA57535CD7D75DB
S31590042280D9CC55757DCC2D7521CC0475C5CBDB7415
S3159004229069CBB2740DCB8974B2CA5F7457CA35745C
S315900422A0FBC90B74A0C9E07345C9B573EBC88A73AF
S315900422B090C85F7335C83373DBC7077381C7DB7206
S315900422C027C7AF72CDC6827273C6557219C6277266
S315900422D0BFC5FA7166C5CC710DC59E71B3C46F71D5
S315900422E05AC4417102C41271A9C3E27050C3B37047
S315900422F0F8C283709FC2537047C22370EFC1F26FC6
S3159004230097C1C16F40C1906FE8C05F6F91C02D6F48
S315900423103AC0FB6EE2BFC96E8CBF966E35BF636ED4
S31590042320DEBE306E88BEFD6D31BECA6DDBBD966D68
S3159004233085BD626D2FBD2D6DDABCF96C84BCC46C01
S315900423402FBC8F6CDABB596C85BB246C30BBEE6B9F
S31590042350DBBAB86B87BA816B32BA4A6BDEB9136B48
S315900423608AB9DC6A36B9A56AE3B86D6A8FB8356AF4
S315900423703CB8FD69E9B7C46996B78C6943B75369A4
S31590042380F0B619699EB6E0684BB6A668F9B56C685E
S31590042390A7B5326856B5F76704B5BD67B3B4826717
S315900423A061B4466710B40B67C0B3CF666FB39366D8
S315900423B01EB35766CEB21A667EB2DD652EB2A0659E
S315900423C0DEB163658FB1266540B1E864F0B0AA6466
S315900423D0A1B06C6453B02D6404B0EF63B6AFB06330
S315900423E068AF71631AAF3163CCAEF2627EAEB262FD
S315900423F031AE7162E3AD316296ADF1614AADB061D1
S31590042400FDAC6F61B1AC2D6164ACEC6018ACAA60A4
S31590042410CCAB686081AB266035ABE35FEAAAA05F7C
S315900424209FAA5E5F54AA1A5F0AAAD75EBFA9935E53
S3159004243075A9505E2BA90B5EE2A8C75D98A8835D2B
S315900424404FA83E5D06A8F95CBDA7B45C74A76E5C04
S315900424502BA7295CE3A6E35B9BA69D5B53A6565BE1
S315900424600CA6105BC4A5C95A7DA5825A36A53B5ABB
S31590042470EFA4F359A9A4AC5962A464591CA41C5999
S31590042480D6A3D45891A38B584BA3425806A3F95775
S31590042490C1A2B0577CA2675738A21D57F4A1D4564F
S315900424A0AFA18A566CA1405628A1F555E5A0AB5527
S315900424B0A1A060555FA015551CA0CA54D99F7E54FF
S315900424C0979F3354559FE753139F9B53D29E4E53D6
S315900424D0909E02534F9EB5520E9E6952CE9D1C52AB
S315900424E08E9DCE514D9D81510D9D3351CE9CE5507F
S315900424F08E9C97504F9C4950109CFB4FD29BAC4F4F
S31590042500939B5E4F559B0F4F179BBF4ED99A704E18
S315900425109C9A214E5F9AD14D229A814DE599314DDF
S31590042520A899E14C6C99904C30993F4CF498EF4BA8
S31590042530B9989E4B7D984C4B4298FB4A0898A94A69
S31590042540CD97584A9397064A5997B4491F97614924
S31590042550E6960F49AC96BC48739669483B961648DE
S315900425600296C347CA95704792951C475A95C94691
S3159004257023957546EC942146B594CD457E9478453D
S31590042580479424451194CF44DB937A44A6932544E7
S315900425907093D0433B937B4306932543D292D04288
S315900425A09D927A42699224423592CE410292774123
S315900425B0CF9121419C91CA406991734036911D40B7
S315900425C00491C53FD2906E3FA090173F6F90BF3E47
S315900425D03E90683E0D90103EDC8FB83DAC8F603DCA
S315900425E07C8F073D4C8FAF3C1D8F563CED8EFD3B4B
S315900425F0BE8EA53B908E4C3B618EF23A338E993AC1
S31590042600058E403AD88DE639AA8D8C397D8D32392E
S31590042610508DD838248D7E38F88C2438CC8CCA3793
S31590042620A08C6F37758C14374A8CBA361F8C5F36EC
S31590042630F48B0436CA8BA835A08B4D35768BF23441
S315900426404D8B9634248B3A34FB8ADE33D28A82338A
S31590042650AA8A2633828ACA325A8A6E32338A1132C7
S315900426600B8AB531E4895831BE89FB3097899E30FF
S31590042670718941304C89E42F2689872F0189292F26
S31590042680DC88CC2EB8886E2E9388112E6F88B32D45
S315900426904B88552D2888F72C0588982CE2873A2C58
S315900426A0BF87DC2B9D877D2B7B871F2B5987C02A61
S315900426B03887612A1787022AF686A329D58644295C
S315900426C0B586E52895868628758626285686C7274C
S315900426D03786672718860727FA85A826DB8548262E
S315900426E0BD85E825A0858825828528256585C72406
S315900426F0498567242C8507241085A623F4844523CD
S31590042700D984E522BD848422A28423228884C2218A
S315900427106D846121538400213A849F2020843E2035
S315900427200784DC1FEE837B1FD683191FBD83B81ED7
S31590042730A583561E8E83F51D7683931D5F83311D67
S315900427404883CF1C32836D1C1C830B1C0683A91BE8
S31590042750F082471BDB82E41AC682821AB182201A5F
S315900427609D82BD1989825B197582F81862829618C2
S315900427704F8233183C82D01729826D1717820A1715
S315900427800582A816F3814516E281E215D1817F155B
S31590042790C0811B15B081B814A08155149081F21391
S315900427A080818E1371812B136281C81254816412B5
S315900427B04581011237819D112A8139111C81D610C8
S315900427C00F81721002810E10F680AB0FEA80470FCC
S315900427D0DE80E30ED2807F0EC7801B0EBC80B70DC1
S315900427E0B280530DA780EF0C9D808B0C9480270CA0
S315900427F08A80C30B81805F0B7880FB0A7080970A6E
S315900428006880330A6080CE0958806A095180060927
S315900428104A80A20843803D083D80D90737807507D2
S31590042820318010072C80AC06278047062280E3056A
S315900428301E807F051A801A051680B60412805104EC
S315900428400F80ED030C808803098024030780BF0260
S3159004285005805B020380F6010280920101802D01BE
S315900428600080C900008064000080000000809BFF07
S31590042870008036FF0180D2FE02806DFE038009FE41
S315900428800580A4FD078040FD0980DBFC0C8077FC65
S315900428900F8012FC1280AEFB168049FB1A80E5FA73
S315900428A01E8080FA22801CFA2780B8F92C8053F96E
S315900428B03180EFF837808AF83D8026F84380C2F756
S315900428C04A805DF75180F9F6588095F6608031F626
S315900428D06880CCF5708068F5788004F58180A0F4E2
S315900428E08A803CF49480D8F39D8074F3A78010F387
S315900428F0B280ACF2BC8048F2C780E4F1D28080F119
S31590042900DE801CF1EA80B8F0F68054F00281F1EF93
S315900429100F818DEF1C8129EF2A81C6EE378162EEF5
S315900429204581FEED54819BED628137ED7181D4EC46
S31590042930808171EC90810DECA081AAEBB08147EB7C
S31590042940C081E4EAD18180EAE2811DEAF381BAE9A1
S31590042950058257E91782F5E8298292E83C822FE8A6
S315900429604F82CCE7628269E7758207E78982A4E69B
S315900429709D8242E6B182DFE5C6827DE5DB821BE578
S31590042980F082B8E4068356E41C83F4E3328392E33C
S31590042990488330E35F83CEE276836CE28E830AE2E9
S315900429A0A583A9E1BD8347E1D683E6E0EE8384E07F
S315900429B0078423E02084C1DF3A8460DF5384FFDEFA
S315900429C06D849EDE88843DDEA284DCDDBD847BDD61
S315900429D0D9841ADDF484BADC108559DC2C85F8DBAD
S315900429E0498598DB658538DB8285D7DAA08577DAE1
S315900429F0BD8517DADB85B7D9FA8557D91886F8D8FD
S31590042A00378698D8568638D87586D9D7958679D7FD
S31590042A10B5861AD7D586BBD6F6865CD61787FDD5E6
S31590042A2038879ED559873FD57B87E0D49D8782D4B6
S31590042A30BF8723D4E287C5D3058867D3288808D36C
S31590042A404B88AAD26F884CD29388EED1B88891D10C
S31590042A50DC8833D10189D6D0268978D04C891BD08D
S31590042A607189BECF978961CFBE8904CFE489A7CEF9
S31590042A700B8A4ACE338AEECD5A8A91CD828A35CD47
S31590042A80AA8AD9CCD28A7DCCFB8A21CC248BC5CB7D
S31590042A904D8B69CB768B0DCBA08BB2CACA8B57CA9A
S31590042AA0F48BFBC91F8CA0C94A8C45C9758CEBC89D
S31590042AB0A08C90C8CC8C35C8F88CDBC7248D81C784
S31590042AC0508D27C77D8DCDC6AA8D73C6D88D19C650
S31590042AD0058EBFC5338E66C5618E0DC5908EB3C403
S31590042AE0BE8E5AC4ED8E02C41D8FA9C34C8F50C39B
S31590042AF07C8FF8C2AC8F9FC2DC8F47C20D90EFC11A
S31590042B003E9097C16F9040C1A090E8C0D29091C07A
S31590042B1004913AC03691E2BF69918CBF9C9135BFBE
S31590042B20CF91DEBE029288BE359231BE6992DBBDEC
S31590042B309D9285BDD2922FBD0693DABC3B9384BCFD
S31590042B4070932FBCA693DABBDB9385BB119430BBF1
S31590042B504794DBBA7E9487BAB59432BAEC94DEB9CC
S31590042B6023958AB95A9536B99295E3B8CA958FB88A
S31590042B7002963CB83B96E9B7739696B7AC9643B72C
S31590042B80E696F0B61F979EB659974BB69397F9B5B6
S31590042B90CD97A7B5089856B5429804B57D98B3B421
S31590042BA0B99861B4F49810B43099C0B36C996FB372
S31590042BB0A8991EB3E599CEB2229A7EB25F9A2EB2A6
S31590042BC09C9ADEB1D99A8FB1179B40B1559BF0B0C0
S31590042BD0939BA1B0D29B53B0109C04B04F9CB6AFBC
S31590042BE08E9C68AFCE9C1AAF0D9DCCAE4D9D7EAE9D
S31590042BF08E9D31AECE9DE3AD0E9E96AD4F9E4AAD63
S31590042C00909EFDACD29EB1AC139F64AC559F18AC0C
S31590042C10979FCCABD99F81AB1CA035AB5FA0EAAA9A
S31590042C20A1A09FAAE5A054AA28A10AAA6CA1BFA90B
S31590042C30AFA175A9F4A12BA938A2E2A87CA298A861
S31590042C40C1A24FA806A306A84BA3BDA791A374A798
S31590042C50D6A32BA71CA4E3A662A49BA6A9A453A6B9
S31590042C60EFA40CA636A5C4A57DA57DA5C4A536A5B9
S31590042C700CA6EFA453A6A9A49BA662A4E3A61CA49F
S31590042C802BA7D6A374A791A3BDA74BA306A806A367
S31590042C904FA8C1A298A87CA2E2A838A22BA9F4A115
S31590042CA075A9AFA1BFA96CA10AAA28A154AAE5A0A7
S31590042CB09FAAA1A0EAAA5FA035AB1CA081ABD99F1D
S31590042CC0CCAB979F18AC559F64AC139FB1ACD29E76
S31590042CD0FDAC909E4AAD4F9E96AD0E9EE3ADCE9DB5
S31590042CE031AE8E9D7EAE4D9DCCAE0D9D1AAFCE9CD3
S31590042CF068AF8E9CB6AF4F9C04B0109C53B0D29BD9
S31590042D00A1B0939BF0B0559B40B1179B8FB1D99AC4
S31590042D10DEB19C9A2EB25F9A7EB2229ACEB2E59991
S31590042D201EB3A8996FB36C99C0B3309910B4F49844
S31590042D3061B4B998B3B47D9804B5429856B50898D9
S31590042D40A7B5CD97F9B593974BB659979EB61F9756
S31590042D50F0B6E69643B7AC9696B77396E9B73B96B4
S31590042D603CB802968FB8CA95E3B8929536B95A95F7
S31590042D708AB92395DEB9EC9432BAB59487BA7E941F
S31590042D80DBBA479430BB119485BBDB93DABBA6932D
S31590042D902FBC709384BC3B93DABC06932FBDD2921E
S31590042DA085BD9D92DBBD699231BE359288BE0292F5
S31590042DB0DEBECF9135BF9C918CBF6991E2BF3691AF
S31590042DC03AC0049191C0D290E8C0A09040C16F904F
S31590042DD097C13E90EFC10D9047C2DC8F9FC2AC8FD6
S31590042DE0F8C27C8F50C34C8FA9C31D8F02C4ED8E3D
S31590042DF05AC4BE8EB3C4908E0DC5618E66C5338E8D
S31590042E00BFC5058E19C6D88D73C6AA8DCDC67D8DC0
S31590042E1027C7508D81C7248DDBC7F88C35C8CC8CD9
S31590042E2090C8A08CEBC8758C45C94A8CA0C91F8CD8
S31590042E30FBC9F48B57CACA8BB2CAA08B0DCB768BBF
S31590042E4069CB4D8BC5CB248B21CCFB8A7DCCD28A86
S31590042E50D9CCAA8A35CD828A91CD5A8AEECD338A37
S31590042E604ACE0B8AA7CEE48904CFBE8961CF9789CF
S31590042E70BECF71891BD04C8978D02689D6D001894A
S31590042E8033D1DC8891D1B888EED193884CD26F88AF
S31590042E90AAD24B8808D3288867D30588C5D3E287F6
S31590042EA023D4BF8782D49D87E0D47B873FD5598727
S31590042EB09ED53887FDD517875CD6F686BBD6D5863C
S31590042EC01AD7B58679D79586D9D7758638D856863A
S31590042ED098D83786F8D8188657D9FA85B7D9DB851E
S31590042EE017DABD8577DAA085D7DA828538DB6585EA
S31590042EF098DB4985F8DB2C8559DC1085BADCF4849B
S31590042F001ADDD9847BDDBD84DCDDA2843DDE888434
S31590042F109EDE6D84FFDE538460DF3A84C1DF2084B5
S31590042F2023E0078484E0EE83E6E0D68347E1BD831D
S31590042F30A9E1A5830AE28E836CE27683CEE25F836F
S31590042F4030E3488392E33283F4E31C8356E40683A6
S31590042F50B8E4F0821BE5DB827DE5C682DFE5B182CB
S31590042F6042E69D82A4E6898207E7758269E76282D2
S31590042F70CCE74F822FE83C8292E82982F5E81782C3
S31590042F8057E90582BAE9F3811DEAE28180EAD181A3
S31590042F90E4EAC08147EBB081AAEBA0810DEC908165
S31590042FA071EC8081D4EC718137ED62819BED548113
S31590042FB0FEED458162EE3781C6EE2A8129EF1C81AA
S31590042FC08DEF0F81F1EF028154F0F680B8F0EA802C
S31590042FD01CF1DE8080F1D280E4F1C78048F2BC8097
S31590042FE0ACF2B28010F3A78074F39D80D8F39480EA
S31590042FF03CF48A80A0F4818004F5788068F570802A
S31590043000CCF5688031F6608095F65880F9F6518053
S315900430105DF74A80C2F7438026F83D808AF8378068
S31590043020EFF8318053F92C80B8F927801CFA228066
S3159004303080FA1E80E5FA1A8049FB1680AEFB128050
S3159004304012FC0F8077FC0C80DBFC098040FD078026
S31590043050A4FD058009FE03806DFE0280D2FE0180E8
S3159004306036FF00809BFF0080FF7F0000F67F2403DD
S31590043070D87F4706A77F6A09627F8B0C097FAB0FBF
S315900430809D7EC8121D7EE2158A7DF818E37C0B1C82
S31590043090297C191F5D7B23227D7A28258A79262807
S315900430A084781F2B6C77112E4176FB300475DE33B2
S315900430B0B573BA3655728C39E270563C5F6F173FCA
S315900430C0CA6DCE41246C7A446D6A1C47A668B4498D
S315900430D0CF663F4CE864BF4EF2623351EC609B532B
S315900430E0D75EF555B45C4258825A825A4258B45CBB
S315900430F0F555D75E9B53EC603351F262BF4EE8644C
S315900431003F4CCF66B449A6681C476D6A7A44246CD2
S31590043110CE41CA6D173F5F6F563CE2708C3955723B
S31590043120BA36B573DE330475FB304176112E6C775F
S315900431301F2B847826288A7928257D7A23225D7BFD
S31590043140191F297C0B1CE37CF8188A7DE2151D7ED9
S31590043150C8129D7EAB0F097F8B0C627F6A09A77F8D
S315900431604706D87F2403F67F0000FF7FDBFCF67FBB
S31590043170B8F9D87F95F6A77F74F3627F54F0097FE8
S3159004318037ED9D7E1DEA1D7E07E78A7DF4E3E37C99
S31590043190E6E0297CDCDD5D7BD7DA7D7AD9D78A793E
S315900431A0E0D48478EED16C7704CF417621CC047543
S315900431B045C9B57373C65572A9C3E270E8C05F6F0B
S315900431C031BECA6D85BB246CE3B86D6A4BB6A668EE
S315900431D0C0B3CF6640B1E864CCAEF26264ACEC6046
S315900431E00AAAD75EBDA7B45C7DA5825A4BA3425862
S315900431F028A1F555139F9B530D9D3351179BBF4E95
S3159004320030993F4C5997B44992951C47DB937A442D
S315900432103592CE41A090173F1D8F563CAA8D8C397E
S315900432204A8CBA36FB8ADE33BE89FB309388112EDC
S315900432307B871F2B7586262882852825A2842322A0
S31590043240D683191F1C830B1C7582F818E281E2152C
S315900432506281C812F680AB0F9D808B0C58806A09E8
S315900432602780470609802403008000000980DBFC40
S315900432702780B8F9588095F69D8074F3F68054F0BB
S31590043280628137EDE2811DEA758207E71C83F4E3D8
S31590043290D683E6E0A284DCDD8285D7DA7586D9D733
S315900432A07B87E0D49388EED1BE8904CFFB8A21CC68
S315900432B04A8C45C9AA8D73C61D8FA9C3A090E8C030
S315900432C0359231BEDB9385BB9295E3B859974BB64D
S315900432D03099C0B3179B40B10D9DCCAE139F64AC8F
S315900432E028A10AAA4BA3BDA77DA57DA5BDA74BA3DF
S315900432F00AAA28A164AC139FCCAE0D9D40B1179B2E
S31590043300C0B330994BB65997E3B8929585BBDB9386
S3159004331031BE3592E8C0A090A9C31D8F73C6AA8DFD
S3159004332045C94A8C21CCFB8A04CFBE89EED19388B9
S31590043330E0D47B87D9D77586D7DA8285DCDDA284FB
S31590043340E6E0D683F4E31C8307E775821DEAE281FF
S3159004335037ED628154F0F68074F39D8095F658802B
S31590043360B8F92780DBFC0980FF7F00008A7DF81876
S315900433704176FB306D6A1C47825A825A1C476D6AA5
S31590043380FB304176F8188A7D0000FF7F07E78A7D37
S3159004339004CF4176E3B86D6A7DA5825A92951C470F
S315900433A0BE89FB307582F81800800000758207E7A5
S315900433B0BE8904CF9295E3B87DA57DA5E3B8929591
S315900433C004CFBE8907E77582FF7F0000FF7F320036
S315900433D0FF7F6400FF7F9600FF7FC900FF7FFB009D
S315900433E0FE7F2D01FE7F5F01FD7F9201FC7FC4016C
S315900433F0FC7FF601FB7F2802FA7F5B02F97F8D0240
S31590043400F87FBF02F77FF102F67F2403F47F560319
S31590043410F37F8803F27FBA03F07FED03EE7F1F04F8
S31590043420ED7F5104EB7F8304E97FB604E77FE804DC
S31590043430E57F1A05E37F4C05E17F7F05DF7FB105C4
S31590043440DD7FE305DA7F1506D87F4706D67F7A06B1
S31590043450D37FAC06D07FDE06CE7F1007CB7F4207A4
S31590043460C87F7507C57FA707C27FD907BF7F0B089B
S31590043470BC7F3D08B87F6F08B57FA208B17FD4089A
S31590043480AE7F0609AA7F3809A77F6A09A37F9C099C
S315900434909F7FCE099B7F000A977F330A937F650AA5
S315900434A08F7F970A8B7FC90A877FFB0A827F2D0BB2
S315900434B07E7F5F0B797F910B757FC30B707FF50BC6
S315900434C06B7F270C677F590C627F8B0C5D7FBD0CDD
S315900434D0587FEF0C537F210D4D7F530D487F850DFB
S315900434E0437FB70D3D7FE90D387F1B0E327F4D0E1E
S315900434F02D7F7F0E277FB10E217FE30E1B7F150F45
S31590043500157F470F0F7F790F097FAB0F037FDD0F71
S31590043510FD7E0E10F67E4010F07E7210E97EA410A9
S31590043520E37ED610DC7E0811D57E3911CF7E6B11E1
S31590043530C87E9D11C17ECF11BA7E0112B37E32121E
S31590043540AB7E6412A47E96129D7EC812957EF91265
S315900435508E7E2B13867E5D137F7E8E13777EC013AD
S315900435606F7EF213677E23145F7E5514577E8714FD
S315900435704F7EB814477EEA143F7E1B15377E4D1551
S315900435802E7E7F15267EB0151D7EE215147E1316AB
S315900435900C7E4516037E7616FA7DA816F17DD9160D
S315900435A0E87D0A17DF7D3C17D67D6D17CD7D9F1775
S315900435B0C37DD017BA7D0218B07D3318A77D6418E1
S315900435C09D7D9618947DC7188A7DF818807D2A1952
S315900435D0767D5B196C7D8C19627DBD19587DEF19CA
S315900435E04E7D201A437D511A397D821A2F7DB31A46
S315900435F0247DE41A197D161B0F7D471B047D781BC9
S31590043600F97CA91BEE7CDA1BE37C0B1CD87C3C1C56
S31590043610CD7C6D1CC27C9E1CB77CCF1CAB7C001DE4
S31590043620A07C311D947C621D897C931D7D7CC41D78
S31590043630717CF51D667C251E5A7C561E4E7C871E13
S31590043640427CB81E367CE91E297C191F1D7C4A1FB4
S31590043650117C7B1F057CAC1FF87BDC1FEB7B0D205C
S31590043660DF7B3E20D27B6E20C57B9F20B97BD0200A
S31590043670AC7B00219F7B3121927B6121847B9221BB
S31590043680777BC2216A7BF3215D7B23224F7B542275
S31590043690427B8422347BB422267BE522197B152334
S315900436A00B7B4523FD7A7623EF7AA623E17AD623FC
S315900436B0D37A0724C57A3724B67A6724A87A9724C6
S315900436C09A7AC7248B7AF7247D7A28256E7A582598
S315900436D05F7A8825507AB825427AE825337A18266F
S315900436E0247A4826157A7826057AA826F679D8264D
S315900436F0E7790727D8793727C8796727B979972734
S31590043700A979C7279979F6278A7926287A7956281E
S315900437106A7986285A79B5284A79E5283A7915290D
S315900437202A794429197974290979A329F978D32905
S31590043730E878022AD878322AC778612AB678912A04
S31590043740A678C02A9578EF2A84781F2B73784E2B07
S3159004375062787D2B5178AD2B4078DC2B2E780B2C10
S315900437601D783A2C0C78692CFA77982CE977C82C22
S31590043770D777F72CC577262DB477552DA277842D38
S315900437809077B32D7E77E22D6C77112E5A773F2E54
S3159004379047776E2E35779D2E2377CC2E1077FB2E7A
S315900437A0FE76292FEB76582FD976872FC676B52FA6
S315900437B0B376E42FA07613308E7641307B767030D4
S315900437C068769E305476CD304176FB302E762A310B
S315900437D01B76583107768631F475B531E075E33149
S315900437E0CC751132B9754032A5756E3291759C328D
S315900437F07D75CA326975F8325575263341755433D9
S315900438002D7582331975B0330475DE33F0740C3428
S31590043810DB743A34C7746834B27496349E74C43480
S315900438208974F23474741F355F744D354A747B35DC
S315900438303574A8352074D6350B740436F673313640
S31590043840E0735F36CB738C36B573BA36A073E736AE
S315900438508A731437757342375F736F3749739C371E
S315900438603373CA371D73F73707732438F172513897
S31590043870DB727E38C572AB38AF72D8389872063917
S31590043880827232396B725F3955728C393E72B9399C
S315900438902772E6391172133AFA71403AE3716C3A27
S315900438A0CC71993AB571C63A9E71F23A86711F3BBC
S315900438B06F714C3B5871783B4171A53B2971D13B53
S315900438C01271FD3BFA702A3CE270563CCB70833CF5
S315900438D0B370AF3C9B70DB3C8370073D6B70333D9C
S315900438E05370603D3B708C3D2370B83D0A70E43D47
S315900438F0F26F103EDA6F3C3EC16F683EA96F933EFD
S31590043900906FBF3E776FEB3E5F6F173F466F433FB7
S315900439102D6F6E3F146F9A3FFB6EC53FE26EF13F7B
S31590043920C96E1D40AF6E4840966E73407D6E9F4043
S31590043930636ECA404A6EF640306E2141176E4C4112
S31590043940FD6D7741E36DA241CA6DCE41B06DF941EB
S31590043950966D24427C6D4F42626D7A42486DA542C3
S315900439602D6DD042136DFA42F96C2543DE6C5043AB
S31590043970C46C7B43A96CA5438F6CD043746CFB4396
S31590043980596C25443F6C5044246C7A44096CA54484
S31590043990EE6BCF44D36BFA44B86B24459C6B4E457F
S315900439A0816B7845666BA3454A6BCD452F6BF7457E
S315900439B0136B2146F86A4B46DC6A7546C16A9F4684
S315900439C0A56AC946896AF3466D6A1C47516A464791
S315900439D0356A7047196A9A47FD69C347E169ED47A5
S315900439E0C4691648A86940488C6969486F699348C0
S315900439F05369BC483669E64819690F49FD683849E0
S31590043A00E0686149C3688A49A668B4498968DD490A
S31590043A106C68064A4F682F4A3268584A1568814A34
S31590043A20F767A94ADA67D24ABD67FB4A9F67244B70
S31590043A3082674C4B6467754B46679E4B2967C64BAA
S31590043A400B67EF4BED66174CCF663F4CB166684CEF
S31590043A509366904C7566B84C5766E14C3966094D39
S31590043A601A66314DFC65594DDD65814DBF65A94D8D
S31590043A70A065D14D8265F94D6365214E4565484EE5
S31590043A802665704E0765984EE864BF4EC964E74E46
S31590043A90AA640F4F8B64364F6C645E4F4D64854FAA
S31590043AA02D64AC4F0E64D44FEF63FB4FCF6322501B
S31590043AB0B063495090637050716397505163BF508F
S31590043AC03163E55011630C51F2623351D2625A510B
S31590043AD0B26281519262A8517162CE515162F5518E
S31590043AE031621C5211624252F1616952D0618F5215
S31590043AF0B061B5528F61DC526F6102534E612853A7
S31590043B002D614E530D617553EC609B53CB60C1533D
S31590043B10AA60E75389600D546860335447605854DB
S31590043B2026607E540460A454E35FCA54C25FEF5483
S31590043B30A05F15557F5F3A555E5F60553C5F85552E
S31590043B401A5FAB55F95ED055D75EF555B55E1A56E4
S31590043B50935E4056715E6556505E8A562D5EAF569C
S31590043B600B5ED456E95DF956C75D1D57A55D425760
S31590043B70835D6757605D8C573E5DB0571B5DD55727
S31590043B80F95CF957D65C1E58B45C4258915C6758F8
S31590043B906E5C8B584B5CAF58295CD458065CF858CD
S31590043BA0E35B1C59C05B40599D5B6459795B8859AA
S31590043BB0565BAC59335BD059105BF359EC5A175A90
S31590043BC0C95A3B5AA55A5E5A825A825A5E5AA55A7D
S31590043BD03B5AC95A175AEC5AF359105BD059335B6E
S31590043BE0AC59565B8859795B64599D5B4059C05B67
S31590043BF01C59E35BF858065CD458295CAF584B5C67
S31590043C008B586E5C6758915C4258B45C1E58D65C6F
S31590043C10F957F95CD5571B5DB0573E5D8C57605D7F
S31590043C206757835D4257A55D1D57C75DF956E95D94
S31590043C30D4560B5EAF562D5E8A56505E6556715EAF
S31590043C404056935E1A56B55EF555D75ED055F95ED5
S31590043C50AB551A5F85553C5F60555E5F3A557F5FFD
S31590043C601555A05FEF54C25FCA54E35FA454046031
S31590043C707E54266058544760335468600D54896066
S31590043C80E753AA60C153CB609B53EC6075530D61A7
S31590043C904E532D6128534E6102536F61DC528F61EE
S31590043CA0B552B0618F52D0616952F161425211623C
S31590043CB01C523162F5515162CE517162A851926291
S31590043CC08151B2625A51D2623351F2620C511163EC
S31590043CD0E5503163BF505163975071637050906350
S31590043CE04950B0632250CF63FB4FEF63D44F0E64B9
S31590043CF0AC4F2D64854F4D645E4F6C64364F8B6428
S31590043D000F4FAA64E74EC964BF4EE864984E0765A0
S31590043D10704E2665484E4565214E6365F94D82651C
S31590043D20D14DA065A94DBF65814DDD65594DFC65A5
S31590043D30314D1A66094D3966E14C5766B84C75662D
S31590043D40904C9366684CB1663F4CCF66174CED66C3
S31590043D50EF4B0B67C64B29679E4B4667754B64675B
S31590043D604C4B8267244B9F67FB4ABD67D24ADA67FE
S31590043D70A94AF767814A1568584A32682F4A4F68A4
S31590043D80064A6C68DD498968B449A6688A49C36855
S31590043D906149E0683849FD680F491969E64836690A
S31590043DA0BC48536993486F6969488C694048A869C7
S31590043DB01648C469ED47E169C347FD699A47196A8C
S31590043DC07047356A4647516A1C476D6AF346896A55
S31590043DD0C946A56A9F46C16A7546DC6A4B46F86A27
S31590043DE02146136BF7452F6BCD454A6BA345666BFE
S31590043DF07845816B4E459C6B2445B86BFA44D36BDE
S31590043E00CF44EE6BA544096C7A44246C50443F6CC1
S31590043E102544596CFB43746CD0438F6CA543A96CB1
S31590043E207B43C46C5043DE6C2543F96CFA42136DA4
S31590043E30D0422D6DA542486D7A42626D4F427C6D9B
S31590043E402442966DF941B06DCE41CA6DA241E36D9F
S31590043E507741FD6D4C41176E2141306EF6404A6EA6
S31590043E60CA40636E9F407D6E7340966E4840AF6EB7
S31590043E701D40C96EF13FE26EC53FFB6E9A3F146FCB
S31590043E806E3F2D6F433F466F173F5F6FEB3E776FE5
S31590043E90BF3E906F933EA96F683EC16F3C3EDA6F0A
S31590043EA0103EF26FE43D0A70B83D23708C3D3B7032
S31590043EB0603D5370333D6B70073D8370DB3C9B7064
S31590043EC0AF3CB370833CCB70563CE2702A3CFA709C
S31590043ED0FD3B1271D13B2971A53B4171783B5871D9
S31590043EE04C3B6F711F3B8671F23A9E71C63AB5711F
S31590043EF0993ACC716C3AE371403AFA71133A117269
S31590043F00E6392772B9393E728C3955725F396B72BC
S31590043F103239827206399872D838AF72AB38C57214
S31590043F207E38DB725138F17224380773F7371D7374
S31590043F30CA3733739C3749736F375F7342377573D8
S31590043F4014378A73E736A073BA36B5738C36CB7347
S31590043F505F36E0733136F67304360B74D6352074B7
S31590043F60A83535747B354A744D355F741F35747432
S31590043F70F2348974C4349E749634B2746834C774B3
S31590043F803A34DB740C34F074DE330475B03319753B
S31590043F9082332D755433417526335575F8326975C8
S31590043FA0CA327D759C3291756E32A5754032B9755B
S31590043FB01132CC75E331E075B531F47586310776F7
S31590043FC058311B762A312E76FB304176CD30547695
S31590043FD09E30687670307B7641308E761330A0763C
S31590043FE0E42FB376B52FC676872FD976582FEB76EE
S31590043FF0292FFE76FB2E1077CC2E23779D2E3577A0
S315900440006E2E47773F2E5A77112E6C77E22D7E7758
S31590044010B32D9077842DA277552DB477262DC57719
S31590044020F72CD777C82CE977982CFA77692C0C78E3
S315900440303A2C1D780B2C2E78DC2B4078AD2B5178AE
S315900440407D2B62784E2B73781F2B8478EF2A957884
S31590044050C02AA678912AB678612AC778322AD8785F
S31590044060022AE878D329F978A32909797429197940
S3159004407044292A7915293A79E5284A79B5285A7925
S3159004408086286A7956287A7926288A79F627997914
S31590044090C727A9799727B9796727C8793727D87908
S315900440A00727E779D826F679A826057A7826157A01
S315900440B04826247A1826337AE825427AB825507AFF
S315900440C088255F7A58256E7A28257D7AF7248B7A07
S315900440D0C7249A7A9724A87A6724B67A3724C57A15
S315900440E00724D37AD623E17AA623EF7A7623FD7A28
S315900440F045230B7B1523197BE522267BB422347B3F
S315900441008422427B54224F7B23225D7BF3216A7B5C
S31590044110C221777B9221847B6121927B31219F7B83
S315900441200021AC7BD020B97B9F20C57B6E20D27BAF
S315900441303E20DF7B0D20EB7BDC1FF87BAC1F057CE0
S315900441407B1F117C4A1F1D7C191F297CE91E367C16
S31590044150B81E427C871E4E7C561E5A7C251E667C53
S31590044160F51D717CC41D7D7C931D897C621D947C98
S31590044170311DA07C001DAB7CCF1CB77C9E1CC27CE1
S315900441806D1CCD7C3C1CD87C0B1CE37CDA1BEE7C32
S31590044190A91BF97C781B047D471B0F7D161B197D83
S315900441A0E41A247DB31A2F7D821A397D511A437DE0
S315900441B0201A4E7DEF19587DBD19627D8C196C7D40
S315900441C05B19767D2A19807DF8188A7DC718947DA7
S315900441D096189D7D6418A77D3318B07D0218BA7D14
S315900441E0D017C37D9F17CD7D6D17D67D3C17DF7D88
S315900441F00A17E87DD916F17DA816FA7D7616037E00
S3159004420045160C7E1316147EE2151D7EB015267E79
S315900442107F152E7E4D15377E1B153F7EEA14477EFD
S31590044220B8144F7E8714577E55145F7E2314677E89
S31590044230F2136F7EC013777E8E137F7E5D13867E18
S315900442402B138E7EF912957EC8129D7E9612A47EAD
S315900442506412AB7E3212B37E0112BA7ECF11C17E46
S315900442609D11C87E6B11CF7E3911D57E0811DC7EE7
S31590044270D610E37EA410E97E7210F07E4010F67E8E
S315900442800E10FD7EDD0F037FAB0F097F790F0F7F35
S31590044290470F157F150F1B7FE30E217FB10E277FE6
S315900442A07F0E2D7F4D0E327F1B0E387FE90D3D7F9D
S315900442B0B70D437F850D487F530D4D7F210D537F59
S315900442C0EF0C587FBD0C5D7F8B0C627F590C677F1A
S315900442D0270C6B7FF50B707FC30B757F910B797FE2
S315900442E05F0B7E7F2D0B827FFB0A877FC90A8B7FAC
S315900442F0970A8F7F650A937F330A977F000A9B7F7D
S31590044300CE099F7F9C09A37F6A09A77F3809AA7F54
S315900443100609AE7FD408B17FA208B57F6F08B87F2F
S315900443203D08BC7F0B08BF7FD907C27FA707C57F0F
S315900443307507C87F4207CB7F1007CE7FDE06D07FF6
S31590044340AC06D37F7A06D67F4706D87F1506DA7FE2
S31590044350E305DD7FB105DF7F7F05E17F4C05E37FD4
S315900443601A05E57FE804E77FB604E97F8304EB7FCB
S315900443705104ED7F1F04EE7FED03F07FBA03F27FC5
S315900443808803F37F5603F47F2403F67FF102F77FC5
S31590044390BF02F87F8D02F97F5B02FA7F2802FB7FCA
S315900443A0F601FC7FC401FC7F9201FD7F5F01FE7FD5
S315900443B02D01FE7FFB00FF7FC900FF7F9600FF7FE4
S315900443C06400FF7F3200FF7F0000FF7FCDFFFF7FF9
S315900443D09BFFFF7F69FFFF7F36FFFF7F04FFFF7F11
S315900443E0D2FEFE7FA0FEFE7F6DFEFD7F3BFEFC7F30
S315900443F009FEFC7FD7FDFB7FA4FDFA7F72FDF97F52
S3159004440040FDF87F0EFDF77FDBFCF67FA9FCF47F79
S3159004441077FCF37F45FCF27F12FCF07FE0FBEE7FA6
S31590044420AEFBED7F7CFBEB7F49FBE97F17FBE77FD8
S31590044430E5FAE57FB3FAE37F80FAE17F4EFADF7F10
S315900444401CFADD7FEAF9DA7FB8F9D87F85F9D67F49
S3159004445053F9D37F21F9D07FEFF8CE7FBDF8CB7F88
S315900444608AF8C87F58F8C57F26F8C27FF4F7BF7FCD
S31590044470C2F7BC7F90F7B87F5DF7B57F2BF7B17F16
S31590044480F9F6AE7FC7F6AA7F95F6A77F63F6A37F64
S3159004449031F69F7FFFF59B7FCCF5977F9AF5937FB7
S315900444A068F58F7F36F58B7F04F5877FD2F4827F0C
S315900444B0A0F47E7F6EF4797F3CF4757F0AF4707F66
S315900444C0D8F36B7FA6F3677F74F3627F42F35D7FC5
S315900444D010F3587FDEF2537FACF24D7F7AF2487F29
S315900444E048F2437F16F23D7FE4F1387FB2F1327F92
S315900444F080F12D7F4EF1277F1CF1217FEAF01B7FFF
S31590044500B8F0157F86F00F7F54F0097F22F0037F71
S31590044510F1EFFD7EBFEFF67E8DEFF07E5BEFE97EE9
S3159004452029EFE37EF7EEDC7EC6EED57E94EECF7E63
S3159004453062EEC87E30EEC17EFEEDBA7ECDEDB37EE0
S315900445409BEDAB7E69EDA47E37ED9D7E06ED957E63
S31590044550D4EC8E7EA2EC867E71EC7F7E3FEC777EE9
S315900445600DEC6F7EDCEB677EAAEB5F7E78EB577E75
S3159004457047EB4F7E15EB477EE4EA3F7EB2EA377E01
S3159004458080EA2E7E4FEA267E1DEA1D7EECE9147E95
S31590044590BAE90C7E89E9037E57E9FA7D26E9F17D2D
S315900445A0F5E8E87DC3E8DF7D92E8D67D60E8CD7DC9
S315900445B02FE8C37DFDE7BA7DCCE7B07D9BE7A77D69
S315900445C069E79D7D38E7947D07E78A7DD5E6807D0A
S315900445D0A4E6767D73E66C7D42E6627D10E6587DB0
S315900445E0DFE54E7DAEE5437D7DE5397D4CE52F7D5A
S315900445F01BE5247DE9E4197DB8E40F7D87E4047D09
S3159004460056E4F97C25E4EE7CF4E3E37CC3E3D87CBE
S3159004461092E3CD7C61E3C27C30E3B77CFFE2AB7C72
S31590044620CEE2A07C9DE2947C6CE2897C3BE27D7C2C
S315900446300AE2717CDAE1667CA9E15A7C78E14E7CE7
S3159004464047E1427C16E1367CE6E0297CB5E01D7CA8
S3159004465084E0117C53E0057C23E0F87BF2DFEB7B6E
S31590044660C1DFDF7B91DFD27B60DFC57B2FDFB97B38
S31590044670FFDEAC7BCEDE9F7B9EDE927B6DDE847B03
S315900446803DDE777B0CDE6A7BDCDD5D7BABDD4F7BD1
S315900446907BDD427B4BDD347B1ADD267BEADC197BA2
S315900446A0BADC0B7B89DCFD7A59DCEF7A29DCE17A7A
S315900446B0F8DBD37AC8DBC57A98DBB67A68DBA87A56
S315900446C038DB9A7A08DB8B7AD7DA7D7AA7DA6E7A30
S315900446D077DA5F7A47DA507A17DA427AE7D9337A11
S315900446E0B7D9247A87D9157A57D9057A27D9F679F5
S315900446F0F8D8E779C8D8D87998D8C87968D8B979DC
S3159004470038D8A97909D89979D9D78A79A9D77A79C4
S3159004471079D76A794AD75A791AD74A79EAD63A79B1
S31590044720BBD62A798BD619795CD609792CD6F978A1
S31590044730FDD5E878CDD5D8789ED5C7786ED5B67898
S315900447403FD5A67810D59578E0D48478B1D473788B
S3159004475082D4627852D4517823D44078F4D32E7884
S31590044760C5D31D7896D30C7867D3FA7737D3E97780
S3159004477008D3D777D9D2C577AAD2B4777BD2A27782
S315900447804CD290771DD27E77EED16C77C0D15A7782
S3159004479091D1477762D1357733D1237704D1107786
S315900447A0D6D0FE76A7D0EB7678D0D9764AD0C67690
S315900447B01BD0B376ECCFA076BECF8E768FCF7B769A
S315900447C061CF687632CF547604CF4176D5CE2E76A5
S315900447D0A7CE1B7679CE07764ACEF4751CCEE075B5
S315900447E0EECDCC75BFCDB97591CDA57563CD9175CB
S315900447F035CD7D7507CD6975D9CC5575ABCC4175DD
S315900448007DCC2D754FCC197521CC0475F3CBF074F2
S31590044810C5CBDB7497CBC77469CBB2743BCB9E7410
S315900448200DCB8974E0CA7474B2CA5F7484CA4A742C
S3159004483057CA357429CA2074FBC90B74CEC9F6734A
S31590044840A0C9E07373C9CB7345C9B57318C9A0736E
S31590044850EBC88A73BDC8757390C85F7363C8497390
S3159004486035C8337308C81D73DBC70773AEC7F172B7
S3159004487081C7DB7254C7C57227C7AF72F9C69872DF
S31590044880CDC68272A0C66B7273C6557246C63E7208
S3159004489019C62772ECC51172BFC5FA7193C5E37137
S315900448A066C5CC7139C5B5710DC59E71E0C4867166
S315900448B0B3C46F7187C458715AC441712EC4297197
S315900448C002C41271D5C3FA70A9C3E2707CC3CB70CB
S315900448D050C3B37024C39B70F8C28370CCC26B7000
S315900448E09FC2537073C23B7047C223701BC20A7037
S315900448F0EFC1F26FC3C1DA6F97C1C16F6CC1A96F73
S3159004490040C1906F14C1776FE8C05F6FBCC0466FAB
S3159004491091C02D6F65C0146F3AC0FB6E0EC0E26EE7
S31590044920E2BFC96EB7BFAF6E8CBF966E60BF7D6E29
S3159004493035BF636E09BF4A6EDEBE306EB3BE176E68
S3159004494088BEFD6D5DBEE36D31BECA6D06BEB06DAB
S31590044950DBBD966DB0BD7C6D85BD626D5ABD486DEF
S315900449602FBD2D6D05BD136DDABCF96CAFBCDE6C35
S3159004497084BCC46C5ABCA96C2FBC8F6C04BC746C7C
S31590044980DABB596CAFBB3F6C85BB246C5ABB096CC4
S3159004499030BBEE6B05BBD36BDBBAB86BB1BA9C6B11
S315900449A087BA816B5CBA666B32BA4A6B08BA2F6B5C
S315900449B0DEB9136BB4B9F86A8AB9DC6A60B9C16AAC
S315900449C036B9A56A0CB9896AE3B86D6AB9B8516AF9
S315900449D08FB8356A65B8196A3CB8FD6912B8E16949
S315900449E0E9B7C469BFB7A86996B78C696CB76F699C
S315900449F043B7536919B73669F0B61969C7B6FD68EE
S31590044A009EB6E06875B6C3684BB6A66822B6896842
S31590044A10F9B56C68D0B54F68A7B532687EB5156898
S31590044A2056B5F7672DB5DA6704B5BD67DBB49F67EE
S31590044A30B3B482678AB4646761B4466739B4296744
S31590044A4010B40B67E8B3ED66C0B3CF6697B3B1669F
S31590044A506FB3936647B375661EB35766F6B23966F7
S31590044A60CEB21A66A6B2FC657EB2DD6556B2BF6555
S31590044A702EB2A06506B28265DEB16365B7B14565AF
S31590044A808FB1266567B1076540B1E86418B1C9640A
S31590044A90F0B0AA64C9B08B64A1B06C647AB04D646A
S31590044AA053B02D642BB00E6404B0EF63DDAFCF63C7
S31590044AB0B6AFB0638FAF906368AF716340AF516325
S31590044AC01AAF3163F3AE1163CCAEF262A5AED26285
S31590044AD07EAEB26257AE926231AE71620AAE5162E6
S31590044AE0E3AD3162BDAD116296ADF16170ADD06149
S31590044AF04AADB06123AD8F61FDAC6F61D7AC4E61A9
S31590044B00B1AC2D618AAC0D6164ACEC603EACCB600B
S31590044B1018ACAA60F2AB8960CCAB6860A7AB47606F
S31590044B2081AB26605BAB046035ABE35F10ABC25FD1
S31590044B30EAAAA05FC5AA7F5F9FAA5E5F7AAA3C5F36
S31590044B4054AA1A5F2FAAF95E0AAAD75EE5A9B55E9A
S31590044B50BFA9935E9AA9715E75A9505E50A92D5E00
S31590044B602BA90B5E06A9E95DE2A8C75DBDA8A55D64
S31590044B7098A8835D73A8605D4FA83E5D2AA81B5DC7
S31590044B8006A8F95CE1A7D65CBDA7B45C98A7915C2E
S31590044B9074A76E5C50A74B5C2BA7295C07A7065C91
S31590044BA0E3A6E35BBFA6C05B9BA69D5B77A6795BFA
S31590044BB053A6565B2FA6335B0CA6105BE8A5EC5A5E
S31590044BC0C4A5C95AA1A5A55A7DA5825A5AA55E5AC5
S31590044BD036A53B5A13A5175AEFA4F359CCA4D0592A
S31590044BE0A9A4AC5986A4885962A464593FA440598F
S31590044BF01CA41C59F9A3F858D6A3D458B4A3AF58F7
S31590044C0091A38B586EA367584BA3425829A31E5859
S31590044C1006A3F957E4A2D557C1A2B0579FA28C57C1
S31590044C207CA267575AA2425738A21D5716A2F95624
S31590044C30F4A1D456D2A1AF56AFA18A568EA1655689
S31590044C406CA140564AA11A5628A1F55506A1D055ED
S31590044C50E5A0AB55C3A08555A1A0605580A03A5553
S31590044C605FA015553DA0EF541CA0CA54FB9FA454B5
S31590044C70D99F7E54B89F5854979F3354769F0D541A
S31590044C80559FE753349FC153139F9B53F29E75537D
S31590044C90D29E4E53B19E2853909E0253709EDC52E0
S31590044CA04F9EB5522F9E8F520E9E6952EE9D425242
S31590044CB0CE9D1C52AE9DF5518E9DCE516D9DA851A3
S31590044CC04D9D81512D9D5A510D9D3351EE9C0C5104
S31590044CD0CE9CE550AE9CBF508E9C97506F9C705066
S31590044CE04F9C4950309C2250109CFB4FF19BD44FC3
S31590044CF0D29BAC4FB29B854F939B5E4F749B364F22
S31590044D00559B0F4F369BE74E179BBF4EF89A984E7E
S31590044D10D99A704EBA9A484E9C9A214E7D9AF94DDC
S31590044D205F9AD14D409AA94D229A814D039A594D35
S31590044D30E599314DC699094DA899E14C8A99B84C93
S31590044D406C99904C4E99684C30993F4C1299174CEB
S31590044D50F498EF4BD698C64BB9989E4B9B98754B47
S31590044D607D984C4B6098244B4298FB4A2598D24A9E
S31590044D700898A94AEA97814ACD97584AB0972F4AF4
S31590044D809397064A7697DD495997B4493C978A4949
S31590044D901F97614902973849E6960F49C996E6489E
S31590044DA0AC96BC48909693487396694857964048F3
S31590044DB03B9616481E96ED470296C347E6959A4744
S31590044DC0CA957047AE95464792951C477695F34695
S31590044DD05A95C9463E959F462395754607954B46E3
S31590044DE0EC942146D094F745B594CD459994A34532
S31590044DF07E94784563944E45479424452C94FA447E
S31590044E001194CF44F693A544DB937A44C0935044CB
S31590044E10A69325448B93FB437093D0435693A54313
S31590044E203B937B432193504306932543EC92FA425A
S31590044E30D292D042B792A5429D927A4283924F42A1
S31590044E40699224424F92F9413592CE411C92A241E5
S31590044E5002927741E8914C41CF912141B591F64028
S31590044E609C91CA4082919F40699173405091484069
S31590044E7036911D401D91F13F0491C53FEB909A3FA9
S31590044E80D2906E3FB990433FA090173F8890EB3EE7
S31590044E906F90BF3E5690933E3E90683E25903C3E22
S31590044EA00D90103EF58FE43DDC8FB83DC48F8C3D5C
S31590044EB0AC8F603D948F333D7C8F073D648FDB3C94
S31590044EC04C8FAF3C348F833C1D8F563C058F2A3CC8
S31590044ED0ED8EFD3BD68ED13BBE8EA53BA78E783B01
S31590044EE0908E4C3B798E1F3B618EF23A4A8EC63A2F
S31590044EF0338E993A1C8E6C3A058E403AEE8D133A5F
S31590044F00D88DE639C18DB939AA8D8C39948D5F398E
S31590044F107D8D3239678D0639508DD8383A8DAB38B8
S31590044F20248D7E380E8D5138F88C2438E28CF737E0
S31590044F30CC8CCA37B68C9C37A08C6F378A8C423708
S31590044F40758C14375F8CE7364A8CBA36348C8C362B
S31590044F501F8C5F36098C3136F48B0436DF8BD6354D
S31590044F60CA8BA835B58B7B35A08B4D358B8B1F356E
S31590044F70768BF234618BC4344D8B9634388B68348B
S31590044F80248B3A340F8B0C34FB8ADE33E68AB033A7
S31590044F90D28A8233BE8A5433AA8A2633968AF832C0
S31590044FA0828ACA326E8A9C325A8A6E32468A4032D3
S31590044FB0338A11321F8AE3310B8AB531F8898631E7
S31590044FC0E4895831D1892A31BE89FB30AB89CD30F9
S31590044FD097899E3084897030718941305F89133006
S31590044FE04C89E42F3989B52F2689872F1489582F10
S31590044FF00189292FEF88FB2EDC88CC2ECA889D2E1A
S31590045000B8886E2EA5883F2E9388112E8188E22D1E
S315900450106F88B32D5D88842D4B88552D3A88262D1F
S315900450202888F72C1688C82C0588982CF387692C21
S31590045030E2873A2CD1870B2CBF87DC2BAE87AD2B1E
S315900450409D877D2B8C874E2B7B871F2B6A87EF2A18
S315900450505987C02A4987912A3887612A2787322A0D
S315900450601787022A0687D329F686A329E686742902
S31590045070D5864429C5861529B586E528A586B528F5
S315900450809586862885865628758626286686F627E2
S315900450905686C727468697273786672727863727CC
S315900450A0188607270986D826FA85A826EA857826B3
S315900450B0DB854826CC851826BD85E825AF85B82599
S315900450C0A085882591855825828528257485F72479
S315900450D06585C72457859724498567243A85372457
S315900450E02C8507241E85D6231085A6230285762330
S315900450F0F4844523E6841523D984E522CB84B4220B
S31590045100BD848422B0845422A28423229584F321DC
S315900451108884C2217B8492216D84612160843121AB
S31590045120538400214684D0203A849F202D846E2077
S3159004513020843E2014840D200784DC1FFA83AC1F40
S31590045140EE837B1FE2834A1FD683191FC983E91E08
S31590045150BD83B81EB183871EA583561E9983251ECB
S315900451608E83F51D8283C41D7683931D6B83621D86
S315900451705F83311D5483001D4883CF1C3D839E1C41
S3159004518032836D1C27833C1C1C830B1C1183DA1BF6
S315900451900683A91BFB82781BF082471BE682161BAB
S315900451A0DB82E41AD082B31AC682821ABC82511A5E
S315900451B0B182201AA782EF199D82BD1993828C1908
S315900451C089825B197F822A197582F8186B82C718AF
S315900451D062829618588264184F8233184582021850
S315900451E03C82D01732829F1729826D1720823C17F2
S315900451F017820A170E82D9160582A816FC8176168E
S31590045200F3814516EB811316E281E215D981B01527
S31590045210D1817F15C8814D15C0811B15B881EA14BB
S31590045220B081B814A8818714A08155149881231449
S315900452309081F2138881C01380818E1379815D13D6
S3159004524071812B136A81F9126281C8125B8196125D
S31590045250548164124C813212458101123E81CF11E0
S3159004526037819D1130816B112A813911238108115F
S315900452701C81D6101681A4100F81721009814010DA
S3159004528002810E10FC80DD0FF680AB0FF080790F53
S31590045290EA80470FE480150FDE80E30ED880B10EC6
S315900452A0D2807F0ECD804D0EC7801B0EC280E90D35
S315900452B0BC80B70DB780850DB280530DAC80210D9F
S315900452C0A780EF0CA280BD0C9D808B0C9880590C06
S315900452D09480270C8F80F50B8A80C30B8680910B64
S315900452E081805F0B7D802D0B7880FB0A7480C90AC0
S315900452F07080970A6C80650A6880330A6480000A15
S315900453006080CE095C809C0958806A09558038096A
S31590045310518006094E80D4084A80A20847806F08B7
S3159004532043803D0840800B083D80D9073A80A70703
S315900453303780750734804207318010072F80DE0648
S315900453402C80AC0629807A06278047062580150688
S315900453502280E3052080B1051E807F051C804C05C4
S315900453601A801A051880E8041680B60414808304FB
S315900453701280510411801F040F80ED030D80BA032F
S315900453800C8088030B805603098024030880F1025D
S315900453900780BF0206808D0205805B020480280286
S315900453A00380F6010380C4010280920101805F01AB
S315900453B001802D010080FB000080C90000809600CA
S315900453C00080640000803200008000000080CDFFE1
S315900453D000809BFF008069FF008036FF008004FFF9
S315900453E00180D2FE0180A0FE02806DFE03803BFE0A
S315900453F0038009FE0480D7FD0580A4FD068072FD16
S31590045400078040FD08800EFD0980DBFC0B80A9FC1B
S315900454100C8077FC0D8045FC0F8012FC1180E0FB1C
S315900454201280AEFB14807CFB168049FB188017FB18
S315900454301A80E5FA1C80B3FA1E8080FA20804EFA10
S3159004544022801CFA2580EAF92780B8F9298085F903
S315900454502C8053F92F8021F93180EFF83480BDF8F0
S3159004546037808AF83A8058F83D8026F84080F4F7D9
S315900454704380C2F7478090F74A805DF74E802BF7BA
S315900454805180F9F65580C7F6588095F65C8063F698
S31590045490608031F66480FFF56880CCF56C809AF56F
S315900454A0708068F5748036F5788004F57D80D2F442
S315900454B08180A0F486806EF48A803CF48F800AF40E
S315900454C09480D8F39880A6F39D8074F3A28042F3D7
S315900454D0A78010F3AC80DEF2B280ACF2B7807AF299
S315900454E0BC8048F2C28016F2C780E4F1CD80B2F156
S315900454F0D28080F1D8804EF1DE801CF1E480EAF00F
S31590045500EA80B8F0F08086F0F68054F0FC8022F0C1
S315900455100281F1EF0981BFEF0F818DEF16815BEF69
S315900455201C8129EF2381F7EE2A81C6EE308194EE11
S31590045530378162EE3E8130EE4581FEED4C81CDEDB4
S3159004554054819BED5B8169ED628137ED6A8106ED4D
S315900455507181D4EC7981A2EC808171EC88813FECE5
S3159004556090810DEC9881DCEBA081AAEBA88178EB75
S31590045570B08147EBB88115EBC081E4EAC881B2EA01
S31590045580D18180EAD9814FEAE2811DEAEB81ECE987
S31590045590F381BAE9FC8189E9058257E90E8226E905
S315900455A01782F5E82082C3E8298292E8328260E87D
S315900455B03C822FE84582FDE74F82CCE758829BE7F1
S315900455C0628269E76B8238E7758207E77F82D5E660
S315900455D08982A4E6938273E69D8242E6A78210E6C8
S315900455E0B182DFE5BC82AEE5C6827DE5D0824CE52C
S315900455F0DB821BE5E682E9E4F082B8E4FB8287E489
S31590045600068356E4118325E41C83F4E32783C3E3DA
S31590045610328392E33D8361E3488330E35483FFE22C
S315900456205F83CEE26B839DE276836CE282833BE278
S315900456308E830AE29983DAE1A583A9E1B18378E1BD
S31590045640BD8347E1C98316E1D683E6E0E283B5E0FC
S31590045650EE8384E0FA8353E0078423E01484F2DF34
S315900456602084C1DF2D8491DF3A8460DF46842FDF66
S315900456705384FFDE6084CEDE6D849EDE7B846DDE95
S3159004568088843DDE95840CDEA284DCDDB084ABDDBB
S31590045690BD847BDDCB844BDDD9841ADDE684EADCDC
S315900456A0F484BADC028589DC108559DC1E8529DCF4
S315900456B02C85F8DB3A85C8DB498598DB578568DB0A
S315900456C0658538DB748508DB8285D7DA9185A7DA18
S315900456D0A08577DAAF8547DABD8517DACC85E7D921
S315900456E0DB85B7D9EA8587D9FA8557D9098627D923
S315900456F01886F8D82786C8D8378698D8468668D81C
S31590045700568638D8668609D87586D9D78586A9D710
S31590045710958679D7A5864AD7B5861AD7C586EAD601
S31590045720D586BBD6E6868BD6F6865CD606872CD6E9
S315900457301787FDD52787CDD538879ED549876ED5CA
S3159004574059873FD56A8710D57B87E0D48C87B1D4A7
S315900457509D8782D4AE8752D4BF8723D4D187F4D37E
S31590045760E287C5D3F38796D3058867D3168837D34C
S31590045770288808D33A88D9D24B88AAD25D887BD216
S315900457806F884CD281881DD29388EED1A588C0D1DA
S31590045790B88891D1CA8862D1DC8833D1EF8804D194
S315900457A00189D6D01489A7D0268978D039894AD048
S315900457B04C891BD05F89ECCF7189BECF84898FCFFA
S315900457C0978961CFAB8932CFBE8904CFD189D5CEA3
S315900457D0E489A7CEF88979CE0B8A4ACE1F8A1CCE45
S315900457E0338AEECD468ABFCD5A8A91CD6E8A63CDE1
S315900457F0828A35CD968A07CDAA8AD9CCBE8AABCC75
S31590045800D28A7DCCE68A4FCCFB8A21CC0F8BF3CB04
S31590045810248BC5CB388B97CB4D8B69CB618B3BCB8C
S31590045820768B0DCB8B8BE0CAA08BB2CAB58B84CA10
S31590045830CA8B57CADF8B29CAF48BFBC9098CCEC98C
S315900458401F8CA0C9348C73C94A8C45C95F8C18C9FE
S31590045850758CEBC88A8CBDC8A08C90C8B68C63C86E
S31590045860CC8C35C8E28C08C8F88CDBC70E8DAEC7D5
S31590045870248D81C73A8D54C7508D27C7678DF9C635
S315900458807D8DCDC6948DA0C6AA8D73C6C18D46C690
S31590045890D88D19C6EE8DECC5058EBFC51C8E93C5E5
S315900458A0338E66C54A8E39C5618E0DC5798EE0C430
S315900458B0908EB3C4A78E87C4BE8E5AC4D68E2EC479
S315900458C0ED8E02C4058FD5C31D8FA9C3348F7CC3B7
S315900458D04C8F50C3648F24C37C8FF8C2948FCCC2F0
S315900458E0AC8F9FC2C48F73C2DC8F47C2F58F1BC225
S315900458F00D90EFC12590C3C13E9097C156906CC14F
S315900459006F9040C1889014C1A090E8C0B990BCC073
S31590045910D29091C0EB9065C004913AC01D910EC08F
S315900459203691E2BF5091B7BF69918CBF829160BFA7
S315900459309C9135BFB59109BFCF91DEBEE891B3BEB8
S31590045940029288BE1C925DBE359231BE4F9206BEBF
S315900459506992DBBD8392B0BD9D9285BDB7925ABDC7
S31590045960D2922FBDEC9205BD0693DABC2193AFBCBF
S315900459703B9384BC56935ABC70932FBC8B9304BCB4
S31590045980A693DABBC093AFBBDB9385BBF6935ABBA6
S31590045990119430BB2C9405BB4794DBBA6394B1BA8B
S315900459A07E9487BA99945CBAB59432BAD09408BA6C
S315900459B0EC94DEB90795B4B923958AB93E9560B946
S315900459C05A9536B976950CB99295E3B8AE95B9B819
S315900459D0CA958FB8E69565B802963CB81E9612B8E5
S315900459E03B96E9B75796BFB7739696B790966CB7AA
S315900459F0AC9643B7C99619B7E696F0B60297C7B66A
S31590045A001F979EB63C9775B659974BB6769722B61E
S31590045A109397F9B5B097D0B5CD97A7B5EA977EB5D4
S31590045A20089856B525982DB5429804B56098DBB478
S31590045A307D98B3B49B988AB4B99861B4D69839B41E
S31590045A40F49810B41299E8B33099C0B34E9997B3B9
S31590045A506C996FB38A9947B3A8991EB3C699F6B24F
S31590045A60E599CEB2039AA6B2229A7EB2409A56B2DB
S31590045A705F9A2EB27D9A06B29C9ADEB1BA9AB7B163
S31590045A80D99A8FB1F89A67B1179B40B1369B18B1E2
S31590045A90559BF0B0749BC9B0939BA1B0B29B7AB05E
S31590045AA0D29B53B0F19B2BB0109C04B0309CDDAFCD
S31590045AB04F9CB6AF6F9C8FAF8E9C68AFAE9C40AF39
S31590045AC0CE9C1AAFEE9CF3AE0D9DCCAE2D9DA5AE9D
S31590045AD04D9D7EAE6D9D57AE8E9D31AEAE9D0AAEFA
S31590045AE0CE9DE3ADEE9DBDAD0E9E96AD2F9E70AD53
S31590045AF04F9E4AAD709E23AD909EFDACB19ED7ACA1
S31590045B00D29EB1ACF29E8AAC139F64AC349F3EACE9
S31590045B10559F18AC769FF2AB979FCCABB89FA7AB2B
S31590045B20D99F81ABFB9F5BAB1CA035AB3DA010AB63
S31590045B305FA0EAAA80A0C5AAA1A09FAAC3A07AAA98
S31590045B40E5A054AA06A12FAA28A10AAA4AA1E5A9C2
S31590045B506CA1BFA98EA19AA9AFA175A9D2A150A9EA
S31590045B60F4A12BA916A206A938A2E2A85AA2BDA806
S31590045B707CA298A89FA273A8C1A24FA8E4A22AA81F
S31590045B8006A306A829A3E1A74BA3BDA76EA398A72E
S31590045B9091A374A7B4A350A7D6A32BA7F9A307A739
S31590045BA01CA4E3A63FA4BFA662A49BA686A477A63C
S31590045BB0A9A453A6CCA42FA6EFA40CA613A5E8A536
S31590045BC036A5C4A55AA5A1A57DA57DA5A1A55AA529
S31590045BD0C4A536A5E8A513A50CA6EFA42FA6CCA418
S31590045BE053A6A9A477A686A49BA662A4BFA63FA4FF
S31590045BF0E3A61CA407A7F9A32BA7D6A350A7B4A3DF
S31590045C0074A791A398A76EA3BDA74BA3E1A729A3B5
S31590045C1006A806A32AA8E4A24FA8C1A273A89FA285
S31590045C2098A87CA2BDA85AA2E2A838A206A916A250
S31590045C302BA9F4A150A9D2A175A9AFA19AA98EA115
S31590045C40BFA96CA1E5A94AA10AAA28A12FAA06A1CF
S31590045C5054AAE5A07AAAC3A09FAAA1A0C5AA80A087
S31590045C60EAAA5FA010AB3DA035AB1CA05BABFB9F33
S31590045C7081ABD99FA7ABB89FCCAB979FF2AB769FDE
S31590045C8018AC559F3EAC349F64AC139F8AACF29E7D
S31590045C90B1ACD29ED7ACB19EFDAC909E23AD709E16
S31590045CA04AAD4F9E70AD2F9E96AD0E9EBDADEE9DA8
S31590045CB0E3ADCE9D0AAEAE9D31AE8E9D57AE6D9D33
S31590045CC07EAE4D9DA5AE2D9DCCAE0D9DF3AEEE9CB8
S31590045CD01AAFCE9C40AFAE9C68AF8E9C8FAF6F9C34
S31590045CE0B6AF4F9CDDAF309C04B0109C2BB0F19BAB
S31590045CF053B0D29B7AB0B29BA1B0939BC9B0749B1C
S31590045D00F0B0559B18B1369B40B1179B67B1F89A82
S31590045D108FB1D99AB7B1BA9ADEB19C9A06B27D9AE6
S31590045D202EB25F9A56B2409A7EB2229AA6B2039A3D
S31590045D30CEB2E599F6B2C6991EB3A89947B38A9995
S31590045D406FB36C9997B34E99C0B33099E8B31299DF
S31590045D5010B4F49839B4D69861B4B9988AB49B9827
S31590045D60B3B47D98DBB4609804B542982DB5259864
S31590045D7056B508987EB5EA97A7B5CD97D0B5B0979E
S31590045D80F9B5939722B676974BB6599775B63C97CD
S31590045D909EB61F97C7B60297F0B6E69619B7C996F8
S31590045DA043B7AC966CB7909696B77396BFB757961B
S31590045DB0E9B73B9612B81E963CB8029665B8E69536
S31590045DC08FB8CA95B9B8AE95E3B892950CB976954D
S31590045DD036B95A9560B93E958AB92395B4B907955B
S31590045DE0DEB9EC9408BAD09432BAB5945CBA999464
S31590045DF087BA7E94B1BA6394DBBA479405BB2C9464
S31590045E0030BB11945ABBF69385BBDB93AFBBC0935F
S31590045E10DABBA69304BC8B932FBC70935ABC56934F
S31590045E2084BC3B93AFBC2193DABC069305BDEC923C
S31590045E302FBDD2925ABDB79285BD9D92B0BD839225
S31590045E40DBBD699206BE4F9231BE35925DBE1C9201
S31590045E5088BE0292B3BEE891DEBECF9109BFB591DA
S31590045E6035BF9C9160BF82918CBF6991B7BF5091A9
S31590045E70E2BF36910EC01D913AC0049165C0EB9075
S31590045E8091C0D290BCC0B990E8C0A09014C188903B
S31590045E9040C16F906CC1569097C13E90C3C12590F6
S31590045EA0EFC10D901BC2F58F47C2DC8F73C2C48FAE
S31590045EB09FC2AC8FCCC2948FF8C27C8F24C3648F5C
S31590045EC050C34C8F7CC3348FA9C31D8FD5C3058F04
S31590045ED002C4ED8E2EC4D68E5AC4BE8E87C4A78EA7
S31590045EE0B3C4908EE0C4798E0DC5618E39C54A8E41
S31590045EF066C5338E93C51C8EBFC5058EECC5EE8DD7
S31590045F0019C6D88D46C6C18D73C6AA8DA0C6948D62
S31590045F10CDC67D8DF9C6678D27C7508D54C73A8DEA
S31590045F2081C7248DAEC70E8DDBC7F88C08C8E28C6A
S31590045F3035C8CC8C63C8B68C90C8A08CBDC88A8CE6
S31590045F40EBC8758C18C95F8C45C94A8C73C9348C57
S31590045F50A0C91F8CCEC9098CFBC9F48B29CADF8BC7
S31590045F6057CACA8B84CAB58BB2CAA08BE0CA8B8B2C
S31590045F700DCB768B3BCB618B69CB4D8B97CB388B8B
S31590045F80C5CB248BF3CB0F8B21CCFB8A4FCCE68AE3
S31590045F907DCCD28AABCCBE8AD9CCAA8A07CD968A36
S31590045FA035CD828A63CD6E8A91CD5A8ABFCD468A83
S31590045FB0EECD338A1CCE1F8A4ACE0B8A79CEF889C7
S31590045FC0A7CEE489D5CED18904CFBE8932CFAB8909
S31590045FD061CF97898FCF8489BECF7189ECCF5F8942
S31590045FE01BD04C894AD0398978D02689A7D0148970
S31590045FF0D6D0018904D1EF8833D1DC8862D1CA889E
S3159004600091D1B888C0D1A588EED193881DD28188C4
S315900460104CD26F887BD25D88AAD24B88D9D23A88E3
S3159004602008D3288837D3168867D3058896D3F387F9
S31590046030C5D3E287F4D3D18723D4BF8752D4AE870E
S3159004604082D49D87B1D48C87E0D47B8710D56A8718
S315900460503FD559876ED549879ED53887CDD527871D
S31590046060FDD517872CD606875CD6F6868BD6E6861C
S31590046070BBD6D586EAD6C5861AD7B5864AD7A58617
S3159004608079D79586A9D78586D9D7758609D8668608
S3159004609038D8568668D8468698D83786C8D82786F4
S315900460A0F8D8188627D9098657D9FA8587D9EA85DB
S315900460B0B7D9DB85E7D9CC8517DABD8547DAAF85BD
S315900460C077DAA085A7DA9185D7DA828508DB748595
S315900460D038DB658568DB578598DB4985C8DB3A8567
S315900460E0F8DB2C8529DC1E8559DC108589DC028534
S315900460F0BADCF484EADCE6841ADDD9844BDDCB84FD
S315900461007BDDBD84ABDDB084DCDDA2840CDE9584BE
S315900461103DDE88846DDE7B849EDE6D84CEDE608477
S31590046120FFDE53842FDF468460DF3A8491DF2D842B
S31590046130C1DF2084F2DF148423E0078453E0FA83DA
S3159004614084E0EE83B5E0E283E6E0D68316E1C98384
S3159004615047E1BD8378E1B183A9E1A583DAE1998327
S315900461600AE28E833BE282836CE276839DE26B83C2
S31590046170CEE25F83FFE2548330E3488361E33D8359
S3159004618092E33283C3E32783F4E31C8325E41183E8
S3159004619056E4068387E4FB82B8E4F082E9E4E68277
S315900461A01BE5DB824CE5D0827DE5C682AEE5BC82FA
S315900461B0DFE5B18210E6A78242E69D8273E693827A
S315900461C0A4E68982D5E67F8207E7758238E76B82F3
S315900461D069E762829BE75882CCE74F82FDE7458266
S315900461E02FE83C8260E8328292E82982C3E82082D2
S315900461F0F5E8178226E90E8257E9058289E9FC813A
S31590046200BAE9F381ECE9EB811DEAE2814FEAD9819F
S3159004621080EAD181B2EAC881E4EAC08115EBB881FB
S3159004622047EBB08178EBA881AAEBA081DCEB98814F
S315900462300DEC90813FEC888171EC8081A2EC7981A0
S31590046240D4EC718106ED6A8137ED628169ED5B81EB
S315900462509BED5481CDED4C81FEED458130EE3E8132
S3159004626062EE378194EE3081C6EE2A81F7EE238171
S3159004627029EF1C815BEF16818DEF0F81BFEF0981AA
S31590046280F1EF028122F0FC8054F0F68086F0F080E3
S31590046290B8F0EA80EAF0E4801CF1DE804EF1D88012
S315900462A080F1D280B2F1CD80E4F1C78016F2C2803B
S315900462B048F2BC807AF2B780ACF2B280DEF2AC805F
S315900462C010F3A78042F3A28074F39D80A6F398807E
S315900462D0D8F394800AF48F803CF48A806EF4868096
S315900462E0A0F48180D2F47D8004F5788036F57480AC
S315900462F068F570809AF56C80CCF56880FFF56480BB
S3159004630031F6608063F65C8095F65880C7F65580C2
S31590046310F9F651802BF74E805DF74A8090F74780C7
S31590046320C2F74380F4F7408026F83D8058F83A80C7
S315900463308AF83780BDF83480EFF8318021F92F80C0
S3159004634053F92C8085F92980B8F92780EAF92580B4
S315900463501CFA22804EFA208080FA1E80B3FA1C80A2
S31590046360E5FA1A8017FB188049FB16807CFB14808B
S31590046370AEFB1280E0FB118012FC0F8045FC0D8071
S3159004638077FC0C80A9FC0B80DBFC09800EFD088051
S3159004639040FD078072FD0680A4FD0580D7FD04802C
S315900463A009FE03803BFE03806DFE0280A0FE018001
S315900463B0D2FE018004FF008036FF008069FF0080D2
S315900463C09BFF0080CDFF0080FF7F0000FD7F920140
S315900463D0F67F2403E97FB604D87F4706C27FD907A0
S315900463E0A77F6A09877FFB0A627F8B0C387F1B0E17
S315900463F0097FAB0FD57E39119D7EC8125F7E5514E9
S315900464001D7EE215D67D6D178A7DF818397D821A20
S31590046410E37C0B1C897C931D297C191FC57B9F20CB
S315900464205D7B2322EF7AA6237D7A2825057AA826F2
S315900464308A7926280979A32984781F2BFA77982CA8
S315900464406C77112ED976872F4176FB30A5756E32EF
S315900464500475DE335F744D35B573BA3607732438D5
S3159004646055728C399E71F23AE270563C2370B83D5F
S315900464705F6F173F966E7340CA6DCE41F96C254394
S31590046480246C7A444A6BCD456D6A1C478C6969487D
S31590046490A668B449BD67FB4ACF663F4CDD65814D1E
S315900464A0E864BF4EEF63FB4FF2623351F161695278
S315900464B0EC609B53E35FCA54D75EF555C75D1D5791
S315900464C0B45C42589D5B6459825A825A64599D5B66
S315900464D04258B45C1D57C75DF555D75ECA54E35F01
S315900464E09B53EC606952F1613351F262FB4FEF6357
S315900464F0BF4EE864814DDD653F4CCF66FB4ABD6770
S31590046500B449A66869488C691C476D6ACD454A6B3F
S315900465107A44246C2543F96CCE41CA6D7340966EC9
S31590046520173F5F6FB83D2370563CE270F23A9E7106
S315900465308C39557224380773BA36B5734D355F74F2
S31590046540DE3304756E32A575FB304176872FD97686
S31590046550112E6C77982CFA771F2B8478A3290979B6
S3159004656026288A79A826057A28257D7AA623EF7A7D
S3159004657023225D7B9F20C57B191F297C931D897CD3
S315900465800B1CE37C821A397DF8188A7D6D17D67DAB
S31590046590E2151D7E55145F7EC8129D7E3911D57EF7
S315900465A0AB0F097F1B0E387F8B0C627FFB0A877FAC
S315900465B06A09A77FD907C27F4706D87FB604E97FC1
S315900465C02403F67F9201FD7F0000FF7F6DFEFD7F21
S315900465D0DBFCF67F49FBE97FB8F9D87F26F8C27FC2
S315900465E095F6A77F04F5877F74F3627FE4F1387F8D
S315900465F054F0097FC6EED57E37ED9D7EAAEB5F7E7D
S315900466001DEA1D7E92E8D67D07E78A7D7DE5397D74
S31590046610F4E3E37C6CE2897CE6E0297C60DFC57B6D
S31590046620DCDD5D7B59DCEF7AD7DA7D7A57D9057A4A
S31590046630D9D78A795CD60979E0D4847867D3FA77FE
S31590046640EED16C7778D0D97604CF417691CDA57575
S3159004665021CC0475B2CA5F7445C9B573DBC7077399
S3159004666073C655720DC59E71A9C3E27047C2237055
S31590046670E8C05F6F8CBF966E31BECA6DDABCF96C9A
S3159004668085BB246C32BA4A6BE3B86D6A96B78C694B
S315900466904BB6A66804B5BD67C0B3CF667EB2DD655A
S315900466A040B1E86404B0EF63CCAEF26296ADF161AA
S315900466B064ACEC6035ABE35F0AAAD75EE2A8C75D2B
S315900466C0BDA7B45C9BA69D5B7DA5825A62A46459C2
S315900466D04BA3425838A21D5728A1F5551CA0CA545D
S315900466E0139F9B530E9E69520D9D3351109CFB4FE5
S315900466F0179BBF4E229A814D30993F4C4298FB4A44
S315900467005997B4497396694892951C47B594CD4563
S31590046710DB937A44069325433592CE41699173402F
S31590046720A090173FDC8FB83D1D8F563C618EF23A90
S31590046730AA8D8C39F88C24384A8CBA36A08B4D3570
S31590046740FB8ADE335A8A6E32BE89FB302689872FBE
S315900467509388112E0588982C7B871F2BF686A32960
S3159004676075862628FA85A826828528251085A62347
S31590046770A28423223A849F20D683191F7683931D5D
S315900467801C830B1CC682821A7582F81829826D178F
S31590046790E281E215A08155146281C8122A813911C9
S315900467A0F680AB0FC7801B0E9D808B0C7880FB0AFE
S315900467B058806A093D80D907278047061680B60413
S315900467C009802403028092010080000002806DFEFD
S315900467D00980DBFC168049FB2780B8F93D8026F8B2
S315900467E0588095F6788004F59D8074F3C780E4F11B
S315900467F0F68054F02A81C6EE628137EDA081AAEB29
S31590046800E2811DEA298292E8758207E7C6827DE5D0
S315900468101C83F4E376836CE2D683E6E03A8460DF05
S31590046820A284DCDD108559DC8285D7DAFA8557D9BE
S315900468307586D9D7F6865CD67B87E0D4058867D3E8
S315900468409388EED1268978D0BE8904CF5A8A91CD81
S31590046850FB8A21CCA08BB2CA4A8C45C9F88CDBC77B
S31590046860AA8D73C6618E0DC51D8FA9C3DC8F47C2D1
S31590046870A090E8C069918CBF359231BE0693DABC7C
S31590046880DB9385BBB59432BA9295E3B8739696B773
S3159004689059974BB6429804B53099C0B3229A7EB2B2
S315900468A0179B40B1109C04B00D9DCCAE0E9E96AD38
S315900468B0139F64AC1CA035AB28A10AAA38A2E2A8FF
S315900468C04BA3BDA762A49BA67DA57DA59BA662A40A
S315900468D0BDA74BA3E2A838A20AAA28A135AB1CA04F
S315900468E064AC139F96AD0E9ECCAE0D9D04B0109CD9
S315900468F040B1179B7EB2229AC0B3309904B54298A0
S315900469004BB6599796B77396E3B8929532BAB594AF
S3159004691085BBDB93DABC069331BE35928CBF699105
S31590046920E8C0A09047C2DC8FA9C31D8F0DC5618EA8
S3159004693073C6AA8DDBC7F88C45C94A8CB2CAA08B9C
S3159004694021CCFB8A91CD5A8A04CFBE8978D02689E8
S31590046950EED1938867D30588E0D47B875CD6F68698
S31590046960D9D7758657D9FA85D7DA828559DC1085B1
S31590046970DCDDA28460DF3A84E6E0D6836CE276833B
S31590046980F4E31C837DE5C68207E7758292E8298243
S315900469901DEAE281AAEBA08137ED6281C6EE2A81D7
S315900469A054F0F680E4F1C78074F39D8004F5788002
S315900469B095F6588026F83D80B8F9278049FB1680CD
S315900469C0DBFC09806DFE0280FF7F0000627F8B0CEA
S315900469D08A7DF8187D7A28254176FB30E270563CFC
S315900469E06D6A1C47F2623351825A825A3351F2626B
S315900469F01C476D6A563CE270FB30417628257D7AB9
S31590046A00F8188A7D8B0C627F0000FF7F74F3627F97
S31590046A1007E78A7DD7DA7D7A04CF4176A9C3E270F7
S31590046A20E3B86D6ACCAEF2627DA5825A0D9D335160
S31590046A3092951C471D8F563CBE89FB30828528252E
S31590046A407582F8189D808B0C008000009D8074F3ED
S31590046A50758207E78285D7DABE8904CF1D8FA9C3CD
S31590046A609295E3B80D9DCCAE7DA57DA5CCAE0D9D3E
S31590046A70E3B89295A9C31D8F04CFBE89D7DA8285D0
S31590046A8007E7758274F39D80002020202020202023
S31590046A902020282828282820202020202020202034
S31590046AA02020202020202020208810101010101044
S31590046AB01010101010101010100404040404040490
S31590046AC0040404101010101010104141414141412A
S31590046AD0010101010101010101010101010101010C
S31590046AE0010101011010101010104242424242421C
S31590046AF002020202020202020202020202020202DC
S31590046B000202020210101010200000000000000083
S31590046B1000000000000000000000000000000000DB
S31590046B2000000000000000000000000000000000CB
S31590046B3000000000000000000000000000000000BB
S31590046B4000000000000000000000000000000000AB
S31590046B50000000000000000000000000000000009B
S31590046B60000000000000000000000000000000008B
S31590046B70000000000000000000000000000000007B
S31590046B80000000000000000000000000000000006B
S31590046B901F0000003B0000005A000000780000002F
S31590046BA097000000B5000000D4000000F300000038
S31590046BB011010000300100004E0100001F0000008A
S31590046BC01C0000001F0000001E0000001F000000B3
S31590046BD01E0000001F0000001F0000001E000000A1
S31590046BE01F0000001E0000001F0000001F00000090
S31590046BF01C0000001F0000001E0000001F00000083
S31590046C001E0000001F0000001F0000001E00000070
S31590046C101F0000001E0000001F0000001F0000005F
S31590046C201D0000001F0000001E0000001F00000051
S31590046C301E0000001F0000001F0000001E00000040
S31590046C401F0000001E0000001F0000004C47039028
S30D90046C504F470390524703904D
S7050800965DFF
